seed,rep,model,condition,subgroup,mse_de20,pearson_delta,pearson_delta_de20,direction_de20
1,0,No change,CREB1+ctrl,unseen_single,0.48883262276649475,,,0.0
1,0,No change,BHLHE40+ctrl,unseen_single,0.5809391736984253,,,0.0
1,0,No change,DDIT3+ctrl,unseen_single,0.49771660566329956,,,0.0
1,0,No change,HARS+ctrl,unseen_single,0.7855995893478394,,,0.0
1,0,No change,DAD1+ctrl,unseen_single,0.2969568967819214,,,0.0
1,0,No change,DDRGK1+ctrl,unseen_single,0.20660996437072754,,,0.0
1,0,No change,SAMM50+ctrl,unseen_single,0.23117610812187195,,,0.0
1,0,No change,CAD+ctrl,unseen_single,0.5138441324234009,,,0.0
1,0,No change,GNPNAT1+ctrl,unseen_single,0.2247224599123001,,,0.0
1,0,No change,TTI2+ctrl,unseen_single,0.21260881423950195,,,0.0
1,0,No change,MANF+ctrl,unseen_single,0.25696802139282227,,,0.0
1,0,No change,TARS+ctrl,unseen_single,0.25597506761550903,,,0.0
1,0,No change,EIF2B2+ctrl,unseen_single,0.6166903972625732,,,0.0
1,0,No change,ARHGAP22+ctrl,unseen_single,0.2063310593366623,,,0.0
1,0,No change,SRP72+ctrl,unseen_single,0.2652563154697418,,,0.0
1,0,No change,TMED10+ctrl,unseen_single,0.1951393187046051,,,0.0
1,0,No change,COPB1+ctrl,unseen_single,0.21927177906036377,,,0.0
1,0,No change,FECH+ctrl,unseen_single,0.21147140860557556,,,0.0
1,0,No change,DHDDS+ctrl,unseen_single,0.7274757027626038,,,0.0
1,0,No change,CARS+ctrl,unseen_single,1.1240012645721436,,,0.0
1,0,No change,TMED2+ctrl,unseen_single,0.26126354932785034,,,0.0
1,0,Train mean,CREB1+ctrl,unseen_single,0.8779658079147339,-0.4895561933517456,-0.8450855612754822,0.05
1,0,Train mean,BHLHE40+ctrl,unseen_single,0.9540761709213257,-0.41375085711479187,-0.8276013135910034,0.1
1,0,Train mean,DDIT3+ctrl,unseen_single,0.8744819760322571,-0.5051888227462769,-0.8398727178573608,0.05
1,0,Train mean,HARS+ctrl,unseen_single,0.3840252757072449,0.642433762550354,0.892345666885376,1.0
1,0,Train mean,DAD1+ctrl,unseen_single,0.14611376821994781,0.8835612535476685,0.6315234303474426,0.95
1,0,Train mean,DDRGK1+ctrl,unseen_single,0.03418312966823578,0.9103201627731323,0.8929919600486755,0.95
1,0,Train mean,SAMM50+ctrl,unseen_single,0.027323711663484573,0.8480654358863831,0.9551880955696106,1.0
1,0,Train mean,CAD+ctrl,unseen_single,0.23497822880744934,0.5852950811386108,0.8584912419319153,0.95
1,0,Train mean,GNPNAT1+ctrl,unseen_single,0.01452967245131731,0.8639199733734131,0.975628137588501,1.0
1,0,Train mean,TTI2+ctrl,unseen_single,0.011915787123143673,0.8933646082878113,0.9768505096435547,0.95
1,0,Train mean,MANF+ctrl,unseen_single,0.04517890140414238,0.8964465260505676,0.902961254119873,1.0
1,0,Train mean,TARS+ctrl,unseen_single,0.14024388790130615,0.8220073580741882,0.6671468615531921,0.9
1,0,Train mean,EIF2B2+ctrl,unseen_single,0.27808859944343567,0.7481948733329773,0.8260264992713928,0.95
1,0,Train mean,ARHGAP22+ctrl,unseen_single,0.022700529545545578,0.8956793546676636,0.9525277614593506,1.0
1,0,Train mean,SRP72+ctrl,unseen_single,0.06729285418987274,0.8294689059257507,0.8266544342041016,1.0
1,0,Train mean,TMED10+ctrl,unseen_single,0.02853214368224144,0.9186230897903442,0.905572235584259,0.95
1,0,Train mean,COPB1+ctrl,unseen_single,0.017246020957827568,0.8706389665603638,0.9761212468147278,1.0
1,0,Train mean,FECH+ctrl,unseen_single,0.026276126503944397,0.8491171598434448,0.9284204244613647,1.0
1,0,Train mean,DHDDS+ctrl,unseen_single,0.46632272005081177,0.7365336418151855,0.6533069610595703,0.9
1,0,Train mean,CARS+ctrl,unseen_single,0.576728343963623,0.6688777804374695,0.8838517069816589,0.95
1,0,Train mean,TMED2+ctrl,unseen_single,0.06333564221858978,0.8957162499427795,0.8457317352294922,1.0
1,0,Additive,CREB1+ctrl,unseen_single,0.8828786611557007,-0.48998162150382996,-0.8472152352333069,0.05
1,0,Additive,BHLHE40+ctrl,unseen_single,0.9588263630867004,-0.4109902083873749,-0.8261404037475586,0.1
1,0,Additive,DDIT3+ctrl,unseen_single,0.8787182569503784,-0.5058326125144958,-0.8409340977668762,0.05
1,0,Additive,HARS+ctrl,unseen_single,0.3608473241329193,0.6657178997993469,0.9096542000770569,1.0
1,0,Additive,DAD1+ctrl,unseen_single,0.1470925509929657,0.8722521066665649,0.6272985935211182,0.95
1,0,Additive,DDRGK1+ctrl,unseen_single,0.03486017510294914,0.8998624682426453,0.8897274732589722,0.95
1,0,Additive,SAMM50+ctrl,unseen_single,0.025845978409051895,0.8564124703407288,0.9567983150482178,1.0
1,0,Additive,CAD+ctrl,unseen_single,0.2409711331129074,0.5674415826797485,0.8475868105888367,0.95
1,0,Additive,GNPNAT1+ctrl,unseen_single,0.015255486592650414,0.8496108055114746,0.9725831151008606,1.0
1,0,Additive,TTI2+ctrl,unseen_single,0.01247306540608406,0.8789144158363342,0.9739224910736084,0.95
1,0,Additive,MANF+ctrl,unseen_single,0.04629778116941452,0.8832429051399231,0.8994475603103638,1.0
1,0,Additive,TARS+ctrl,unseen_single,0.13859282433986664,0.8342375159263611,0.6740031838417053,0.9
1,0,Additive,EIF2B2+ctrl,unseen_single,0.2566204071044922,0.7723774909973145,0.850517988204956,0.95
1,0,Additive,ARHGAP22+ctrl,unseen_single,0.023274945095181465,0.886941134929657,0.9498313069343567,1.0
1,0,Additive,SRP72+ctrl,unseen_single,0.06854473054409027,0.8171072006225586,0.8217410445213318,1.0
1,0,Additive,TMED10+ctrl,unseen_single,0.02906293235719204,0.9101365804672241,0.9026429057121277,0.95
1,0,Additive,COPB1+ctrl,unseen_single,0.01735186204314232,0.8676544427871704,0.9749626517295837,1.0
1,0,Additive,FECH+ctrl,unseen_single,0.02260991744697094,0.8467585444450378,0.9393807649612427,1.0
1,0,Additive,DHDDS+ctrl,unseen_single,0.46313008666038513,0.7474161982536316,0.6527073383331299,0.9
1,0,Additive,CARS+ctrl,unseen_single,0.54618239402771,0.6956220269203186,0.9007148146629333,0.95
1,0,Additive,TMED2+ctrl,unseen_single,0.06492719054222107,0.8856635689735413,0.8399237394332886,1.0
1,0,Linear (PCA),CREB1+ctrl,unseen_single,0.7906869250814681,-0.4438623432345977,-0.7819129201949384,0.05
1,0,Linear (PCA),BHLHE40+ctrl,unseen_single,0.6933014731598952,-0.2972126563769758,-0.5069259517437225,0.35
1,0,Linear (PCA),DDIT3+ctrl,unseen_single,0.31990369478837294,0.18210055133067268,0.6286329765286955,0.4
1,0,Linear (PCA),HARS+ctrl,unseen_single,0.31928920766091695,0.736842414489756,0.9232584061681695,1.0
1,0,Linear (PCA),DAD1+ctrl,unseen_single,0.1411353680390638,0.8967915658543505,0.6870164378034449,0.95
1,0,Linear (PCA),DDRGK1+ctrl,unseen_single,0.03650841288517891,0.8299950183272536,0.9099201288215754,1.0
1,0,Linear (PCA),SAMM50+ctrl,unseen_single,0.021780039136457086,0.8549508033611755,0.9635926028632276,1.0
1,0,Linear (PCA),CAD+ctrl,unseen_single,0.2715544753943687,0.4850623084553404,0.7961555602955807,0.95
1,0,Linear (PCA),GNPNAT1+ctrl,unseen_single,0.018494864389192556,0.8103013018950409,0.9639862031904921,1.0
1,0,Linear (PCA),TTI2+ctrl,unseen_single,0.016368280487794658,0.8606620055014733,0.9690650791813755,0.95
1,0,Linear (PCA),MANF+ctrl,unseen_single,0.07828971465056918,0.9168268723739227,0.9162341306672996,1.0
1,0,Linear (PCA),TARS+ctrl,unseen_single,0.13612028694684358,0.8342061708056914,0.700585805865232,0.9
1,0,Linear (PCA),EIF2B2+ctrl,unseen_single,0.20371349858456025,0.8632519988621374,0.9270920213485391,1.0
1,0,Linear (PCA),ARHGAP22+ctrl,unseen_single,0.020516097327158894,0.8411378119690354,0.9517876357278982,0.95
1,0,Linear (PCA),SRP72+ctrl,unseen_single,0.06610846859513682,0.7969380722694578,0.8236171649253249,1.0
1,0,Linear (PCA),TMED10+ctrl,unseen_single,0.025860124686132392,0.9248693574324715,0.9261887454009324,0.95
1,0,Linear (PCA),COPB1+ctrl,unseen_single,0.01819167913420785,0.8778871219750769,0.9795843388471128,1.0
1,0,Linear (PCA),FECH+ctrl,unseen_single,0.011824277456690197,0.8350169259444585,0.9775696132718806,1.0
1,0,Linear (PCA),DHDDS+ctrl,unseen_single,0.5008903784847045,0.7426190021109332,0.6109422076244068,0.85
1,0,Linear (PCA),CARS+ctrl,unseen_single,0.40947853017487634,0.8289145363544032,0.9603046127955407,0.95
1,0,Linear (PCA),TMED2+ctrl,unseen_single,0.05396616779184558,0.8522583035418138,0.8640455605842258,1.0
1,0,Linear (ctrl emb.),CREB1+ctrl,unseen_single,0.8677969895176455,-0.479156248772518,-0.8417434354065604,0.05
1,0,Linear (ctrl emb.),BHLHE40+ctrl,unseen_single,0.9266480041473821,-0.4016051890562777,-0.818661431270352,0.1
1,0,Linear (ctrl emb.),DDIT3+ctrl,unseen_single,0.8357538675053171,-0.48898684863567843,-0.8235758064995893,0.05
1,0,Linear (ctrl emb.),HARS+ctrl,unseen_single,0.3553681421728522,0.6670556410695764,0.9093772889207837,1.0
1,0,Linear (ctrl emb.),DAD1+ctrl,unseen_single,0.1463352926015236,0.9057455077935183,0.6303168552627271,0.95
1,0,Linear (ctrl emb.),DDRGK1+ctrl,unseen_single,0.03444433926450622,0.9064046922584517,0.8943005854521362,0.95
1,0,Linear (ctrl emb.),SAMM50+ctrl,unseen_single,0.026753763516981048,0.8538879619814094,0.9564653787963234,1.0
1,0,Linear (ctrl emb.),CAD+ctrl,unseen_single,0.2330198267947111,0.5847159734983861,0.8591441030130863,0.95
1,0,Linear (ctrl emb.),GNPNAT1+ctrl,unseen_single,0.015649515278174823,0.8620860175328301,0.9747743331801666,1.0
1,0,Linear (ctrl emb.),TTI2+ctrl,unseen_single,0.01158372001656573,0.9023305756989494,0.9789299978828435,0.95
1,0,Linear (ctrl emb.),MANF+ctrl,unseen_single,0.046057402511706085,0.8982513706911731,0.8932683331688864,1.0
1,0,Linear (ctrl emb.),TARS+ctrl,unseen_single,0.13755200159165396,0.840361670215141,0.6781984768052635,0.9
1,0,Linear (ctrl emb.),EIF2B2+ctrl,unseen_single,0.2707087553410982,0.7585785357501449,0.8381770694401879,0.95
1,0,Linear (ctrl emb.),ARHGAP22+ctrl,unseen_single,0.022752292501578765,0.8855533906155266,0.9510895739749253,1.0
1,0,Linear (ctrl emb.),SRP72+ctrl,unseen_single,0.06861014127443894,0.8226036793215278,0.8224910838562256,1.0
1,0,Linear (ctrl emb.),TMED10+ctrl,unseen_single,0.02725422636254795,0.9250706982493804,0.9081673405055181,0.95
1,0,Linear (ctrl emb.),COPB1+ctrl,unseen_single,0.017263495029769885,0.8710528836007462,0.976016933369797,1.0
1,0,Linear (ctrl emb.),FECH+ctrl,unseen_single,0.026643485262822442,0.8439067118484028,0.9288763324753605,1.0
1,0,Linear (ctrl emb.),DHDDS+ctrl,unseen_single,0.4704049787558745,0.7281533702791039,0.6495784800861262,0.9
1,0,Linear (ctrl emb.),CARS+ctrl,unseen_single,0.5416453038500092,0.7146490100535905,0.9066820810411641,0.95
1,0,Linear (ctrl emb.),TMED2+ctrl,unseen_single,0.06247369514980727,0.9113545623777859,0.8460127671171014,1.0
1,0,GCP-Mamba,CREB1+ctrl,unseen_single,0.8762896656990051,-0.4912858307361603,-0.844113826751709,0.05
1,0,GCP-Mamba,BHLHE40+ctrl,unseen_single,0.939308762550354,-0.39182060956954956,-0.8222528100013733,0.1
1,0,GCP-Mamba,DDIT3+ctrl,unseen_single,0.8825390934944153,-0.5568833947181702,-0.8355865478515625,0.0
1,0,GCP-Mamba,HARS+ctrl,unseen_single,0.3450503647327423,0.7343931198120117,0.9298936128616333,1.0
1,0,GCP-Mamba,DAD1+ctrl,unseen_single,0.14731493592262268,0.8980241417884827,0.6261558532714844,0.95
1,0,GCP-Mamba,DDRGK1+ctrl,unseen_single,0.030193176120519638,0.9184814095497131,0.8998879194259644,1.0
1,0,GCP-Mamba,SAMM50+ctrl,unseen_single,0.028500255197286606,0.862084686756134,0.9562837481498718,1.0
1,0,GCP-Mamba,CAD+ctrl,unseen_single,0.24296629428863525,0.5650848746299744,0.8449256420135498,0.95
1,0,GCP-Mamba,GNPNAT1+ctrl,unseen_single,0.012655586004257202,0.8683423399925232,0.977308452129364,1.0
1,0,GCP-Mamba,TTI2+ctrl,unseen_single,0.015642406418919563,0.8678205013275146,0.9726328253746033,0.95
1,0,GCP-Mamba,MANF+ctrl,unseen_single,0.03878401964902878,0.9157145619392395,0.8989447951316833,1.0
1,0,GCP-Mamba,TARS+ctrl,unseen_single,0.14278371632099152,0.8337351679801941,0.674248456954956,0.9
1,0,GCP-Mamba,EIF2B2+ctrl,unseen_single,0.2565065324306488,0.7995151281356812,0.8583343029022217,0.95
1,0,GCP-Mamba,ARHGAP22+ctrl,unseen_single,0.022685285657644272,0.8930237889289856,0.9518297910690308,0.95
1,0,GCP-Mamba,SRP72+ctrl,unseen_single,0.07014472782611847,0.8113763332366943,0.8212948441505432,1.0
1,0,GCP-Mamba,TMED10+ctrl,unseen_single,0.024149172008037567,0.933193027973175,0.9126851558685303,0.95
1,0,GCP-Mamba,COPB1+ctrl,unseen_single,0.017281387001276016,0.87235426902771,0.975605845451355,1.0
1,0,GCP-Mamba,FECH+ctrl,unseen_single,0.02620997466146946,0.8368070721626282,0.9313786029815674,1.0
1,0,GCP-Mamba,DHDDS+ctrl,unseen_single,0.46155720949172974,0.7463260293006897,0.6482046246528625,0.9
1,0,GCP-Mamba,CARS+ctrl,unseen_single,0.5217434763908386,0.7849768400192261,0.9257684946060181,0.95
1,0,GCP-Mamba,TMED2+ctrl,unseen_single,0.05859692022204399,0.9068616628646851,0.8458301424980164,1.0
1,0,GCP-Mamba (Delta only),CREB1+ctrl,unseen_single,0.8803245425224304,-0.4948502779006958,-0.8423080444335938,0.05
1,0,GCP-Mamba (Delta only),BHLHE40+ctrl,unseen_single,0.9181985855102539,-0.3653896749019623,-0.8135531544685364,0.1
1,0,GCP-Mamba (Delta only),DDIT3+ctrl,unseen_single,0.8538575172424316,-0.5239376425743103,-0.8392036557197571,0.0
1,0,GCP-Mamba (Delta only),HARS+ctrl,unseen_single,0.3241121470928192,0.7656257152557373,0.9342033267021179,1.0
1,0,GCP-Mamba (Delta only),DAD1+ctrl,unseen_single,0.15286290645599365,0.8931307196617126,0.6169725656509399,0.95
1,0,GCP-Mamba (Delta only),DDRGK1+ctrl,unseen_single,0.030284905806183815,0.8965932130813599,0.9066047072410583,1.0
1,0,GCP-Mamba (Delta only),SAMM50+ctrl,unseen_single,0.024879831820726395,0.8688271641731262,0.9623309969902039,1.0
1,0,GCP-Mamba (Delta only),CAD+ctrl,unseen_single,0.2487182915210724,0.5286335945129395,0.8276366591453552,0.95
1,0,GCP-Mamba (Delta only),GNPNAT1+ctrl,unseen_single,0.01602858677506447,0.8615900278091431,0.9775163531303406,1.0
1,0,GCP-Mamba (Delta only),TTI2+ctrl,unseen_single,0.013047127053141594,0.879162073135376,0.9734012484550476,0.95
1,0,GCP-Mamba (Delta only),MANF+ctrl,unseen_single,0.044518209993839264,0.9012079834938049,0.8840886354446411,1.0
1,0,GCP-Mamba (Delta only),TARS+ctrl,unseen_single,0.13590343296527863,0.8382670879364014,0.6934472322463989,0.9
1,0,GCP-Mamba (Delta only),EIF2B2+ctrl,unseen_single,0.25462716817855835,0.7958185076713562,0.8467820286750793,0.95
1,0,GCP-Mamba (Delta only),ARHGAP22+ctrl,unseen_single,0.022442659363150597,0.8935837745666504,0.9505113959312439,0.95
1,0,GCP-Mamba (Delta only),SRP72+ctrl,unseen_single,0.07996078580617905,0.773296594619751,0.8191165328025818,1.0
1,0,GCP-Mamba (Delta only),TMED10+ctrl,unseen_single,0.022658225148916245,0.9268913865089417,0.9177027940750122,0.95
1,0,GCP-Mamba (Delta only),COPB1+ctrl,unseen_single,0.01697159931063652,0.8687388300895691,0.9762189388275146,1.0
1,0,GCP-Mamba (Delta only),FECH+ctrl,unseen_single,0.024884436279535294,0.8284146189689636,0.9384934902191162,1.0
1,0,GCP-Mamba (Delta only),DHDDS+ctrl,unseen_single,0.47345414757728577,0.7325481176376343,0.6389172673225403,0.9
1,0,GCP-Mamba (Delta only),CARS+ctrl,unseen_single,0.4893855154514313,0.8307319283485413,0.9400160312652588,0.95
1,0,GCP-Mamba (Delta only),TMED2+ctrl,unseen_single,0.057672448456287384,0.8818982839584351,0.8523041605949402,1.0
1,0,GCP-Mamba (perm. graph),CREB1+ctrl,unseen_single,0.8699593544006348,-0.4842694401741028,-0.8418607115745544,0.05
1,0,GCP-Mamba (perm. graph),BHLHE40+ctrl,unseen_single,0.9297453761100769,-0.3831998109817505,-0.8224461078643799,0.1
1,0,GCP-Mamba (perm. graph),DDIT3+ctrl,unseen_single,0.8706868886947632,-0.5003431439399719,-0.8373463153839111,0.05
1,0,GCP-Mamba (perm. graph),HARS+ctrl,unseen_single,0.3404039740562439,0.7422931790351868,0.9317977428436279,1.0
1,0,GCP-Mamba (perm. graph),DAD1+ctrl,unseen_single,0.14611488580703735,0.8993753790855408,0.633278489112854,0.95
1,0,GCP-Mamba (perm. graph),DDRGK1+ctrl,unseen_single,0.030821025371551514,0.9218564033508301,0.8998491764068604,1.0
1,0,GCP-Mamba (perm. graph),SAMM50+ctrl,unseen_single,0.027315184473991394,0.859635591506958,0.9590870141983032,1.0
1,0,GCP-Mamba (perm. graph),CAD+ctrl,unseen_single,0.2430732250213623,0.5607287883758545,0.8439046740531921,0.95
1,0,GCP-Mamba (perm. graph),GNPNAT1+ctrl,unseen_single,0.012882198207080364,0.8668451905250549,0.9777102470397949,1.0
1,0,GCP-Mamba (perm. graph),TTI2+ctrl,unseen_single,0.015526140108704567,0.8644348978996277,0.9714896082878113,0.95
1,0,GCP-Mamba (perm. graph),MANF+ctrl,unseen_single,0.038773730397224426,0.905109703540802,0.899091362953186,1.0
1,0,GCP-Mamba (perm. graph),TARS+ctrl,unseen_single,0.13944599032402039,0.8398296236991882,0.6784741878509521,0.9
1,0,GCP-Mamba (perm. graph),EIF2B2+ctrl,unseen_single,0.25557035207748413,0.8057759404182434,0.8574881553649902,0.95
1,0,GCP-Mamba (perm. graph),ARHGAP22+ctrl,unseen_single,0.022706221789121628,0.8901275992393494,0.9517718553543091,1.0
1,0,GCP-Mamba (perm. graph),SRP72+ctrl,unseen_single,0.07048286497592926,0.8076669573783875,0.822001039981842,1.0
1,0,GCP-Mamba (perm. graph),TMED10+ctrl,unseen_single,0.02409323677420616,0.9351603388786316,0.9148812294006348,0.95
1,0,GCP-Mamba (perm. graph),COPB1+ctrl,unseen_single,0.017421109601855278,0.8716549277305603,0.9755469560623169,1.0
1,0,GCP-Mamba (perm. graph),FECH+ctrl,unseen_single,0.024770356714725494,0.8379277586936951,0.9365395903587341,1.0
1,0,GCP-Mamba (perm. graph),DHDDS+ctrl,unseen_single,0.46442776918411255,0.7455974221229553,0.6428337693214417,0.9
1,0,GCP-Mamba (perm. graph),CARS+ctrl,unseen_single,0.5243034362792969,0.7822343111038208,0.9269083738327026,0.95
1,0,GCP-Mamba (perm. graph),TMED2+ctrl,unseen_single,0.05808953195810318,0.902570903301239,0.8481407761573792,1.0
1,0,GCP-Mamba (random order),CREB1+ctrl,unseen_single,0.8712126612663269,-0.48524144291877747,-0.841529369354248,0.05
1,0,GCP-Mamba (random order),BHLHE40+ctrl,unseen_single,0.9346233606338501,-0.3787304162979126,-0.819649338722229,0.1
1,0,GCP-Mamba (random order),DDIT3+ctrl,unseen_single,0.8757103681564331,-0.5588134527206421,-0.8321742415428162,0.0
1,0,GCP-Mamba (random order),HARS+ctrl,unseen_single,0.34514111280441284,0.7344436645507812,0.9303921461105347,1.0
1,0,GCP-Mamba (random order),DAD1+ctrl,unseen_single,0.1488482505083084,0.900458574295044,0.6232293248176575,0.95
1,0,GCP-Mamba (random order),DDRGK1+ctrl,unseen_single,0.030595239251852036,0.9188587069511414,0.8996615409851074,1.0
1,0,GCP-Mamba (random order),SAMM50+ctrl,unseen_single,0.028310954570770264,0.8649226427078247,0.9557026028633118,1.0
1,0,GCP-Mamba (random order),CAD+ctrl,unseen_single,0.24055548012256622,0.5704548358917236,0.8476483821868896,0.95
1,0,GCP-Mamba (random order),GNPNAT1+ctrl,unseen_single,0.012945917434990406,0.8704108595848083,0.9775781035423279,1.0
1,0,GCP-Mamba (random order),TTI2+ctrl,unseen_single,0.01601795293390751,0.8683716058731079,0.9726084470748901,0.95
1,0,GCP-Mamba (random order),MANF+ctrl,unseen_single,0.03870764002203941,0.9222044348716736,0.9017016887664795,1.0
1,0,GCP-Mamba (random order),TARS+ctrl,unseen_single,0.142972931265831,0.8340290784835815,0.6728429198265076,0.9
1,0,GCP-Mamba (random order),EIF2B2+ctrl,unseen_single,0.2602531909942627,0.7941548824310303,0.8542982339859009,0.95
1,0,GCP-Mamba (random order),ARHGAP22+ctrl,unseen_single,0.022696444764733315,0.8936314582824707,0.9509702920913696,0.95
1,0,GCP-Mamba (random order),SRP72+ctrl,unseen_single,0.06916230171918869,0.815265417098999,0.8224800825119019,1.0
1,0,GCP-Mamba (random order),TMED10+ctrl,unseen_single,0.025197887793183327,0.935808002948761,0.9113264083862305,0.95
1,0,GCP-Mamba (random order),COPB1+ctrl,unseen_single,0.01741003803908825,0.8707955479621887,0.9752541780471802,1.0
1,0,GCP-Mamba (random order),FECH+ctrl,unseen_single,0.02637346088886261,0.837866485118866,0.9305736422538757,1.0
1,0,GCP-Mamba (random order),DHDDS+ctrl,unseen_single,0.4629595875740051,0.7424982786178589,0.6479660272598267,0.9
1,0,GCP-Mamba (random order),CARS+ctrl,unseen_single,0.5244140028953552,0.7865324020385742,0.9251779913902283,0.95
1,0,GCP-Mamba (random order),TMED2+ctrl,unseen_single,0.05925147980451584,0.9095146656036377,0.8452797532081604,1.0
1,0,Mamba (no graph),CREB1+ctrl,unseen_single,0.8699976801872253,-0.48964083194732666,-0.8396146893501282,0.1
1,0,Mamba (no graph),BHLHE40+ctrl,unseen_single,0.9422730207443237,-0.40659424662590027,-0.8131877183914185,0.1
1,0,Mamba (no graph),DDIT3+ctrl,unseen_single,0.8589540719985962,-0.5113295316696167,-0.8323089480400085,0.1
1,0,Mamba (no graph),HARS+ctrl,unseen_single,0.3408847451210022,0.7524852156639099,0.9320546388626099,1.0
1,0,Mamba (no graph),DAD1+ctrl,unseen_single,0.15224912762641907,0.8949024081230164,0.6144621968269348,0.95
1,0,Mamba (no graph),DDRGK1+ctrl,unseen_single,0.03480011969804764,0.9125143885612488,0.8932221531867981,0.95
1,0,Mamba (no graph),SAMM50+ctrl,unseen_single,0.02710432931780815,0.8619198203086853,0.9612139463424683,1.0
1,0,Mamba (no graph),CAD+ctrl,unseen_single,0.24577829241752625,0.543705403804779,0.8410078287124634,0.95
1,0,Mamba (no graph),GNPNAT1+ctrl,unseen_single,0.01451987586915493,0.8642247915267944,0.9784564971923828,1.0
1,0,Mamba (no graph),TTI2+ctrl,unseen_single,0.014130033552646637,0.8738170862197876,0.9741473197937012,0.95
1,0,Mamba (no graph),MANF+ctrl,unseen_single,0.03826718404889107,0.9273155927658081,0.9097777605056763,1.0
1,0,Mamba (no graph),TARS+ctrl,unseen_single,0.13763651251792908,0.82746422290802,0.6778083443641663,0.9
1,0,Mamba (no graph),EIF2B2+ctrl,unseen_single,0.26329949498176575,0.8017223477363586,0.8478732109069824,0.95
1,0,Mamba (no graph),ARHGAP22+ctrl,unseen_single,0.023345518857240677,0.895047128200531,0.9514026641845703,0.95
1,0,Mamba (no graph),SRP72+ctrl,unseen_single,0.06837104260921478,0.8086041212081909,0.8288271427154541,1.0
1,0,Mamba (no graph),TMED10+ctrl,unseen_single,0.024376392364501953,0.9341080188751221,0.9129676818847656,0.95
1,0,Mamba (no graph),COPB1+ctrl,unseen_single,0.01755976863205433,0.8680488467216492,0.9752315878868103,1.0
1,0,Mamba (no graph),FECH+ctrl,unseen_single,0.02535361610352993,0.8399531841278076,0.9337980151176453,1.0
1,0,Mamba (no graph),DHDDS+ctrl,unseen_single,0.4750078320503235,0.7348102331161499,0.6428340077400208,0.9
1,0,Mamba (no graph),CARS+ctrl,unseen_single,0.5080534815788269,0.8149235844612122,0.9319872260093689,0.95
1,0,Mamba (no graph),TMED2+ctrl,unseen_single,0.05571793392300606,0.9093416333198547,0.8557258248329163,1.0
1,0,Graph-MLP (no scan),CREB1+ctrl,unseen_single,0.8748606443405151,-0.4792270064353943,-0.8433259129524231,0.05
1,0,Graph-MLP (no scan),BHLHE40+ctrl,unseen_single,0.9433354139328003,-0.40143486857414246,-0.8268505334854126,0.1
1,0,Graph-MLP (no scan),DDIT3+ctrl,unseen_single,0.890987753868103,-0.5534089803695679,-0.8408029079437256,0.05
1,0,Graph-MLP (no scan),HARS+ctrl,unseen_single,0.380505234003067,0.6666547060012817,0.9054322838783264,1.0
1,0,Graph-MLP (no scan),DAD1+ctrl,unseen_single,0.14938326179981232,0.8865091800689697,0.6262121200561523,0.95
1,0,Graph-MLP (no scan),DDRGK1+ctrl,unseen_single,0.03191675618290901,0.9060125350952148,0.8975151777267456,1.0
1,0,Graph-MLP (no scan),SAMM50+ctrl,unseen_single,0.029195511713624,0.8409290313720703,0.9559796452522278,1.0
1,0,Graph-MLP (no scan),CAD+ctrl,unseen_single,0.236135333776474,0.5814915299415588,0.8583818674087524,0.95
1,0,Graph-MLP (no scan),GNPNAT1+ctrl,unseen_single,0.013637815602123737,0.8660117983818054,0.9778419137001038,1.0
1,0,Graph-MLP (no scan),TTI2+ctrl,unseen_single,0.014108357019722462,0.8852240443229675,0.9772822260856628,0.95
1,0,Graph-MLP (no scan),MANF+ctrl,unseen_single,0.04453257471323013,0.8908501267433167,0.8988271951675415,1.0
1,0,Graph-MLP (no scan),TARS+ctrl,unseen_single,0.1412300020456314,0.8256123065948486,0.6654993891716003,0.9
1,0,Graph-MLP (no scan),EIF2B2+ctrl,unseen_single,0.27787840366363525,0.7482885122299194,0.8313055634498596,0.95
1,0,Graph-MLP (no scan),ARHGAP22+ctrl,unseen_single,0.02172025293111801,0.8971844911575317,0.9531884789466858,1.0
1,0,Graph-MLP (no scan),SRP72+ctrl,unseen_single,0.06464676558971405,0.8316394090652466,0.8353114128112793,1.0
1,0,Graph-MLP (no scan),TMED10+ctrl,unseen_single,0.028330419212579727,0.9162917137145996,0.9050169587135315,0.95
1,0,Graph-MLP (no scan),COPB1+ctrl,unseen_single,0.017111152410507202,0.8659641742706299,0.9757579565048218,1.0
1,0,Graph-MLP (no scan),FECH+ctrl,unseen_single,0.026256999000906944,0.8468841314315796,0.930709719657898,1.0
1,0,Graph-MLP (no scan),DHDDS+ctrl,unseen_single,0.4630952775478363,0.7353553175926208,0.6522658467292786,0.9
1,0,Graph-MLP (no scan),CARS+ctrl,unseen_single,0.57270747423172,0.6932333111763,0.8946154713630676,0.95
1,0,Graph-MLP (no scan),TMED2+ctrl,unseen_single,0.06187519431114197,0.9002757668495178,0.8446107506752014,1.0
1,0,"GCP-Mamba (Delta only, w_c~N(0,1))",CREB1+ctrl,unseen_single,0.8803144693374634,-0.4947086572647095,-0.8422908782958984,0.05
1,0,"GCP-Mamba (Delta only, w_c~N(0,1))",BHLHE40+ctrl,unseen_single,0.9182006120681763,-0.3653118312358856,-0.813576340675354,0.1
1,0,"GCP-Mamba (Delta only, w_c~N(0,1))",DDIT3+ctrl,unseen_single,0.8537567853927612,-0.5237016677856445,-0.8390957713127136,0.0
1,0,"GCP-Mamba (Delta only, w_c~N(0,1))",HARS+ctrl,unseen_single,0.3241850733757019,0.7655297517776489,0.9341548681259155,1.0
1,0,"GCP-Mamba (Delta only, w_c~N(0,1))",DAD1+ctrl,unseen_single,0.15285161137580872,0.8930879235267639,0.6169693470001221,0.95
1,0,"GCP-Mamba (Delta only, w_c~N(0,1))",DDRGK1+ctrl,unseen_single,0.03030112385749817,0.8965728282928467,0.9065708518028259,1.0
1,0,"GCP-Mamba (Delta only, w_c~N(0,1))",SAMM50+ctrl,unseen_single,0.02488940954208374,0.8688476085662842,0.9623159170150757,1.0
1,0,"GCP-Mamba (Delta only, w_c~N(0,1))",CAD+ctrl,unseen_single,0.24868974089622498,0.5287717580795288,0.8276770710945129,0.95
1,0,"GCP-Mamba (Delta only, w_c~N(0,1))",GNPNAT1+ctrl,unseen_single,0.01602528803050518,0.8615583777427673,0.9775235056877136,1.0
1,0,"GCP-Mamba (Delta only, w_c~N(0,1))",TTI2+ctrl,unseen_single,0.013043207116425037,0.8792202472686768,0.9734196662902832,0.95
1,0,"GCP-Mamba (Delta only, w_c~N(0,1))",MANF+ctrl,unseen_single,0.04446903243660927,0.901358425617218,0.8842056393623352,1.0
1,0,"GCP-Mamba (Delta only, w_c~N(0,1))",TARS+ctrl,unseen_single,0.13590893149375916,0.8383517861366272,0.6933982372283936,0.9
1,0,"GCP-Mamba (Delta only, w_c~N(0,1))",EIF2B2+ctrl,unseen_single,0.25471413135528564,0.7956565618515015,0.8467011451721191,0.95
1,0,"GCP-Mamba (Delta only, w_c~N(0,1))",ARHGAP22+ctrl,unseen_single,0.022436462342739105,0.8936129212379456,0.950535237789154,0.95
1,0,"GCP-Mamba (Delta only, w_c~N(0,1))",SRP72+ctrl,unseen_single,0.07989184558391571,0.7737070918083191,0.8192143440246582,1.0
1,0,"GCP-Mamba (Delta only, w_c~N(0,1))",TMED10+ctrl,unseen_single,0.022653160616755486,0.9267877340316772,0.9177227020263672,0.95
1,0,"GCP-Mamba (Delta only, w_c~N(0,1))",COPB1+ctrl,unseen_single,0.016969475895166397,0.8687639236450195,0.9762212634086609,1.0
1,0,"GCP-Mamba (Delta only, w_c~N(0,1))",FECH+ctrl,unseen_single,0.02488396130502224,0.828414797782898,0.9384804964065552,1.0
1,0,"GCP-Mamba (Delta only, w_c~N(0,1))",DHDDS+ctrl,unseen_single,0.4734784662723541,0.7325171232223511,0.6389386057853699,0.9
1,0,"GCP-Mamba (Delta only, w_c~N(0,1))",CARS+ctrl,unseen_single,0.4894578456878662,0.8306489586830139,0.9399493932723999,0.95
1,0,"GCP-Mamba (Delta only, w_c~N(0,1))",TMED2+ctrl,unseen_single,0.05765078589320183,0.8818182349205017,0.8523543477058411,1.0
1,0,GCP-Mamba (additive prior),CREB1+ctrl,unseen_single,0.8764087557792664,-0.49128079414367676,-0.8441118001937866,0.05
1,0,GCP-Mamba (additive prior),BHLHE40+ctrl,unseen_single,0.9394321441650391,-0.3918277621269226,-0.822249174118042,0.1
1,0,GCP-Mamba (additive prior),DDIT3+ctrl,unseen_single,0.8826589584350586,-0.5568777918815613,-0.8355871438980103,0.0
1,0,GCP-Mamba (additive prior),HARS+ctrl,unseen_single,0.3449612259864807,0.7343938946723938,0.929899275302887,1.0
1,0,GCP-Mamba (additive prior),DAD1+ctrl,unseen_single,0.14731644093990326,0.8980280160903931,0.6261648535728455,0.95
1,0,GCP-Mamba (additive prior),DDRGK1+ctrl,unseen_single,0.03018905222415924,0.9184756278991699,0.8998881578445435,1.0
1,0,GCP-Mamba (additive prior),SAMM50+ctrl,unseen_single,0.02848217450082302,0.8620867729187012,0.9562847018241882,1.0
1,0,GCP-Mamba (additive prior),CAD+ctrl,unseen_single,0.24292197823524475,0.5650866031646729,0.8449262380599976,0.95
1,0,GCP-Mamba (additive prior),GNPNAT1+ctrl,unseen_single,0.012641209177672863,0.8683304786682129,0.9773082733154297,1.0
1,0,GCP-Mamba (additive prior),TTI2+ctrl,unseen_single,0.015625398606061935,0.8678162097930908,0.9726362228393555,0.95
1,0,GCP-Mamba (additive prior),MANF+ctrl,unseen_single,0.03877642750740051,0.915718674659729,0.8989530801773071,1.0
1,0,GCP-Mamba (additive prior),TARS+ctrl,unseen_single,0.14278742671012878,0.8337406516075134,0.6742514967918396,0.9
1,0,GCP-Mamba (additive prior),EIF2B2+ctrl,unseen_single,0.25644078850746155,0.7995232343673706,0.8583459854125977,0.95
1,0,GCP-Mamba (additive prior),ARHGAP22+ctrl,unseen_single,0.022675972431898117,0.8930252194404602,0.9518324136734009,0.95
1,0,GCP-Mamba (additive prior),SRP72+ctrl,unseen_single,0.07012853026390076,0.8113688826560974,0.821293830871582,1.0
1,0,GCP-Mamba (additive prior),TMED10+ctrl,unseen_single,0.024147063493728638,0.9331905841827393,0.912685215473175,0.95
1,0,GCP-Mamba (additive prior),COPB1+ctrl,unseen_single,0.017272261902689934,0.8723536729812622,0.9756051301956177,1.0
1,0,GCP-Mamba (additive prior),FECH+ctrl,unseen_single,0.026195939630270004,0.8368011713027954,0.9313896894454956,1.0
1,0,GCP-Mamba (additive prior),DHDDS+ctrl,unseen_single,0.46151772141456604,0.7463415265083313,0.6482033729553223,0.9
1,0,GCP-Mamba (additive prior),CARS+ctrl,unseen_single,0.5216224789619446,0.7849761247634888,0.9257711172103882,0.95
1,0,GCP-Mamba (additive prior),TMED2+ctrl,unseen_single,0.05859125778079033,0.9068691730499268,0.8458336591720581,1.0
1,0,Mamba (additive prior),CREB1+ctrl,unseen_single,0.8700987696647644,-0.4896308183670044,-0.8396118879318237,0.1
1,0,Mamba (additive prior),BHLHE40+ctrl,unseen_single,0.9423704147338867,-0.40658408403396606,-0.813182532787323,0.1
1,0,Mamba (additive prior),DDIT3+ctrl,unseen_single,0.85905522108078,-0.5113181471824646,-0.8323097229003906,0.1
1,0,Mamba (additive prior),HARS+ctrl,unseen_single,0.3407992720603943,0.7524861693382263,0.9320628643035889,1.0
1,0,Mamba (additive prior),DAD1+ctrl,unseen_single,0.15225395560264587,0.8949089050292969,0.6144720911979675,0.95
1,0,Mamba (additive prior),DDRGK1+ctrl,unseen_single,0.034792378544807434,0.9125073552131653,0.8932254910469055,0.95
1,0,Mamba (additive prior),SAMM50+ctrl,unseen_single,0.027088310569524765,0.8619241118431091,0.9612137675285339,1.0
1,0,Mamba (additive prior),CAD+ctrl,unseen_single,0.24573734402656555,0.5437119603157043,0.8410086035728455,0.95
1,0,Mamba (additive prior),GNPNAT1+ctrl,unseen_single,0.014504808001220226,0.8642116785049438,0.9784566164016724,1.0
1,0,Mamba (additive prior),TTI2+ctrl,unseen_single,0.014115208759903908,0.8738115429878235,0.9741516709327698,0.95
1,0,Mamba (additive prior),MANF+ctrl,unseen_single,0.038255684077739716,0.9273143410682678,0.9097809791564941,1.0
1,0,Mamba (additive prior),TARS+ctrl,unseen_single,0.13764187693595886,0.8274734020233154,0.6778103709220886,0.9
1,0,Mamba (additive prior),EIF2B2+ctrl,unseen_single,0.26323458552360535,0.8017276525497437,0.8478920459747314,0.95
1,0,Mamba (additive prior),ARHGAP22+ctrl,unseen_single,0.023335127159953117,0.8950470089912415,0.9514046311378479,0.95
1,0,Mamba (additive prior),SRP72+ctrl,unseen_single,0.0683557391166687,0.8085982799530029,0.8288263082504272,1.0
1,0,Mamba (additive prior),TMED10+ctrl,unseen_single,0.024373244494199753,0.9341089129447937,0.9129722714424133,0.95
1,0,Mamba (additive prior),COPB1+ctrl,unseen_single,0.01755029335618019,0.8680482506752014,0.9752309322357178,1.0
1,0,Mamba (additive prior),FECH+ctrl,unseen_single,0.025339651852846146,0.8399505019187927,0.9338115453720093,1.0
1,0,Mamba (additive prior),DHDDS+ctrl,unseen_single,0.4749729037284851,0.734826385974884,0.642828106880188,0.9
1,0,Mamba (additive prior),CARS+ctrl,unseen_single,0.5079345107078552,0.814926028251648,0.9319933652877808,0.95
1,0,Mamba (additive prior),TMED2+ctrl,unseen_single,0.05571071058511734,0.9093509316444397,0.8557284474372864,1.0
2,0,No change,BHLHE40+ctrl,unseen_single,0.5809391736984253,,,0.0
2,0,No change,OST4+ctrl,unseen_single,0.2833598256111145,,,0.0
2,0,No change,EIF2B4+ctrl,unseen_single,0.4986024498939514,,,0.0
2,0,No change,IARS2+ctrl,unseen_single,0.574996292591095,,,0.0
2,0,No change,UFL1+ctrl,unseen_single,0.17042051255702972,,,0.0
2,0,No change,QARS+ctrl,unseen_single,0.899581789970398,,,0.0
2,0,No change,STT3A+ctrl,unseen_single,0.18674901127815247,,,0.0
2,0,No change,MRGBP+ctrl,unseen_single,0.2479398250579834,,,0.0
2,0,No change,TTI2+ctrl,unseen_single,0.21260881423950195,,,0.0
2,0,No change,NEDD8+ctrl,unseen_single,0.5731194615364075,,,0.0
2,0,No change,MRPL39+ctrl,unseen_single,0.1896059811115265,,,0.0
2,0,No change,MANF+ctrl,unseen_single,0.25696802139282227,,,0.0
2,0,No change,MARS+ctrl,unseen_single,0.4011409282684326,,,0.0
2,0,No change,EIF2B2+ctrl,unseen_single,0.6166903972625732,,,0.0
2,0,No change,SARS+ctrl,unseen_single,0.6681152582168579,,,0.0
2,0,No change,HSPA5+ctrl,unseen_single,0.9481189846992493,,,0.0
2,0,No change,PSMD4+ctrl,unseen_single,0.6673638224601746,,,0.0
2,0,No change,SRP68+ctrl,unseen_single,0.2110873907804489,,,0.0
2,0,No change,DDOST+ctrl,unseen_single,0.23589470982551575,,,0.0
2,0,No change,CCND3+ctrl,unseen_single,0.28363171219825745,,,0.0
2,0,No change,TMED2+ctrl,unseen_single,0.26126354932785034,,,0.0
2,0,Train mean,BHLHE40+ctrl,unseen_single,0.8870032429695129,-0.37286141514778137,-0.7961398363113403,0.1
2,0,Train mean,OST4+ctrl,unseen_single,0.11694594472646713,0.8761546611785889,0.6766757369041443,1.0
2,0,Train mean,EIF2B4+ctrl,unseen_single,0.1556209772825241,0.8275805711746216,0.9080520272254944,1.0
2,0,Train mean,IARS2+ctrl,unseen_single,0.21852977573871613,0.7015419006347656,0.8810052275657654,1.0
2,0,Train mean,UFL1+ctrl,unseen_single,0.009807301685214043,0.894474446773529,0.9780253767967224,0.95
2,0,Train mean,QARS+ctrl,unseen_single,0.5023360252380371,0.679148256778717,0.830321729183197,1.0
2,0,Train mean,STT3A+ctrl,unseen_single,0.011383017525076866,0.9013668894767761,0.9815463423728943,1.0
2,0,Train mean,MRGBP+ctrl,unseen_single,0.03656578063964844,0.8076189160346985,0.95803302526474,1.0
2,0,Train mean,TTI2+ctrl,unseen_single,0.016522936522960663,0.8806394934654236,0.9733226299285889,0.95
2,0,Train mean,NEDD8+ctrl,unseen_single,0.3270420432090759,0.6859137415885925,0.6887776255607605,0.95
2,0,Train mean,MRPL39+ctrl,unseen_single,0.02246551401913166,0.9010791778564453,0.9394342303276062,1.0
2,0,Train mean,MANF+ctrl,unseen_single,0.04819730669260025,0.8865563273429871,0.9096232652664185,1.0
2,0,Train mean,MARS+ctrl,unseen_single,0.2451883852481842,0.6639414429664612,0.7112492918968201,0.8
2,0,Train mean,EIF2B2+ctrl,unseen_single,0.26032695174217224,0.7722185850143433,0.8624311089515686,0.95
2,0,Train mean,SARS+ctrl,unseen_single,0.34371107816696167,0.6924287676811218,0.8473677039146423,0.95
2,0,Train mean,HSPA5+ctrl,unseen_single,0.7704777121543884,0.6434899568557739,0.7437548637390137,0.85
2,0,Train mean,PSMD4+ctrl,unseen_single,0.5012739896774292,0.6221049427986145,0.6460439562797546,0.75
2,0,Train mean,SRP68+ctrl,unseen_single,0.03486796095967293,0.8415361046791077,0.9238417744636536,0.95
2,0,Train mean,DDOST+ctrl,unseen_single,0.06666570156812668,0.8672307729721069,0.8464353680610657,0.95
2,0,Train mean,CCND3+ctrl,unseen_single,0.0948677808046341,0.7686275839805603,0.8598077893257141,0.9
2,0,Train mean,TMED2+ctrl,unseen_single,0.06818267703056335,0.8844431638717651,0.8422878980636597,1.0
2,0,Additive,BHLHE40+ctrl,unseen_single,0.8926383256912231,-0.37806206941604614,-0.8003190159797668,0.1
2,0,Additive,OST4+ctrl,unseen_single,0.11617352813482285,0.8819032311439514,0.6780476570129395,1.0
2,0,Additive,EIF2B4+ctrl,unseen_single,0.1558692902326584,0.8207377195358276,0.9057908654212952,1.0
2,0,Additive,IARS2+ctrl,unseen_single,0.22006478905677795,0.689666211605072,0.8774036169052124,0.95
2,0,Additive,UFL1+ctrl,unseen_single,0.009119552560150623,0.9010785222053528,0.9790347814559937,0.95
2,0,Additive,QARS+ctrl,unseen_single,0.5055822730064392,0.6687741875648499,0.8238270282745361,1.0
2,0,Additive,STT3A+ctrl,unseen_single,0.010144347324967384,0.9084721207618713,0.9833476543426514,1.0
2,0,Additive,MRGBP+ctrl,unseen_single,0.034990523010492325,0.8121249079704285,0.9592721462249756,1.0
2,0,Additive,TTI2+ctrl,unseen_single,0.015189682133495808,0.8856375813484192,0.9756783843040466,0.95
2,0,Additive,NEDD8+ctrl,unseen_single,0.32540929317474365,0.687818706035614,0.6893496513366699,0.95
2,0,Additive,MRPL39+ctrl,unseen_single,0.022653603926301003,0.8997037410736084,0.9381453990936279,1.0
2,0,Additive,MANF+ctrl,unseen_single,0.048659585416316986,0.8909829258918762,0.9043885469436646,1.0
2,0,Additive,MARS+ctrl,unseen_single,0.24744650721549988,0.6559277176856995,0.7022356390953064,0.8
2,0,Additive,EIF2B2+ctrl,unseen_single,0.26151660084724426,0.7627363204956055,0.8585934042930603,0.95
2,0,Additive,SARS+ctrl,unseen_single,0.3460221290588379,0.6821010112762451,0.8420009613037109,0.95
2,0,Additive,HSPA5+ctrl,unseen_single,0.740946888923645,0.6508190035820007,0.768992006778717,0.9
2,0,Additive,PSMD4+ctrl,unseen_single,0.4977077841758728,0.6217489242553711,0.651958703994751,0.8
2,0,Additive,SRP68+ctrl,unseen_single,0.034185461699962616,0.8415200710296631,0.9241883158683777,0.95
2,0,Additive,DDOST+ctrl,unseen_single,0.06560003757476807,0.8758894801139832,0.8483315110206604,0.95
2,0,Additive,CCND3+ctrl,unseen_single,0.09239651262760162,0.7727408409118652,0.8635481595993042,0.9
2,0,Additive,TMED2+ctrl,unseen_single,0.06748376786708832,0.8903508186340332,0.8420282006263733,1.0
2,0,Linear (PCA),BHLHE40+ctrl,unseen_single,0.9004398688610074,-0.39359783185026664,-0.7962465083348295,0.1
2,0,Linear (PCA),OST4+ctrl,unseen_single,0.112872172018502,0.9093718128585496,0.6782558820060726,1.0
2,0,Linear (PCA),EIF2B4+ctrl,unseen_single,0.14958037507075825,0.844705399193534,0.9218878172181644,1.0
2,0,Linear (PCA),IARS2+ctrl,unseen_single,0.19842644658344794,0.7469401960821822,0.9076957645607548,1.0
2,0,Linear (PCA),UFL1+ctrl,unseen_single,0.01150193486953416,0.8885642250964386,0.9771230482856066,0.95
2,0,Linear (PCA),QARS+ctrl,unseen_single,0.5151000124057421,0.6715291928719614,0.8233497450492631,1.0
2,0,Linear (PCA),STT3A+ctrl,unseen_single,0.009214199737737171,0.9153444743775966,0.9851495560943531,1.0
2,0,Linear (PCA),MRGBP+ctrl,unseen_single,0.03849435959780511,0.7830314849191587,0.9551750341874476,1.0
2,0,Linear (PCA),TTI2+ctrl,unseen_single,0.017990587909663527,0.8707424738197744,0.9708386509403709,0.95
2,0,Linear (PCA),NEDD8+ctrl,unseen_single,0.32748729892118733,0.6811982115894658,0.6909843688004036,1.0
2,0,Linear (PCA),MRPL39+ctrl,unseen_single,0.025311109827983118,0.8733545774149708,0.935385584877313,1.0
2,0,Linear (PCA),MANF+ctrl,unseen_single,0.03303072812364265,0.9504235462585392,0.9299797143979969,1.0
2,0,Linear (PCA),MARS+ctrl,unseen_single,0.2329143126766927,0.7047850931302461,0.7369247385043572,0.85
2,0,Linear (PCA),EIF2B2+ctrl,unseen_single,0.2495935162274253,0.7898350746170235,0.8786278540567619,0.95
2,0,Linear (PCA),SARS+ctrl,unseen_single,0.3189071461955527,0.7291827825280628,0.8742344880952302,0.95
2,0,Linear (PCA),HSPA5+ctrl,unseen_single,0.844079598362816,0.48627762961601007,0.7165159773529951,0.75
2,0,Linear (PCA),PSMD4+ctrl,unseen_single,0.511353722570612,0.6173089998527954,0.6451310241203185,0.8
2,0,Linear (PCA),SRP68+ctrl,unseen_single,0.036898974805589776,0.8365750230751506,0.9233592116425455,0.95
2,0,Linear (PCA),DDOST+ctrl,unseen_single,0.06602111270152815,0.8803895153619868,0.8508125800952493,0.95
2,0,Linear (PCA),CCND3+ctrl,unseen_single,0.10372494237960836,0.7386733519825843,0.8402696665824915,0.9
2,0,Linear (PCA),TMED2+ctrl,unseen_single,0.0625105119514045,0.9077699720887162,0.8431703763809821,1.0
2,0,Linear (ctrl emb.),BHLHE40+ctrl,unseen_single,0.8853909243670752,-0.3720362973825517,-0.794879501125302,0.1
2,0,Linear (ctrl emb.),OST4+ctrl,unseen_single,0.11679652709125796,0.8770086721600042,0.6766588459297472,1.0
2,0,Linear (ctrl emb.),EIF2B4+ctrl,unseen_single,0.15499928495408116,0.8285819702265327,0.9085738554632213,1.0
2,0,Linear (ctrl emb.),IARS2+ctrl,unseen_single,0.2182795954410372,0.7019117572975965,0.8811047579695297,1.0
2,0,Linear (ctrl emb.),UFL1+ctrl,unseen_single,0.009787313483747593,0.8944985794175627,0.9780257207475925,0.95
2,0,Linear (ctrl emb.),QARS+ctrl,unseen_single,0.5021211822191708,0.6792868108432099,0.8301470399396468,1.0
2,0,Linear (ctrl emb.),STT3A+ctrl,unseen_single,0.011339698718036188,0.9013478754803861,0.9815655867140701,1.0
2,0,Linear (ctrl emb.),MRGBP+ctrl,unseen_single,0.036600605427294534,0.8076436232930077,0.9580333144884652,1.0
2,0,Linear (ctrl emb.),TTI2+ctrl,unseen_single,0.01657662302004243,0.8801530317166956,0.9731837710955584,0.95
2,0,Linear (ctrl emb.),NEDD8+ctrl,unseen_single,0.3272146049314997,0.6863812274413762,0.6886025273974954,0.95
2,0,Linear (ctrl emb.),MRPL39+ctrl,unseen_single,0.022499440535842755,0.9007106058166926,0.9393778655734181,1.0
2,0,Linear (ctrl emb.),MANF+ctrl,unseen_single,0.047986453593776825,0.8880995890410767,0.909560926804007,1.0
2,0,Linear (ctrl emb.),MARS+ctrl,unseen_single,0.2444796722259281,0.6661938466264419,0.712376421982019,0.8
2,0,Linear (ctrl emb.),EIF2B2+ctrl,unseen_single,0.25916567782784317,0.7735802768219855,0.8634099462613677,0.95
2,0,Linear (ctrl emb.),SARS+ctrl,unseen_single,0.3407473581560442,0.6962942105564722,0.8502449214074266,0.95
2,0,Linear (ctrl emb.),HSPA5+ctrl,unseen_single,0.770370082765979,0.6436067103748679,0.7440265272362995,0.85
2,0,Linear (ctrl emb.),PSMD4+ctrl,unseen_single,0.5025670406631921,0.62102369971853,0.6440901174856567,0.75
2,0,Linear (ctrl emb.),SRP68+ctrl,unseen_single,0.03477208373397754,0.8413269665737181,0.9238136253047772,0.95
2,0,Linear (ctrl emb.),DDOST+ctrl,unseen_single,0.0666331841399319,0.8674497457539881,0.8465024856410075,0.95
2,0,Linear (ctrl emb.),CCND3+ctrl,unseen_single,0.09430796087292019,0.7701002746451303,0.8608471947147941,0.9
2,0,Linear (ctrl emb.),TMED2+ctrl,unseen_single,0.06810928982333968,0.8856075905099327,0.8423487952826301,1.0
2,0,GCP-Mamba,BHLHE40+ctrl,unseen_single,0.7822334170341492,-0.2519318461418152,-0.7338269352912903,0.2
2,0,GCP-Mamba,OST4+ctrl,unseen_single,0.1174057349562645,0.8745893836021423,0.6595295667648315,1.0
2,0,GCP-Mamba,EIF2B4+ctrl,unseen_single,0.146978959441185,0.8434473872184753,0.9151340126991272,1.0
2,0,GCP-Mamba,IARS2+ctrl,unseen_single,0.2441641390323639,0.5743553042411804,0.8316624164581299,0.95
2,0,GCP-Mamba,UFL1+ctrl,unseen_single,0.005200906656682491,0.9390155673027039,0.9822851419448853,0.95
2,0,GCP-Mamba,QARS+ctrl,unseen_single,0.6268457770347595,0.43690696358680725,0.6838823556900024,0.95
2,0,GCP-Mamba,STT3A+ctrl,unseen_single,0.005768195725977421,0.9329700469970703,0.98839271068573,1.0
2,0,GCP-Mamba,MRGBP+ctrl,unseen_single,0.04840876907110214,0.7794925570487976,0.9536746740341187,1.0
2,0,GCP-Mamba,TTI2+ctrl,unseen_single,0.01858903281390667,0.8731014728546143,0.9719886183738708,0.95
2,0,GCP-Mamba,NEDD8+ctrl,unseen_single,0.34533339738845825,0.6724575161933899,0.6699044704437256,0.95
2,0,GCP-Mamba,MRPL39+ctrl,unseen_single,0.024580378085374832,0.8408440947532654,0.9297782778739929,1.0
2,0,GCP-Mamba,MANF+ctrl,unseen_single,0.04223465174436569,0.9430696368217468,0.8901299238204956,1.0
2,0,GCP-Mamba,MARS+ctrl,unseen_single,0.16749736666679382,0.7602648735046387,0.7854634523391724,0.9
2,0,GCP-Mamba,EIF2B2+ctrl,unseen_single,0.26381346583366394,0.7248443961143494,0.825355589389801,0.95
2,0,GCP-Mamba,SARS+ctrl,unseen_single,0.21390557289123535,0.8535979986190796,0.9071353077888489,0.95
2,0,GCP-Mamba,HSPA5+ctrl,unseen_single,0.7762854099273682,0.5328067541122437,0.7582797408103943,0.8
2,0,GCP-Mamba,PSMD4+ctrl,unseen_single,0.5873581171035767,0.5593506693840027,0.5138064622879028,0.75
2,0,GCP-Mamba,SRP68+ctrl,unseen_single,0.031375084072351456,0.8316562175750732,0.9170021414756775,0.95
2,0,GCP-Mamba,DDOST+ctrl,unseen_single,0.06673027575016022,0.8800213932991028,0.8593761324882507,0.95
2,0,GCP-Mamba,CCND3+ctrl,unseen_single,0.0806690901517868,0.8082876205444336,0.8795650005340576,0.9
2,0,GCP-Mamba,TMED2+ctrl,unseen_single,0.06259282678365707,0.9249061346054077,0.8330010771751404,1.0
2,0,GCP-Mamba (Delta only),BHLHE40+ctrl,unseen_single,0.6988877058029175,-0.08778376132249832,-0.6371142864227295,0.3
2,0,GCP-Mamba (Delta only),OST4+ctrl,unseen_single,0.1131230816245079,0.878079354763031,0.671288251876831,1.0
2,0,GCP-Mamba (Delta only),EIF2B4+ctrl,unseen_single,0.14635813236236572,0.8563319444656372,0.923711895942688,1.0
2,0,GCP-Mamba (Delta only),IARS2+ctrl,unseen_single,0.19746297597885132,0.7317584753036499,0.883780300617218,0.95
2,0,GCP-Mamba (Delta only),UFL1+ctrl,unseen_single,0.004963784012943506,0.9357409477233887,0.9829327464103699,0.95
2,0,GCP-Mamba (Delta only),QARS+ctrl,unseen_single,0.5588103532791138,0.5827459096908569,0.8169323205947876,1.0
2,0,GCP-Mamba (Delta only),STT3A+ctrl,unseen_single,0.00999502558261156,0.9084281921386719,0.9826873540878296,1.0
2,0,GCP-Mamba (Delta only),MRGBP+ctrl,unseen_single,0.04848606139421463,0.8090026378631592,0.9554564952850342,1.0
2,0,GCP-Mamba (Delta only),TTI2+ctrl,unseen_single,0.018807940185070038,0.8644853830337524,0.9716686606407166,1.0
2,0,GCP-Mamba (Delta only),NEDD8+ctrl,unseen_single,0.35552313923835754,0.660312831401825,0.6624463200569153,0.95
2,0,GCP-Mamba (Delta only),MRPL39+ctrl,unseen_single,0.02545524761080742,0.8018040060997009,0.9309812188148499,1.0
2,0,GCP-Mamba (Delta only),MANF+ctrl,unseen_single,0.03891057148575783,0.9323720932006836,0.901576578617096,1.0
2,0,GCP-Mamba (Delta only),MARS+ctrl,unseen_single,0.18179073929786682,0.7568231225013733,0.7767274379730225,0.9
2,0,GCP-Mamba (Delta only),EIF2B2+ctrl,unseen_single,0.2281332015991211,0.8150128722190857,0.8694281578063965,1.0
2,0,GCP-Mamba (Delta only),SARS+ctrl,unseen_single,0.22182369232177734,0.8442777991294861,0.9110756516456604,0.95
2,0,GCP-Mamba (Delta only),HSPA5+ctrl,unseen_single,0.7942182421684265,0.5378517508506775,0.7369627952575684,0.8
2,0,GCP-Mamba (Delta only),PSMD4+ctrl,unseen_single,0.5921744108200073,0.5263128876686096,0.49686866998672485,0.75
2,0,GCP-Mamba (Delta only),SRP68+ctrl,unseen_single,0.03303372859954834,0.7814525961875916,0.9133243560791016,0.95
2,0,GCP-Mamba (Delta only),DDOST+ctrl,unseen_single,0.06730560958385468,0.880071759223938,0.8599127531051636,0.95
2,0,GCP-Mamba (Delta only),CCND3+ctrl,unseen_single,0.06899675726890564,0.8200269937515259,0.8988803029060364,1.0
2,0,GCP-Mamba (Delta only),TMED2+ctrl,unseen_single,0.06348156929016113,0.9135531187057495,0.8352342844009399,1.0
2,0,GCP-Mamba (perm. graph),BHLHE40+ctrl,unseen_single,0.765423059463501,-0.23498758673667908,-0.71491938829422,0.2
2,0,GCP-Mamba (perm. graph),OST4+ctrl,unseen_single,0.11502857506275177,0.8635419011116028,0.6631786823272705,1.0
2,0,GCP-Mamba (perm. graph),EIF2B4+ctrl,unseen_single,0.14533193409442902,0.8428213000297546,0.9143812656402588,1.0
2,0,GCP-Mamba (perm. graph),IARS2+ctrl,unseen_single,0.24030432105064392,0.5927190184593201,0.8403865098953247,0.95
2,0,GCP-Mamba (perm. graph),UFL1+ctrl,unseen_single,0.005359107628464699,0.940487802028656,0.983311653137207,0.95
2,0,GCP-Mamba (perm. graph),QARS+ctrl,unseen_single,0.6276484727859497,0.42803481221199036,0.7001373767852783,0.95
2,0,GCP-Mamba (perm. graph),STT3A+ctrl,unseen_single,0.0059196739457547665,0.9320444464683533,0.988224983215332,1.0
2,0,GCP-Mamba (perm. graph),MRGBP+ctrl,unseen_single,0.049222253262996674,0.7839916944503784,0.953618049621582,1.0
2,0,GCP-Mamba (perm. graph),TTI2+ctrl,unseen_single,0.016928423196077347,0.8664286136627197,0.9715726971626282,0.95
2,0,GCP-Mamba (perm. graph),NEDD8+ctrl,unseen_single,0.3480713963508606,0.6691975593566895,0.6701837182044983,0.9
2,0,GCP-Mamba (perm. graph),MRPL39+ctrl,unseen_single,0.023158881813287735,0.8378584384918213,0.9325709342956543,1.0
2,0,GCP-Mamba (perm. graph),MANF+ctrl,unseen_single,0.04160059243440628,0.9408690929412842,0.8900170922279358,1.0
2,0,GCP-Mamba (perm. graph),MARS+ctrl,unseen_single,0.1531699150800705,0.7651230096817017,0.8007832169532776,0.9
2,0,GCP-Mamba (perm. graph),EIF2B2+ctrl,unseen_single,0.2587205171585083,0.7357912063598633,0.8287795186042786,0.95
2,0,GCP-Mamba (perm. graph),SARS+ctrl,unseen_single,0.19344691932201385,0.8605840802192688,0.9192736148834229,0.95
2,0,GCP-Mamba (perm. graph),HSPA5+ctrl,unseen_single,0.7283346056938171,0.5710184574127197,0.7859319448471069,0.9
2,0,GCP-Mamba (perm. graph),PSMD4+ctrl,unseen_single,0.5889909267425537,0.5567938685417175,0.4984314441680908,0.75
2,0,GCP-Mamba (perm. graph),SRP68+ctrl,unseen_single,0.030872711911797523,0.8314124345779419,0.9182810187339783,0.95
2,0,GCP-Mamba (perm. graph),DDOST+ctrl,unseen_single,0.07291819900274277,0.877383291721344,0.8535077571868896,0.95
2,0,GCP-Mamba (perm. graph),CCND3+ctrl,unseen_single,0.08098400384187698,0.8119820356369019,0.8866999745368958,0.95
2,0,GCP-Mamba (perm. graph),TMED2+ctrl,unseen_single,0.06042936444282532,0.920415997505188,0.8437584638595581,1.0
2,0,GCP-Mamba (random order),BHLHE40+ctrl,unseen_single,0.7682204842567444,-0.24061986804008484,-0.7190210819244385,0.2
2,0,GCP-Mamba (random order),OST4+ctrl,unseen_single,0.12150496244430542,0.8626411557197571,0.6497134566307068,1.0
2,0,GCP-Mamba (random order),EIF2B4+ctrl,unseen_single,0.1327255815267563,0.8741730451583862,0.9253242015838623,1.0
2,0,GCP-Mamba (random order),IARS2+ctrl,unseen_single,0.20042578876018524,0.6771103143692017,0.8562565445899963,0.95
2,0,GCP-Mamba (random order),UFL1+ctrl,unseen_single,0.005545542575418949,0.9402203559875488,0.982185423374176,0.95
2,0,GCP-Mamba (random order),QARS+ctrl,unseen_single,0.5979911088943481,0.5071164965629578,0.7442703247070312,1.0
2,0,GCP-Mamba (random order),STT3A+ctrl,unseen_single,0.007315807044506073,0.9041429758071899,0.984223484992981,1.0
2,0,GCP-Mamba (random order),MRGBP+ctrl,unseen_single,0.034595903009176254,0.8069692254066467,0.9579970240592957,1.0
2,0,GCP-Mamba (random order),TTI2+ctrl,unseen_single,0.019157547503709793,0.8376039266586304,0.9650189280509949,0.95
2,0,GCP-Mamba (random order),NEDD8+ctrl,unseen_single,0.3348556458950043,0.6793234348297119,0.6538958549499512,0.95
2,0,GCP-Mamba (random order),MRPL39+ctrl,unseen_single,0.029378792271018028,0.7389234304428101,0.9150075912475586,1.0
2,0,GCP-Mamba (random order),MANF+ctrl,unseen_single,0.08067180216312408,0.9244352579116821,0.8656401038169861,1.0
2,0,GCP-Mamba (random order),MARS+ctrl,unseen_single,0.14770953357219696,0.7516772747039795,0.797443687915802,0.95
2,0,GCP-Mamba (random order),EIF2B2+ctrl,unseen_single,0.2043331116437912,0.8380635380744934,0.8802817463874817,0.95
2,0,GCP-Mamba (random order),SARS+ctrl,unseen_single,0.14156974852085114,0.8830127120018005,0.9300092458724976,0.95
2,0,GCP-Mamba (random order),HSPA5+ctrl,unseen_single,0.7385072708129883,0.6120726466178894,0.7856399416923523,0.9
2,0,GCP-Mamba (random order),PSMD4+ctrl,unseen_single,0.664466381072998,0.438181608915329,0.2555716633796692,0.65
2,0,GCP-Mamba (random order),SRP68+ctrl,unseen_single,0.03351924568414688,0.7848466038703918,0.908415675163269,0.95
2,0,GCP-Mamba (random order),DDOST+ctrl,unseen_single,0.06343764811754227,0.8966476917266846,0.8551620244979858,0.95
2,0,GCP-Mamba (random order),CCND3+ctrl,unseen_single,0.06322739273309708,0.8176999688148499,0.8956918716430664,0.95
2,0,GCP-Mamba (random order),TMED2+ctrl,unseen_single,0.06894029676914215,0.9256501793861389,0.8172460794448853,1.0
2,0,Mamba (no graph),BHLHE40+ctrl,unseen_single,0.7507945895195007,-0.16651004552841187,-0.692266047000885,0.2
2,0,Mamba (no graph),OST4+ctrl,unseen_single,0.11445184051990509,0.8764434456825256,0.6670944094657898,1.0
2,0,Mamba (no graph),EIF2B4+ctrl,unseen_single,0.1364865005016327,0.8825659155845642,0.9333255290985107,1.0
2,0,Mamba (no graph),IARS2+ctrl,unseen_single,0.20307335257530212,0.7219448089599609,0.8795515894889832,0.95
2,0,Mamba (no graph),UFL1+ctrl,unseen_single,0.00541650177910924,0.9186255931854248,0.9811023473739624,0.95
2,0,Mamba (no graph),QARS+ctrl,unseen_single,0.5230811834335327,0.6502196788787842,0.8361173868179321,1.0
2,0,Mamba (no graph),STT3A+ctrl,unseen_single,0.011792355217039585,0.9135298728942871,0.9835780262947083,1.0
2,0,Mamba (no graph),MRGBP+ctrl,unseen_single,0.04781889542937279,0.7902308106422424,0.9575311541557312,1.0
2,0,Mamba (no graph),TTI2+ctrl,unseen_single,0.017329618334770203,0.836052417755127,0.9666616320610046,0.95
2,0,Mamba (no graph),NEDD8+ctrl,unseen_single,0.3499833941459656,0.6938143372535706,0.6718946695327759,0.95
2,0,Mamba (no graph),MRPL39+ctrl,unseen_single,0.023875843733549118,0.8148913383483887,0.9338089227676392,1.0
2,0,Mamba (no graph),MANF+ctrl,unseen_single,0.04574068635702133,0.9163283705711365,0.879982054233551,1.0
2,0,Mamba (no graph),MARS+ctrl,unseen_single,0.16533854603767395,0.7484670281410217,0.784084141254425,0.9
2,0,Mamba (no graph),EIF2B2+ctrl,unseen_single,0.20706626772880554,0.8422415256500244,0.8714900612831116,0.95
2,0,Mamba (no graph),SARS+ctrl,unseen_single,0.1965620517730713,0.8391897678375244,0.9063001275062561,0.95
2,0,Mamba (no graph),HSPA5+ctrl,unseen_single,0.7140355110168457,0.6157180666923523,0.7925684452056885,0.9
2,0,Mamba (no graph),PSMD4+ctrl,unseen_single,0.5958634614944458,0.5252711176872253,0.4919924736022949,0.75
2,0,Mamba (no graph),SRP68+ctrl,unseen_single,0.031242381781339645,0.7685473561286926,0.9137165546417236,0.95
2,0,Mamba (no graph),DDOST+ctrl,unseen_single,0.06721553951501846,0.8679768443107605,0.8654040098190308,0.95
2,0,Mamba (no graph),CCND3+ctrl,unseen_single,0.09500222653150558,0.8009716868400574,0.8775219917297363,0.95
2,0,Mamba (no graph),TMED2+ctrl,unseen_single,0.06390687823295593,0.9135928153991699,0.8389549851417542,1.0
2,0,Graph-MLP (no scan),BHLHE40+ctrl,unseen_single,0.5210641622543335,0.13950489461421967,0.303382009267807,0.65
2,0,Graph-MLP (no scan),OST4+ctrl,unseen_single,0.12366963922977448,0.9075649976730347,0.6550307273864746,1.0
2,0,Graph-MLP (no scan),EIF2B4+ctrl,unseen_single,0.12713594734668732,0.895755410194397,0.9465951919555664,1.0
2,0,Graph-MLP (no scan),IARS2+ctrl,unseen_single,0.19807395339012146,0.6735466718673706,0.8529091477394104,0.95
2,0,Graph-MLP (no scan),UFL1+ctrl,unseen_single,0.0066522047854959965,0.947519838809967,0.9825830459594727,0.95
2,0,Graph-MLP (no scan),QARS+ctrl,unseen_single,0.6607903242111206,0.47043654322624207,0.697947084903717,0.95
2,0,Graph-MLP (no scan),STT3A+ctrl,unseen_single,0.00881368201225996,0.8933840990066528,0.982404351234436,1.0
2,0,Graph-MLP (no scan),MRGBP+ctrl,unseen_single,0.05406106635928154,0.7654556035995483,0.9500938653945923,1.0
2,0,Graph-MLP (no scan),TTI2+ctrl,unseen_single,0.02393149957060814,0.7749876379966736,0.9530605673789978,1.0
2,0,Graph-MLP (no scan),NEDD8+ctrl,unseen_single,0.3485869765281677,0.6560237407684326,0.6406181454658508,0.9
2,0,Graph-MLP (no scan),MRPL39+ctrl,unseen_single,0.027474794536828995,0.7941491603851318,0.9306010007858276,1.0
2,0,Graph-MLP (no scan),MANF+ctrl,unseen_single,0.04962075129151344,0.9017188549041748,0.8876349925994873,1.0
2,0,Graph-MLP (no scan),MARS+ctrl,unseen_single,0.16656872630119324,0.7469487190246582,0.7930554747581482,0.9
2,0,Graph-MLP (no scan),EIF2B2+ctrl,unseen_single,0.1542598158121109,0.8843650221824646,0.9082151651382446,1.0
2,0,Graph-MLP (no scan),SARS+ctrl,unseen_single,0.07815759629011154,0.9066879749298096,0.943972647190094,0.95
2,0,Graph-MLP (no scan),HSPA5+ctrl,unseen_single,0.7715319991111755,0.3460495173931122,0.773107647895813,0.9
2,0,Graph-MLP (no scan),PSMD4+ctrl,unseen_single,0.6303681135177612,0.48258545994758606,0.3191264569759369,0.6
2,0,Graph-MLP (no scan),SRP68+ctrl,unseen_single,0.038228996098041534,0.728920578956604,0.8925765156745911,0.95
2,0,Graph-MLP (no scan),DDOST+ctrl,unseen_single,0.07007689774036407,0.8771636486053467,0.8648470640182495,0.95
2,0,Graph-MLP (no scan),CCND3+ctrl,unseen_single,0.04789417237043381,0.8228905200958252,0.919316828250885,1.0
2,0,Graph-MLP (no scan),TMED2+ctrl,unseen_single,0.06745336949825287,0.9316787719726562,0.8240519165992737,1.0
2,0,"GCP-Mamba (Delta only, w_c~N(0,1))",BHLHE40+ctrl,unseen_single,0.6988391280174255,-0.08747169375419617,-0.6370006203651428,0.3
2,0,"GCP-Mamba (Delta only, w_c~N(0,1))",OST4+ctrl,unseen_single,0.11313023418188095,0.8781941533088684,0.6712734699249268,1.0
2,0,"GCP-Mamba (Delta only, w_c~N(0,1))",EIF2B4+ctrl,unseen_single,0.14639151096343994,0.8562911748886108,0.9236905574798584,1.0
2,0,"GCP-Mamba (Delta only, w_c~N(0,1))",IARS2+ctrl,unseen_single,0.19751831889152527,0.7316370606422424,0.8837400674819946,0.95
2,0,"GCP-Mamba (Delta only, w_c~N(0,1))",UFL1+ctrl,unseen_single,0.00496577238664031,0.9357354044914246,0.9829251170158386,0.95
2,0,"GCP-Mamba (Delta only, w_c~N(0,1))",QARS+ctrl,unseen_single,0.5588258504867554,0.5827623009681702,0.8169218301773071,1.0
2,0,"GCP-Mamba (Delta only, w_c~N(0,1))",STT3A+ctrl,unseen_single,0.009989985264837742,0.9084779620170593,0.9826970100402832,1.0
2,0,"GCP-Mamba (Delta only, w_c~N(0,1))",MRGBP+ctrl,unseen_single,0.04850227013230324,0.8090099096298218,0.9554443359375,1.0
2,0,"GCP-Mamba (Delta only, w_c~N(0,1))",TTI2+ctrl,unseen_single,0.018823115155100822,0.8644223809242249,0.9716597199440002,1.0
2,0,"GCP-Mamba (Delta only, w_c~N(0,1))",NEDD8+ctrl,unseen_single,0.35556498169898987,0.6600868701934814,0.6623600125312805,0.95
2,0,"GCP-Mamba (Delta only, w_c~N(0,1))",MRPL39+ctrl,unseen_single,0.02544887363910675,0.8018506765365601,0.9310307502746582,1.0
2,0,"GCP-Mamba (Delta only, w_c~N(0,1))",MANF+ctrl,unseen_single,0.03889700025320053,0.9324312806129456,0.9015782475471497,1.0
2,0,"GCP-Mamba (Delta only, w_c~N(0,1))",MARS+ctrl,unseen_single,0.18186017870903015,0.756775438785553,0.7766256928443909,0.9
2,0,"GCP-Mamba (Delta only, w_c~N(0,1))",EIF2B2+ctrl,unseen_single,0.22812914848327637,0.8150595426559448,0.8694565296173096,1.0
2,0,"GCP-Mamba (Delta only, w_c~N(0,1))",SARS+ctrl,unseen_single,0.22177648544311523,0.8444212675094604,0.9112101793289185,0.95
2,0,"GCP-Mamba (Delta only, w_c~N(0,1))",HSPA5+ctrl,unseen_single,0.7943594455718994,0.5377766489982605,0.7368566393852234,0.8
2,0,"GCP-Mamba (Delta only, w_c~N(0,1))",PSMD4+ctrl,unseen_single,0.592456042766571,0.5260202884674072,0.4960026443004608,0.75
2,0,"GCP-Mamba (Delta only, w_c~N(0,1))",SRP68+ctrl,unseen_single,0.033030543476343155,0.7814330458641052,0.913355827331543,0.95
2,0,"GCP-Mamba (Delta only, w_c~N(0,1))",DDOST+ctrl,unseen_single,0.06731630116701126,0.8800395727157593,0.8599054217338562,0.95
2,0,"GCP-Mamba (Delta only, w_c~N(0,1))",CCND3+ctrl,unseen_single,0.06892488896846771,0.8198724985122681,0.8989521861076355,1.0
2,0,"GCP-Mamba (Delta only, w_c~N(0,1))",TMED2+ctrl,unseen_single,0.06347905099391937,0.9135861396789551,0.8352262377738953,1.0
2,0,GCP-Mamba (additive prior),BHLHE40+ctrl,unseen_single,0.7822859287261963,-0.2518558204174042,-0.733731746673584,0.2
2,0,GCP-Mamba (additive prior),OST4+ctrl,unseen_single,0.11740370839834213,0.8745976090431213,0.6595554351806641,1.0
2,0,GCP-Mamba (additive prior),EIF2B4+ctrl,unseen_single,0.1469031423330307,0.8434389233589172,0.9151611924171448,1.0
2,0,GCP-Mamba (additive prior),IARS2+ctrl,unseen_single,0.24408197402954102,0.5743775367736816,0.8317415118217468,0.95
2,0,GCP-Mamba (additive prior),UFL1+ctrl,unseen_single,0.005201813764870167,0.9390116930007935,0.9822869896888733,0.95
2,0,GCP-Mamba (additive prior),QARS+ctrl,unseen_single,0.6266660094261169,0.4370013177394867,0.6840592622756958,0.95
2,0,GCP-Mamba (additive prior),STT3A+ctrl,unseen_single,0.00576254865154624,0.9329599738121033,0.9883905649185181,1.0
2,0,GCP-Mamba (additive prior),MRGBP+ctrl,unseen_single,0.048385873436927795,0.779477059841156,0.9536694288253784,1.0
2,0,GCP-Mamba (additive prior),TTI2+ctrl,unseen_single,0.018566381186246872,0.8730809688568115,0.9719974398612976,0.95
2,0,GCP-Mamba (additive prior),NEDD8+ctrl,unseen_single,0.3452901244163513,0.6724877953529358,0.6699206233024597,0.95
2,0,GCP-Mamba (additive prior),MRPL39+ctrl,unseen_single,0.024570289999246597,0.8408517241477966,0.9297965168952942,1.0
2,0,GCP-Mamba (additive prior),MANF+ctrl,unseen_single,0.042219821363687515,0.9430834054946899,0.8901745676994324,1.0
2,0,GCP-Mamba (additive prior),MARS+ctrl,unseen_single,0.16750165820121765,0.7602661848068237,0.785446286201477,0.9
2,0,GCP-Mamba (additive prior),EIF2B2+ctrl,unseen_single,0.26372230052948,0.7248619198799133,0.8254267573356628,0.95
2,0,GCP-Mamba (additive prior),SARS+ctrl,unseen_single,0.21383671462535858,0.8536171317100525,0.9071533679962158,0.95
2,0,GCP-Mamba (additive prior),HSPA5+ctrl,unseen_single,0.7762993574142456,0.5327509641647339,0.7582140564918518,0.8
2,0,GCP-Mamba (additive prior),PSMD4+ctrl,unseen_single,0.587401270866394,0.5592617392539978,0.5136637091636658,0.75
2,0,GCP-Mamba (additive prior),SRP68+ctrl,unseen_single,0.03136433660984039,0.8316578269004822,0.9170206785202026,0.95
2,0,GCP-Mamba (additive prior),DDOST+ctrl,unseen_single,0.06670888513326645,0.8799818754196167,0.859385073184967,0.95
2,0,GCP-Mamba (additive prior),CCND3+ctrl,unseen_single,0.08066248148679733,0.8082987070083618,0.8795607089996338,0.9
2,0,GCP-Mamba (additive prior),TMED2+ctrl,unseen_single,0.0625762864947319,0.9249029159545898,0.8330591320991516,1.0
2,0,Mamba (additive prior),BHLHE40+ctrl,unseen_single,0.7508425712585449,-0.1664494425058365,-0.6922200918197632,0.2
2,0,Mamba (additive prior),OST4+ctrl,unseen_single,0.11444803327322006,0.8764548301696777,0.6671116948127747,1.0
2,0,Mamba (additive prior),EIF2B4+ctrl,unseen_single,0.1364315152168274,0.8825572729110718,0.9333411455154419,1.0
2,0,Mamba (additive prior),IARS2+ctrl,unseen_single,0.20301243662834167,0.7219507098197937,0.8795844316482544,0.95
2,0,Mamba (additive prior),UFL1+ctrl,unseen_single,0.0054154591634869576,0.918619692325592,0.9811033010482788,0.95
2,0,Mamba (additive prior),QARS+ctrl,unseen_single,0.5229684710502625,0.6502214074134827,0.8361527919769287,1.0
2,0,Mamba (additive prior),STT3A+ctrl,unseen_single,0.011781347915530205,0.9135138988494873,0.9835785031318665,1.0
2,0,Mamba (additive prior),MRGBP+ctrl,unseen_single,0.04779571667313576,0.7902166843414307,0.9575307369232178,1.0
2,0,Mamba (additive prior),TTI2+ctrl,unseen_single,0.01731518842279911,0.8360503315925598,0.9666708707809448,0.95
2,0,Mamba (additive prior),NEDD8+ctrl,unseen_single,0.34994590282440186,0.6938185095787048,0.6719032526016235,0.95
2,0,Mamba (additive prior),MRPL39+ctrl,unseen_single,0.02386806532740593,0.8148967027664185,0.9338182806968689,1.0
2,0,Mamba (additive prior),MANF+ctrl,unseen_single,0.04573024436831474,0.9163419604301453,0.8800182938575745,1.0
2,0,Mamba (additive prior),MARS+ctrl,unseen_single,0.16534116864204407,0.748480498790741,0.7840732336044312,0.9
2,0,Mamba (additive prior),EIF2B2+ctrl,unseen_single,0.20700648427009583,0.8422618508338928,0.8715267777442932,0.95
2,0,Mamba (additive prior),SARS+ctrl,unseen_single,0.1965235024690628,0.8392235636711121,0.9063190817832947,0.95
2,0,Mamba (additive prior),HSPA5+ctrl,unseen_single,0.7140842080116272,0.615675151348114,0.7925196886062622,0.9
2,0,Mamba (additive prior),PSMD4+ctrl,unseen_single,0.5958449840545654,0.525277316570282,0.4920041561126709,0.75
2,0,Mamba (additive prior),SRP68+ctrl,unseen_single,0.031240135431289673,0.7685708403587341,0.9137188196182251,0.95
2,0,Mamba (additive prior),DDOST+ctrl,unseen_single,0.0671960785984993,0.8679503202438354,0.8654174208641052,0.95
2,0,Mamba (additive prior),CCND3+ctrl,unseen_single,0.09498762339353561,0.8009499907493591,0.8775092959403992,0.95
2,0,Mamba (additive prior),TMED2+ctrl,unseen_single,0.06389433145523071,0.9135858416557312,0.8389806151390076,1.0
3,0,No change,DDIT3+ctrl,unseen_single,0.49771660566329956,,,0.0
3,0,No change,EIF2B4+ctrl,unseen_single,0.4986024498939514,,,0.0
3,0,No change,SOCS1+ctrl,unseen_single,0.19969424605369568,,,0.0
3,0,No change,MRGBP+ctrl,unseen_single,0.2479398250579834,,,0.0
3,0,No change,ATP5B+ctrl,unseen_single,0.42614373564720154,,,0.0
3,0,No change,MTHFD1+ctrl,unseen_single,0.2653982937335968,,,0.0
3,0,No change,TTI2+ctrl,unseen_single,0.21260881423950195,,,0.0
3,0,No change,GBF1+ctrl,unseen_single,0.16796691715717316,,,0.0
3,0,No change,FARSB+ctrl,unseen_single,0.34833255410194397,,,0.0
3,0,No change,SEC63+ctrl,unseen_single,0.22160764038562775,,,0.0
3,0,No change,MARS+ctrl,unseen_single,0.4011409282684326,,,0.0
3,0,No change,ASCC3+ctrl,unseen_single,0.18917733430862427,,,0.0
3,0,No change,EIF2B2+ctrl,unseen_single,0.6166903972625732,,,0.0
3,0,No change,ARHGAP22+ctrl,unseen_single,0.2063310593366623,,,0.0
3,0,No change,SRP68+ctrl,unseen_single,0.2110873907804489,,,0.0
3,0,No change,AARS+ctrl,unseen_single,0.7807363271713257,,,0.0
3,0,No change,COPZ1+ctrl,unseen_single,0.3082774877548218,,,0.0
3,0,No change,EIF2B3+ctrl,unseen_single,0.7276490926742554,,,0.0
3,0,No change,DNAJC19+ctrl,unseen_single,0.27921655774116516,,,0.0
3,0,No change,TMED2+ctrl,unseen_single,0.26126354932785034,,,0.0
3,0,No change,P4HB+ctrl,unseen_single,0.22427181899547577,,,0.0
3,0,Train mean,DDIT3+ctrl,unseen_single,0.8480662107467651,-0.4883667230606079,-0.8190400004386902,0.05
3,0,Train mean,EIF2B4+ctrl,unseen_single,0.15459981560707092,0.816070020198822,0.898226261138916,1.0
3,0,Train mean,SOCS1+ctrl,unseen_single,0.015408679842948914,0.8789335489273071,0.9715437889099121,0.95
3,0,Train mean,MRGBP+ctrl,unseen_single,0.030819818377494812,0.8103481531143188,0.9604712128639221,1.0
3,0,Train mean,ATP5B+ctrl,unseen_single,0.2677435278892517,0.7945606112480164,0.5870606303215027,0.95
3,0,Train mean,MTHFD1+ctrl,unseen_single,0.12231087684631348,0.582685649394989,0.7712891697883606,0.95
3,0,Train mean,TTI2+ctrl,unseen_single,0.012983046472072601,0.880752444267273,0.9737177491188049,0.95
3,0,Train mean,GBF1+ctrl,unseen_single,0.0044405702501535416,0.9402559399604797,0.9868226647377014,1.0
3,0,Train mean,FARSB+ctrl,unseen_single,0.08098714053630829,0.7888516783714294,0.9307385087013245,1.0
3,0,Train mean,SEC63+ctrl,unseen_single,0.032056741416454315,0.9025436639785767,0.8996854424476624,0.95
3,0,Train mean,MARS+ctrl,unseen_single,0.23929040133953094,0.6566438674926758,0.713236927986145,0.8
3,0,Train mean,ASCC3+ctrl,unseen_single,0.041028428822755814,0.7036120891571045,0.8846977949142456,0.9
3,0,Train mean,EIF2B2+ctrl,unseen_single,0.2624937891960144,0.7629691958427429,0.8454918265342712,0.95
3,0,Train mean,ARHGAP22+ctrl,unseen_single,0.024935636669397354,0.8902280330657959,0.9473491311073303,1.0
3,0,Train mean,SRP68+ctrl,unseen_single,0.030885567888617516,0.8432857990264893,0.9267796277999878,0.95
3,0,Train mean,AARS+ctrl,unseen_single,0.34373193979263306,0.7171443104743958,0.8930140137672424,1.0
3,0,Train mean,COPZ1+ctrl,unseen_single,0.0718981996178627,0.8218291997909546,0.8950284123420715,0.95
3,0,Train mean,EIF2B3+ctrl,unseen_single,0.37587231397628784,0.710784375667572,0.8298199772834778,1.0
3,0,Train mean,DNAJC19+ctrl,unseen_single,0.054519396275281906,0.8642045259475708,0.9167441129684448,1.0
3,0,Train mean,TMED2+ctrl,unseen_single,0.06730394065380096,0.886449933052063,0.8337539434432983,1.0
3,0,Train mean,P4HB+ctrl,unseen_single,0.04770796746015549,0.8865692615509033,0.8606468439102173,1.0
3,0,Additive,DDIT3+ctrl,unseen_single,0.8214572668075562,-0.47417151927948,-0.8044815063476562,0.05
3,0,Additive,EIF2B4+ctrl,unseen_single,0.1599099189043045,0.810043454170227,0.8965882062911987,1.0
3,0,Additive,SOCS1+ctrl,unseen_single,0.01709597185254097,0.8830479383468628,0.9716548919677734,0.95
3,0,Additive,MRGBP+ctrl,unseen_single,0.03336130827665329,0.8158305883407593,0.9605640172958374,1.0
3,0,Additive,ATP5B+ctrl,unseen_single,0.26773980259895325,0.790272057056427,0.5886906981468201,0.95
3,0,Additive,MTHFD1+ctrl,unseen_single,0.12336895614862442,0.5884009599685669,0.7741154432296753,0.95
3,0,Additive,TTI2+ctrl,unseen_single,0.014349537901580334,0.8862107992172241,0.9754847288131714,0.95
3,0,Additive,GBF1+ctrl,unseen_single,0.004975694697350264,0.9446888566017151,0.9874205589294434,1.0
3,0,Additive,FARSB+ctrl,unseen_single,0.08460276573896408,0.7815276980400085,0.9312939047813416,1.0
3,0,Additive,SEC63+ctrl,unseen_single,0.0328298844397068,0.9074958562850952,0.903139054775238,0.95
3,0,Additive,MARS+ctrl,unseen_single,0.2445971965789795,0.6511834263801575,0.708111047744751,0.8
3,0,Additive,ASCC3+ctrl,unseen_single,0.04053867608308792,0.7085416913032532,0.8870531916618347,0.9
3,0,Additive,EIF2B2+ctrl,unseen_single,0.27089956402778625,0.7532942295074463,0.8424615859985352,0.95
3,0,Additive,ARHGAP22+ctrl,unseen_single,0.02635975554585457,0.8945534229278564,0.9467644691467285,1.0
3,0,Additive,SRP68+ctrl,unseen_single,0.032890576869249344,0.8425381183624268,0.9260862469673157,1.0
3,0,Additive,AARS+ctrl,unseen_single,0.35360050201416016,0.7079753279685974,0.8900584578514099,1.0
3,0,Additive,COPZ1+ctrl,unseen_single,0.07366330921649933,0.8215213418006897,0.8960842490196228,0.95
3,0,Additive,EIF2B3+ctrl,unseen_single,0.3870558440685272,0.6988222599029541,0.8255345225334167,1.0
3,0,Additive,DNAJC19+ctrl,unseen_single,0.0558282844722271,0.8581656217575073,0.9182869791984558,1.0
3,0,Additive,TMED2+ctrl,unseen_single,0.06758289784193039,0.8910791277885437,0.8388131856918335,1.0
3,0,Additive,P4HB+ctrl,unseen_single,0.04875854030251503,0.892756998538971,0.8619611263275146,1.0
3,0,Linear (PCA),DDIT3+ctrl,unseen_single,0.8480661654835491,-0.48836671110788277,-0.8190400664279017,0.05
3,0,Linear (PCA),EIF2B4+ctrl,unseen_single,0.15459981014321328,0.8160699521812024,0.8982263886753791,1.0
3,0,Linear (PCA),SOCS1+ctrl,unseen_single,0.015408681412402142,0.8789335239175637,0.971543738936128,0.95
3,0,Linear (PCA),MRGBP+ctrl,unseen_single,0.0308198185954624,0.8103481170281489,0.9604710204021132,1.0
3,0,Linear (PCA),ATP5B+ctrl,unseen_single,0.26774357001655213,0.7945605693536409,0.5870606855563657,0.95
3,0,Linear (PCA),MTHFD1+ctrl,unseen_single,0.12231087208762004,0.5826856311865664,0.7712891759512553,0.95
3,0,Linear (PCA),TTI2+ctrl,unseen_single,0.012983047108022968,0.8807524463162641,0.9737177623495991,0.95
3,0,Linear (PCA),GBF1+ctrl,unseen_single,0.0044405704872459,0.940255976234329,0.9868227847795485,1.0
3,0,Linear (PCA),FARSB+ctrl,unseen_single,0.08098714866570121,0.7888516618514785,0.9307385339920421,1.0
3,0,Linear (PCA),SEC63+ctrl,unseen_single,0.032056743175733586,0.9025436755818668,0.8996854721703289,0.95
3,0,Linear (PCA),MARS+ctrl,unseen_single,0.23929039557337792,0.656643862069068,0.7132369011035175,0.8
3,0,Linear (PCA),ASCC3+ctrl,unseen_single,0.0410284264070004,0.703612080337526,0.8846978020000187,0.9
3,0,Linear (PCA),EIF2B2+ctrl,unseen_single,0.2624938000793119,0.7629691887403859,0.8454917874782636,0.95
3,0,Linear (PCA),ARHGAP22+ctrl,unseen_single,0.024935638708397902,0.8902280550047734,0.9473491693499912,1.0
3,0,Linear (PCA),SRP68+ctrl,unseen_single,0.030885567164791315,0.8432858140680101,0.9267797247983194,0.95
3,0,Linear (PCA),AARS+ctrl,unseen_single,0.3437320073495721,0.7171443187712015,0.8930139089187064,1.0
3,0,Linear (PCA),COPZ1+ctrl,unseen_single,0.07189820242967385,0.8218292362890908,0.8950283296189917,0.95
3,0,Linear (PCA),EIF2B3+ctrl,unseen_single,0.37587230094391993,0.7107843723397131,0.8298199798589525,1.0
3,0,Linear (PCA),DNAJC19+ctrl,unseen_single,0.05451939989252101,0.8642045345269262,0.9167442161048341,1.0
3,0,Linear (PCA),TMED2+ctrl,unseen_single,0.06730393523291489,0.8864499534601398,0.8337539720063252,1.0
3,0,Linear (PCA),P4HB+ctrl,unseen_single,0.04770796805077842,0.8865693002763131,0.8606467814149154,1.0
3,0,Linear (ctrl emb.),DDIT3+ctrl,unseen_single,0.8208109334024403,-0.47165934978856383,-0.8089359318537368,0.05
3,0,Linear (ctrl emb.),EIF2B4+ctrl,unseen_single,0.1578492751020477,0.8148344610881015,0.896597593203135,1.0
3,0,Linear (ctrl emb.),SOCS1+ctrl,unseen_single,0.016182148967879038,0.857146749708719,0.9701231531920347,0.95
3,0,Linear (ctrl emb.),MRGBP+ctrl,unseen_single,0.03136999843888983,0.8259993303163822,0.9622460594327299,1.0
3,0,Linear (ctrl emb.),ATP5B+ctrl,unseen_single,0.2617233585793669,0.8125338702771077,0.6024985414534973,0.95
3,0,Linear (ctrl emb.),MTHFD1+ctrl,unseen_single,0.12183928478833181,0.5784879665484568,0.7714514911560745,0.95
3,0,Linear (ctrl emb.),TTI2+ctrl,unseen_single,0.012305827610485074,0.8676563501482132,0.9710924439373994,0.95
3,0,Linear (ctrl emb.),GBF1+ctrl,unseen_single,0.0043714873302242345,0.9424762333505532,0.9873014060977293,1.0
3,0,Linear (ctrl emb.),FARSB+ctrl,unseen_single,0.0752474767122553,0.7985909652362188,0.9304513684625604,1.0
3,0,Linear (ctrl emb.),SEC63+ctrl,unseen_single,0.03185390154068717,0.9096058178811732,0.9027466141698424,0.95
3,0,Linear (ctrl emb.),MARS+ctrl,unseen_single,0.22349208715097224,0.6948063245605444,0.7347390557237253,0.85
3,0,Linear (ctrl emb.),ASCC3+ctrl,unseen_single,0.04092365192475958,0.6967849391532854,0.8853089940454748,0.9
3,0,Linear (ctrl emb.),EIF2B2+ctrl,unseen_single,0.23207120222073147,0.7957222554140332,0.8747458665715655,0.95
3,0,Linear (ctrl emb.),ARHGAP22+ctrl,unseen_single,0.024661932683578174,0.891188438209587,0.9482165353468803,0.95
3,0,Linear (ctrl emb.),SRP68+ctrl,unseen_single,0.030980845539955622,0.8326591431046101,0.925348889682652,0.95
3,0,Linear (ctrl emb.),AARS+ctrl,unseen_single,0.3174354237757679,0.751699783402305,0.9107037828732125,1.0
3,0,Linear (ctrl emb.),COPZ1+ctrl,unseen_single,0.06882746869675208,0.832421658931517,0.8971743147177738,0.95
3,0,Linear (ctrl emb.),EIF2B3+ctrl,unseen_single,0.36774797653889235,0.7195276426555641,0.8383194083851095,1.0
3,0,Linear (ctrl emb.),DNAJC19+ctrl,unseen_single,0.05087121057930057,0.8816435602873772,0.9185306471895728,0.95
3,0,Linear (ctrl emb.),TMED2+ctrl,unseen_single,0.06577061792389578,0.9025606356471595,0.8343715274311316,1.0
3,0,Linear (ctrl emb.),P4HB+ctrl,unseen_single,0.0484447869770515,0.8811468097082676,0.8568803865009404,0.95
3,0,GCP-Mamba,DDIT3+ctrl,unseen_single,1.0795906782150269,-0.503856360912323,-0.8262963891029358,0.0
3,0,GCP-Mamba,EIF2B4+ctrl,unseen_single,0.20121435821056366,0.6984867453575134,0.8648641705513,1.0
3,0,GCP-Mamba,SOCS1+ctrl,unseen_single,0.05771202594041824,0.4194236397743225,0.8072670698165894,0.95
3,0,GCP-Mamba,MRGBP+ctrl,unseen_single,0.045861393213272095,0.8493131399154663,0.961174726486206,1.0
3,0,GCP-Mamba,ATP5B+ctrl,unseen_single,0.27020493149757385,0.6629473567008972,0.6339621543884277,1.0
3,0,GCP-Mamba,MTHFD1+ctrl,unseen_single,0.13178007304668427,0.531326174736023,0.7363622188568115,0.95
3,0,GCP-Mamba,TTI2+ctrl,unseen_single,0.013073092326521873,0.8227456212043762,0.9613059759140015,0.95
3,0,GCP-Mamba,GBF1+ctrl,unseen_single,0.004721401259303093,0.9605697989463806,0.9922419190406799,1.0
3,0,GCP-Mamba,FARSB+ctrl,unseen_single,0.03849954530596733,0.8836969137191772,0.9471964836120605,1.0
3,0,GCP-Mamba,SEC63+ctrl,unseen_single,0.026739638298749924,0.9586445093154907,0.9158502817153931,0.95
3,0,GCP-Mamba,MARS+ctrl,unseen_single,0.1623394787311554,0.7429715991020203,0.7905362248420715,0.9
3,0,GCP-Mamba,ASCC3+ctrl,unseen_single,0.046289872378110886,0.706409215927124,0.8813430070877075,0.9
3,0,GCP-Mamba,EIF2B2+ctrl,unseen_single,0.11966226994991302,0.9196575284004211,0.9380390048027039,1.0
3,0,GCP-Mamba,ARHGAP22+ctrl,unseen_single,0.024724332615733147,0.9002790451049805,0.9509166479110718,0.95
3,0,GCP-Mamba,SRP68+ctrl,unseen_single,0.04149990528821945,0.7293469905853271,0.8917553424835205,0.95
3,0,GCP-Mamba,AARS+ctrl,unseen_single,0.14828820526599884,0.8787503242492676,0.9531252980232239,1.0
3,0,GCP-Mamba,COPZ1+ctrl,unseen_single,0.07137928158044815,0.8051578402519226,0.8828738331794739,0.95
3,0,GCP-Mamba,EIF2B3+ctrl,unseen_single,0.3333330750465393,0.7731448411941528,0.8525903820991516,1.0
3,0,GCP-Mamba,DNAJC19+ctrl,unseen_single,0.04042170196771622,0.8478432297706604,0.9435912370681763,1.0
3,0,GCP-Mamba,TMED2+ctrl,unseen_single,0.06738008558750153,0.9246844053268433,0.8194364309310913,1.0
3,0,GCP-Mamba,P4HB+ctrl,unseen_single,0.06436164677143097,0.802710771560669,0.8207906484603882,0.95
3,0,GCP-Mamba (Delta only),DDIT3+ctrl,unseen_single,1.0037267208099365,-0.4625093340873718,-0.8312599062919617,0.0
3,0,GCP-Mamba (Delta only),EIF2B4+ctrl,unseen_single,0.19570055603981018,0.6890807747840881,0.8686628341674805,1.0
3,0,GCP-Mamba (Delta only),SOCS1+ctrl,unseen_single,0.03428862243890762,0.548835813999176,0.8893821835517883,0.95
3,0,GCP-Mamba (Delta only),MRGBP+ctrl,unseen_single,0.05623763054609299,0.8082201480865479,0.9497196674346924,0.95
3,0,GCP-Mamba (Delta only),ATP5B+ctrl,unseen_single,0.24178412556648254,0.6994942426681519,0.6453383564949036,1.0
3,0,GCP-Mamba (Delta only),MTHFD1+ctrl,unseen_single,0.12434748560190201,0.5742326974868774,0.7547040581703186,0.95
3,0,GCP-Mamba (Delta only),TTI2+ctrl,unseen_single,0.009467022493481636,0.8692488670349121,0.969249963760376,0.95
3,0,GCP-Mamba (Delta only),GBF1+ctrl,unseen_single,0.004352029412984848,0.9596333503723145,0.9925475120544434,1.0
3,0,GCP-Mamba (Delta only),FARSB+ctrl,unseen_single,0.04302068054676056,0.871476948261261,0.9470265507698059,1.0
3,0,GCP-Mamba (Delta only),SEC63+ctrl,unseen_single,0.027426207438111305,0.9451172351837158,0.9200586676597595,0.95
3,0,GCP-Mamba (Delta only),MARS+ctrl,unseen_single,0.16887137293815613,0.7431319355964661,0.787769615650177,0.9
3,0,GCP-Mamba (Delta only),ASCC3+ctrl,unseen_single,0.04616566747426987,0.7230851054191589,0.8824636936187744,0.9
3,0,GCP-Mamba (Delta only),EIF2B2+ctrl,unseen_single,0.1533087193965912,0.9027023315429688,0.9186527729034424,1.0
3,0,GCP-Mamba (Delta only),ARHGAP22+ctrl,unseen_single,0.02876288630068302,0.8946747779846191,0.9533945918083191,1.0
3,0,GCP-Mamba (Delta only),SRP68+ctrl,unseen_single,0.031761862337589264,0.7607592940330505,0.91424560546875,1.0
3,0,GCP-Mamba (Delta only),AARS+ctrl,unseen_single,0.2249758243560791,0.8722939491271973,0.944880485534668,1.0
3,0,GCP-Mamba (Delta only),COPZ1+ctrl,unseen_single,0.07016930729150772,0.8118655681610107,0.8875697255134583,0.95
3,0,GCP-Mamba (Delta only),EIF2B3+ctrl,unseen_single,0.38444799184799194,0.6951636672019958,0.8285946846008301,0.95
3,0,GCP-Mamba (Delta only),DNAJC19+ctrl,unseen_single,0.02638162672519684,0.8415577411651611,0.9528582096099854,1.0
3,0,GCP-Mamba (Delta only),TMED2+ctrl,unseen_single,0.06484714895486832,0.9244581460952759,0.8264469504356384,1.0
3,0,GCP-Mamba (Delta only),P4HB+ctrl,unseen_single,0.05799279361963272,0.8349758386611938,0.8286793828010559,0.95
3,0,GCP-Mamba (perm. graph),DDIT3+ctrl,unseen_single,1.1321048736572266,-0.47205978631973267,-0.8360643982887268,0.0
3,0,GCP-Mamba (perm. graph),EIF2B4+ctrl,unseen_single,0.1969880908727646,0.7177219986915588,0.8683862090110779,1.0
3,0,GCP-Mamba (perm. graph),SOCS1+ctrl,unseen_single,0.06032947823405266,0.41062235832214355,0.804140031337738,0.95
3,0,GCP-Mamba (perm. graph),MRGBP+ctrl,unseen_single,0.05271642282605171,0.8400954604148865,0.9553359746932983,1.0
3,0,GCP-Mamba (perm. graph),ATP5B+ctrl,unseen_single,0.25821343064308167,0.637843668460846,0.6369244456291199,1.0
3,0,GCP-Mamba (perm. graph),MTHFD1+ctrl,unseen_single,0.13361433148384094,0.5258589386940002,0.7315868735313416,0.95
3,0,GCP-Mamba (perm. graph),TTI2+ctrl,unseen_single,0.012432531453669071,0.7972787618637085,0.9554026126861572,0.95
3,0,GCP-Mamba (perm. graph),GBF1+ctrl,unseen_single,0.004438142292201519,0.9617758989334106,0.9925501346588135,1.0
3,0,GCP-Mamba (perm. graph),FARSB+ctrl,unseen_single,0.03574187308549881,0.8900182247161865,0.9521183371543884,1.0
3,0,GCP-Mamba (perm. graph),SEC63+ctrl,unseen_single,0.026843246072530746,0.9494900703430176,0.909448504447937,0.95
3,0,GCP-Mamba (perm. graph),MARS+ctrl,unseen_single,0.14744214713573456,0.748238742351532,0.8045320510864258,0.9
3,0,GCP-Mamba (perm. graph),ASCC3+ctrl,unseen_single,0.04817212000489235,0.7152157425880432,0.8776880502700806,0.9
3,0,GCP-Mamba (perm. graph),EIF2B2+ctrl,unseen_single,0.12063872814178467,0.9182797074317932,0.9338595867156982,1.0
3,0,GCP-Mamba (perm. graph),ARHGAP22+ctrl,unseen_single,0.025458794087171555,0.9059002995491028,0.9508371353149414,0.95
3,0,GCP-Mamba (perm. graph),SRP68+ctrl,unseen_single,0.039406534284353256,0.7374336123466492,0.895628809928894,0.95
3,0,GCP-Mamba (perm. graph),AARS+ctrl,unseen_single,0.14906956255435944,0.8928789496421814,0.9614419937133789,1.0
3,0,GCP-Mamba (perm. graph),COPZ1+ctrl,unseen_single,0.06846672296524048,0.8036076426506042,0.8868129849433899,0.95
3,0,GCP-Mamba (perm. graph),EIF2B3+ctrl,unseen_single,0.3229295611381531,0.7860420942306519,0.8626149892807007,1.0
3,0,GCP-Mamba (perm. graph),DNAJC19+ctrl,unseen_single,0.037252265959978104,0.8519476652145386,0.9448661208152771,1.0
3,0,GCP-Mamba (perm. graph),TMED2+ctrl,unseen_single,0.06886129081249237,0.9209251999855042,0.8145670294761658,1.0
3,0,GCP-Mamba (perm. graph),P4HB+ctrl,unseen_single,0.06632667034864426,0.7882654666900635,0.825127899646759,0.95
3,0,GCP-Mamba (random order),DDIT3+ctrl,unseen_single,0.8757244944572449,-0.3797953426837921,-0.8251956105232239,0.05
3,0,GCP-Mamba (random order),EIF2B4+ctrl,unseen_single,0.23948843777179718,0.6467052698135376,0.8217278122901917,0.95
3,0,GCP-Mamba (random order),SOCS1+ctrl,unseen_single,0.07621942460536957,0.36822593212127686,0.7357591986656189,0.9
3,0,GCP-Mamba (random order),MRGBP+ctrl,unseen_single,0.06162114068865776,0.8188949227333069,0.9437994956970215,1.0
3,0,GCP-Mamba (random order),ATP5B+ctrl,unseen_single,0.25868386030197144,0.6382186412811279,0.6506365537643433,1.0
3,0,GCP-Mamba (random order),MTHFD1+ctrl,unseen_single,0.12758061289787292,0.5383936166763306,0.7550453543663025,0.95
3,0,GCP-Mamba (random order),TTI2+ctrl,unseen_single,0.018407871946692467,0.7680590152740479,0.9418843984603882,0.95
3,0,GCP-Mamba (random order),GBF1+ctrl,unseen_single,0.009701778180897236,0.9615078568458557,0.9945032596588135,1.0
3,0,GCP-Mamba (random order),FARSB+ctrl,unseen_single,0.0344722643494606,0.9093545079231262,0.9534689784049988,1.0
3,0,GCP-Mamba (random order),SEC63+ctrl,unseen_single,0.026237066835165024,0.9504009485244751,0.9278430938720703,0.95
3,0,GCP-Mamba (random order),MARS+ctrl,unseen_single,0.1326066553592682,0.7552001476287842,0.8198161125183105,0.95
3,0,GCP-Mamba (random order),ASCC3+ctrl,unseen_single,0.052112430334091187,0.6417743563652039,0.889096200466156,0.9
3,0,GCP-Mamba (random order),EIF2B2+ctrl,unseen_single,0.056410618126392365,0.9517849087715149,0.973812997341156,1.0
3,0,GCP-Mamba (random order),ARHGAP22+ctrl,unseen_single,0.03857402876019478,0.889019787311554,0.9531334638595581,1.0
3,0,GCP-Mamba (random order),SRP68+ctrl,unseen_single,0.04214775562286377,0.6381732225418091,0.8786585927009583,0.95
3,0,GCP-Mamba (random order),AARS+ctrl,unseen_single,0.13151107728481293,0.902550458908081,0.9684424996376038,1.0
3,0,GCP-Mamba (random order),COPZ1+ctrl,unseen_single,0.06526167690753937,0.8355697989463806,0.8951777815818787,0.95
3,0,GCP-Mamba (random order),EIF2B3+ctrl,unseen_single,0.33127298951148987,0.7744476795196533,0.8712015748023987,1.0
3,0,GCP-Mamba (random order),DNAJC19+ctrl,unseen_single,0.034682534635066986,0.82439124584198,0.9462904334068298,1.0
3,0,GCP-Mamba (random order),TMED2+ctrl,unseen_single,0.06926367431879044,0.9058640003204346,0.8134440183639526,1.0
3,0,GCP-Mamba (random order),P4HB+ctrl,unseen_single,0.04961511492729187,0.8465489745140076,0.8456594944000244,0.95
3,0,Mamba (no graph),DDIT3+ctrl,unseen_single,0.9319698214530945,-0.4156152009963989,-0.8397440910339355,0.0
3,0,Mamba (no graph),EIF2B4+ctrl,unseen_single,0.21384255588054657,0.6834523677825928,0.8616935610771179,0.95
3,0,Mamba (no graph),SOCS1+ctrl,unseen_single,0.03877570107579231,0.5489488840103149,0.879011869430542,0.95
3,0,Mamba (no graph),MRGBP+ctrl,unseen_single,0.06786854565143585,0.7734593152999878,0.9291994571685791,1.0
3,0,Mamba (no graph),ATP5B+ctrl,unseen_single,0.2502709627151489,0.6798762679100037,0.6480033993721008,1.0
3,0,Mamba (no graph),MTHFD1+ctrl,unseen_single,0.12484925985336304,0.5557917952537537,0.7655531167984009,0.95
3,0,Mamba (no graph),TTI2+ctrl,unseen_single,0.015594986267387867,0.7879825234413147,0.954728364944458,1.0
3,0,Mamba (no graph),GBF1+ctrl,unseen_single,0.010185510851442814,0.9524707198143005,0.9911372065544128,1.0
3,0,Mamba (no graph),FARSB+ctrl,unseen_single,0.03886040300130844,0.8801749348640442,0.9493305087089539,1.0
3,0,Mamba (no graph),SEC63+ctrl,unseen_single,0.025327693670988083,0.9551554322242737,0.928317666053772,0.95
3,0,Mamba (no graph),MARS+ctrl,unseen_single,0.13740801811218262,0.7550528049468994,0.8189795613288879,0.9
3,0,Mamba (no graph),ASCC3+ctrl,unseen_single,0.04253566265106201,0.7027063369750977,0.8911555409431458,0.9
3,0,Mamba (no graph),EIF2B2+ctrl,unseen_single,0.11250879615545273,0.9333876371383667,0.9502857327461243,1.0
3,0,Mamba (no graph),ARHGAP22+ctrl,unseen_single,0.03226225823163986,0.868985652923584,0.9563124775886536,1.0
3,0,Mamba (no graph),SRP68+ctrl,unseen_single,0.03686114773154259,0.7116931676864624,0.8961202502250671,0.95
3,0,Mamba (no graph),AARS+ctrl,unseen_single,0.1673678606748581,0.8984167575836182,0.9659277200698853,1.0
3,0,Mamba (no graph),COPZ1+ctrl,unseen_single,0.06808866560459137,0.8229069709777832,0.8901490569114685,0.95
3,0,Mamba (no graph),EIF2B3+ctrl,unseen_single,0.3664543032646179,0.7122050523757935,0.82303386926651,1.0
3,0,Mamba (no graph),DNAJC19+ctrl,unseen_single,0.032770466059446335,0.8760054707527161,0.9509283900260925,1.0
3,0,Mamba (no graph),TMED2+ctrl,unseen_single,0.0640881285071373,0.9136630892753601,0.8309405446052551,1.0
3,0,Mamba (no graph),P4HB+ctrl,unseen_single,0.05243201181292534,0.8379791378974915,0.8342594504356384,0.95
3,0,Graph-MLP (no scan),DDIT3+ctrl,unseen_single,0.9026185870170593,-0.479062557220459,-0.8127099275588989,0.05
3,0,Graph-MLP (no scan),EIF2B4+ctrl,unseen_single,0.1600949913263321,0.7977747917175293,0.8938494324684143,1.0
3,0,Graph-MLP (no scan),SOCS1+ctrl,unseen_single,0.025242948904633522,0.6761960983276367,0.9211335778236389,0.95
3,0,Graph-MLP (no scan),MRGBP+ctrl,unseen_single,0.033781323581933975,0.850470781326294,0.9652831554412842,1.0
3,0,Graph-MLP (no scan),ATP5B+ctrl,unseen_single,0.26361218094825745,0.7198986411094666,0.6196231245994568,0.95
3,0,Graph-MLP (no scan),MTHFD1+ctrl,unseen_single,0.1248483806848526,0.5589480400085449,0.7613738775253296,0.95
3,0,Graph-MLP (no scan),TTI2+ctrl,unseen_single,0.012447885237634182,0.8887002468109131,0.9742021560668945,0.95
3,0,Graph-MLP (no scan),GBF1+ctrl,unseen_single,0.003698625136166811,0.9516195058822632,0.989381730556488,1.0
3,0,Graph-MLP (no scan),FARSB+ctrl,unseen_single,0.0449208989739418,0.880996823310852,0.9472971558570862,1.0
3,0,Graph-MLP (no scan),SEC63+ctrl,unseen_single,0.02879226766526699,0.9353994727134705,0.9128099083900452,0.95
3,0,Graph-MLP (no scan),MARS+ctrl,unseen_single,0.17967550456523895,0.751471221446991,0.7766258120536804,0.9
3,0,Graph-MLP (no scan),ASCC3+ctrl,unseen_single,0.041857294738292694,0.7304043173789978,0.883841872215271,0.9
3,0,Graph-MLP (no scan),EIF2B2+ctrl,unseen_single,0.1974952667951584,0.8584335446357727,0.8949100971221924,1.0
3,0,Graph-MLP (no scan),ARHGAP22+ctrl,unseen_single,0.026944812387228012,0.9066925644874573,0.9515100121498108,1.0
3,0,Graph-MLP (no scan),SRP68+ctrl,unseen_single,0.03387514874339104,0.7464184165000916,0.9077156782150269,1.0
3,0,Graph-MLP (no scan),AARS+ctrl,unseen_single,0.21247032284736633,0.8637111783027649,0.9445399045944214,1.0
3,0,Graph-MLP (no scan),COPZ1+ctrl,unseen_single,0.07022790610790253,0.8300975561141968,0.8929967880249023,0.95
3,0,Graph-MLP (no scan),EIF2B3+ctrl,unseen_single,0.3261837363243103,0.7840958833694458,0.8653106689453125,1.0
3,0,Graph-MLP (no scan),DNAJC19+ctrl,unseen_single,0.033443160355091095,0.8729299306869507,0.9406453967094421,1.0
3,0,Graph-MLP (no scan),TMED2+ctrl,unseen_single,0.0649910643696785,0.9163404703140259,0.8474256992340088,1.0
3,0,Graph-MLP (no scan),P4HB+ctrl,unseen_single,0.04971371963620186,0.8503669500350952,0.8487480282783508,0.95
3,0,"GCP-Mamba (Delta only, w_c~N(0,1))",DDIT3+ctrl,unseen_single,1.0037752389907837,-0.4625306725502014,-0.8312371373176575,0.0
3,0,"GCP-Mamba (Delta only, w_c~N(0,1))",EIF2B4+ctrl,unseen_single,0.19570156931877136,0.6890205144882202,0.8686283826828003,1.0
3,0,"GCP-Mamba (Delta only, w_c~N(0,1))",SOCS1+ctrl,unseen_single,0.03428896144032478,0.5488560795783997,0.8893916010856628,0.95
3,0,"GCP-Mamba (Delta only, w_c~N(0,1))",MRGBP+ctrl,unseen_single,0.05620888993144035,0.808262825012207,0.9497296214103699,0.95
3,0,"GCP-Mamba (Delta only, w_c~N(0,1))",ATP5B+ctrl,unseen_single,0.24175074696540833,0.6995006799697876,0.6453971862792969,1.0
3,0,"GCP-Mamba (Delta only, w_c~N(0,1))",MTHFD1+ctrl,unseen_single,0.1243501529097557,0.5742202997207642,0.7546917796134949,0.95
3,0,"GCP-Mamba (Delta only, w_c~N(0,1))",TTI2+ctrl,unseen_single,0.00946553610265255,0.8692712783813477,0.9692502021789551,0.95
3,0,"GCP-Mamba (Delta only, w_c~N(0,1))",GBF1+ctrl,unseen_single,0.00434823427349329,0.9596458077430725,0.9925514459609985,1.0
3,0,"GCP-Mamba (Delta only, w_c~N(0,1))",FARSB+ctrl,unseen_single,0.043019287288188934,0.871487021446228,0.9470258355140686,1.0
3,0,"GCP-Mamba (Delta only, w_c~N(0,1))",SEC63+ctrl,unseen_single,0.027426045387983322,0.9451185464859009,0.920044481754303,0.95
3,0,"GCP-Mamba (Delta only, w_c~N(0,1))",MARS+ctrl,unseen_single,0.16888964176177979,0.7431370615959167,0.7876986265182495,0.9
3,0,"GCP-Mamba (Delta only, w_c~N(0,1))",ASCC3+ctrl,unseen_single,0.046154823154211044,0.7231212854385376,0.8824716210365295,0.9
3,0,"GCP-Mamba (Delta only, w_c~N(0,1))",EIF2B2+ctrl,unseen_single,0.15330764651298523,0.9026955366134644,0.9186378717422485,1.0
3,0,"GCP-Mamba (Delta only, w_c~N(0,1))",ARHGAP22+ctrl,unseen_single,0.02876036800444126,0.8946694731712341,0.9533863067626953,1.0
3,0,"GCP-Mamba (Delta only, w_c~N(0,1))",SRP68+ctrl,unseen_single,0.03176052123308182,0.7607585191726685,0.9142469167709351,1.0
3,0,"GCP-Mamba (Delta only, w_c~N(0,1))",AARS+ctrl,unseen_single,0.22496816515922546,0.872297465801239,0.9448789954185486,1.0
3,0,"GCP-Mamba (Delta only, w_c~N(0,1))",COPZ1+ctrl,unseen_single,0.07017241418361664,0.8118532299995422,0.8875536918640137,0.95
3,0,"GCP-Mamba (Delta only, w_c~N(0,1))",EIF2B3+ctrl,unseen_single,0.3844543695449829,0.695133626461029,0.8285632133483887,0.95
3,0,"GCP-Mamba (Delta only, w_c~N(0,1))",DNAJC19+ctrl,unseen_single,0.026376839727163315,0.8415719866752625,0.9528706669807434,1.0
3,0,"GCP-Mamba (Delta only, w_c~N(0,1))",TMED2+ctrl,unseen_single,0.0648607611656189,0.9244596362113953,0.8264034390449524,1.0
3,0,"GCP-Mamba (Delta only, w_c~N(0,1))",P4HB+ctrl,unseen_single,0.05798531696200371,0.8349437117576599,0.8286837935447693,0.95
3,0,GCP-Mamba (additive prior),DDIT3+ctrl,unseen_single,1.0796968936920166,-0.5038373470306396,-0.8262906670570374,0.0
3,0,GCP-Mamba (additive prior),EIF2B4+ctrl,unseen_single,0.20111708343029022,0.6985189318656921,0.8649445176124573,1.0
3,0,GCP-Mamba (additive prior),SOCS1+ctrl,unseen_single,0.057682983577251434,0.41954928636550903,0.8073647022247314,0.95
3,0,GCP-Mamba (additive prior),MRGBP+ctrl,unseen_single,0.04583742097020149,0.8492966294288635,0.961164653301239,1.0
3,0,GCP-Mamba (additive prior),ATP5B+ctrl,unseen_single,0.2702343761920929,0.6629793047904968,0.6339512467384338,1.0
3,0,GCP-Mamba (additive prior),MTHFD1+ctrl,unseen_single,0.13175839185714722,0.5313458442687988,0.7364336848258972,0.95
3,0,GCP-Mamba (additive prior),TTI2+ctrl,unseen_single,0.01305711455643177,0.8227543234825134,0.9613250494003296,0.95
3,0,GCP-Mamba (additive prior),GBF1+ctrl,unseen_single,0.004713163711130619,0.9605565071105957,0.9922389984130859,1.0
3,0,GCP-Mamba (additive prior),FARSB+ctrl,unseen_single,0.03849182650446892,0.8837049007415771,0.9472042322158813,1.0
3,0,GCP-Mamba (additive prior),SEC63+ctrl,unseen_single,0.0267300046980381,0.958635151386261,0.9158655405044556,0.95
3,0,GCP-Mamba (additive prior),MARS+ctrl,unseen_single,0.16234427690505981,0.7429876327514648,0.7905194759368896,0.9
3,0,GCP-Mamba (additive prior),ASCC3+ctrl,unseen_single,0.04627213627099991,0.7063979506492615,0.8813624978065491,0.9
3,0,GCP-Mamba (additive prior),EIF2B2+ctrl,unseen_single,0.11960731446743011,0.9196542501449585,0.9380543828010559,1.0
3,0,GCP-Mamba (additive prior),ARHGAP22+ctrl,unseen_single,0.02470550499856472,0.9002965092658997,0.9509332180023193,0.95
3,0,GCP-Mamba (additive prior),SRP68+ctrl,unseen_single,0.04148607701063156,0.7293869256973267,0.8917911648750305,0.95
3,0,GCP-Mamba (additive prior),AARS+ctrl,unseen_single,0.14823761582374573,0.8787479996681213,0.9531314373016357,1.0
3,0,GCP-Mamba (additive prior),COPZ1+ctrl,unseen_single,0.07136716693639755,0.8051916360855103,0.8828875422477722,0.95
3,0,GCP-Mamba (additive prior),EIF2B3+ctrl,unseen_single,0.3332255482673645,0.7731471061706543,0.852645993232727,1.0
3,0,GCP-Mamba (additive prior),DNAJC19+ctrl,unseen_single,0.04042879864573479,0.8478659391403198,0.9435985684394836,1.0
3,0,GCP-Mamba (additive prior),TMED2+ctrl,unseen_single,0.06736630201339722,0.9246916174888611,0.8194810152053833,1.0
3,0,GCP-Mamba (additive prior),P4HB+ctrl,unseen_single,0.06435896456241608,0.8027501106262207,0.8208183646202087,0.95
3,0,Mamba (additive prior),DDIT3+ctrl,unseen_single,0.9320051074028015,-0.41575169563293457,-0.8397334814071655,0.0
3,0,Mamba (additive prior),EIF2B4+ctrl,unseen_single,0.2137928009033203,0.6834329962730408,0.8618496060371399,0.95
3,0,Mamba (additive prior),SOCS1+ctrl,unseen_single,0.03873871639370918,0.5492658019065857,0.8791899085044861,0.95
3,0,Mamba (additive prior),MRGBP+ctrl,unseen_single,0.06801497936248779,0.7728867530822754,0.9290090799331665,1.0
3,0,Mamba (additive prior),ATP5B+ctrl,unseen_single,0.25037503242492676,0.6800141930580139,0.6479191780090332,1.0
3,0,Mamba (additive prior),MTHFD1+ctrl,unseen_single,0.12484186887741089,0.5557388067245483,0.7655697464942932,0.95
3,0,Mamba (additive prior),TTI2+ctrl,unseen_single,0.015563473105430603,0.7881119251251221,0.954779863357544,1.0
3,0,Mamba (additive prior),GBF1+ctrl,unseen_single,0.010201959870755672,0.9523983001708984,0.9911184906959534,1.0
3,0,Mamba (additive prior),FARSB+ctrl,unseen_single,0.038849420845508575,0.8801489472389221,0.9493250250816345,1.0
3,0,Mamba (additive prior),SEC63+ctrl,unseen_single,0.025314053520560265,0.9551612734794617,0.9283688068389893,0.95
3,0,Mamba (additive prior),MARS+ctrl,unseen_single,0.13742315769195557,0.7550922632217407,0.8189452886581421,0.9
3,0,Mamba (additive prior),ASCC3+ctrl,unseen_single,0.042543791234493256,0.70268315076828,0.8911981582641602,0.9
3,0,Mamba (additive prior),EIF2B2+ctrl,unseen_single,0.11244611442089081,0.9333794713020325,0.9503023624420166,1.0
3,0,Mamba (additive prior),ARHGAP22+ctrl,unseen_single,0.03228230029344559,0.8689390420913696,0.9563282132148743,1.0
3,0,Mamba (additive prior),SRP68+ctrl,unseen_single,0.03684427961707115,0.7117632031440735,0.8961506485939026,0.95
3,0,Mamba (additive prior),AARS+ctrl,unseen_single,0.16730016469955444,0.898421049118042,0.9659475684165955,1.0
3,0,Mamba (additive prior),COPZ1+ctrl,unseen_single,0.06807936728000641,0.8229365944862366,0.890152096748352,0.95
3,0,Mamba (additive prior),EIF2B3+ctrl,unseen_single,0.3663315176963806,0.712206244468689,0.8231304287910461,1.0
3,0,Mamba (additive prior),DNAJC19+ctrl,unseen_single,0.03282114863395691,0.876157820224762,0.9509078860282898,1.0
3,0,Mamba (additive prior),TMED2+ctrl,unseen_single,0.06406532227993011,0.9137463569641113,0.8310009241104126,1.0
3,0,Mamba (additive prior),P4HB+ctrl,unseen_single,0.052428871393203735,0.8381286263465881,0.8342961072921753,0.95
4,0,No change,IER3IP1+ctrl,unseen_single,0.29512327909469604,,,0.0
4,0,No change,YIPF5+ctrl,unseen_single,0.25336477160453796,,,0.0
4,0,No change,UFL1+ctrl,unseen_single,0.17042051255702972,,,0.0
4,0,No change,SAMM50+ctrl,unseen_single,0.23117610812187195,,,0.0
4,0,No change,SEL1L+ctrl,unseen_single,0.2869614362716675,,,0.0
4,0,No change,ATP5B+ctrl,unseen_single,0.42614373564720154,,,0.0
4,0,No change,TTI2+ctrl,unseen_single,0.21260881423950195,,,0.0
4,0,No change,TELO2+ctrl,unseen_single,0.18490466475486755,,,0.0
4,0,No change,MARS+ctrl,unseen_single,0.4011409282684326,,,0.0
4,0,No change,ARHGAP22+ctrl,unseen_single,0.2063310593366623,,,0.0
4,0,No change,SCYL1+ctrl,unseen_single,0.25163063406944275,,,0.0
4,0,No change,SLC35B1+ctrl,unseen_single,0.20163218677043915,,,0.0
4,0,No change,TMED10+ctrl,unseen_single,0.1951393187046051,,,0.0
4,0,No change,COPB1+ctrl,unseen_single,0.21927177906036377,,,0.0
4,0,No change,AARS+ctrl,unseen_single,0.7807363271713257,,,0.0
4,0,No change,PPWD1+ctrl,unseen_single,0.2569097876548767,,,0.0
4,0,No change,EIF2B3+ctrl,unseen_single,0.7276490926742554,,,0.0
4,0,No change,SEC61G+ctrl,unseen_single,0.34328097105026245,,,0.0
4,0,No change,TMED2+ctrl,unseen_single,0.26126354932785034,,,0.0
4,0,No change,P4HB+ctrl,unseen_single,0.22427181899547577,,,0.0
4,0,No change,SPCS2+ctrl,unseen_single,0.2684652805328369,,,0.0
4,0,Train mean,IER3IP1+ctrl,unseen_single,0.12169493734836578,0.826833188533783,0.8651148676872253,0.95
4,0,Train mean,YIPF5+ctrl,unseen_single,0.06237592175602913,0.8751376271247864,0.9233108758926392,0.95
4,0,Train mean,UFL1+ctrl,unseen_single,0.009926228784024715,0.8751217722892761,0.9769459962844849,0.95
4,0,Train mean,SAMM50+ctrl,unseen_single,0.026941757649183273,0.855130136013031,0.9610636234283447,1.0
4,0,Train mean,SEL1L+ctrl,unseen_single,0.09388400614261627,0.8312591314315796,0.8987504243850708,1.0
4,0,Train mean,ATP5B+ctrl,unseen_single,0.26759597659111023,0.8016880750656128,0.5892753005027771,0.95
4,0,Train mean,TTI2+ctrl,unseen_single,0.01660187914967537,0.8636575937271118,0.9711552858352661,0.95
4,0,Train mean,TELO2+ctrl,unseen_single,0.031048599630594254,0.8518736362457275,0.8597885966300964,0.95
4,0,Train mean,MARS+ctrl,unseen_single,0.23898427188396454,0.6800839900970459,0.717521607875824,0.85
4,0,Train mean,ARHGAP22+ctrl,unseen_single,0.0269058458507061,0.8855958580970764,0.9448273777961731,1.0
4,0,Train mean,SCYL1+ctrl,unseen_single,0.06176090985536575,0.8675966262817383,0.9210035800933838,0.95
4,0,Train mean,SLC35B1+ctrl,unseen_single,0.027488600462675095,0.8941000699996948,0.9239255785942078,1.0
4,0,Train mean,TMED10+ctrl,unseen_single,0.031583115458488464,0.890969455242157,0.9014236330986023,0.95
4,0,Train mean,COPB1+ctrl,unseen_single,0.021374179050326347,0.8598192930221558,0.972595751285553,1.0
4,0,Train mean,AARS+ctrl,unseen_single,0.33744317293167114,0.7449831366539001,0.9101863503456116,1.0
4,0,Train mean,PPWD1+ctrl,unseen_single,0.041550397872924805,0.7346210479736328,0.9365667104721069,1.0
4,0,Train mean,EIF2B3+ctrl,unseen_single,0.36708635091781616,0.7361326217651367,0.8508572578430176,1.0
4,0,Train mean,SEC61G+ctrl,unseen_single,0.12167936563491821,0.8739346861839294,0.8469761610031128,0.95
4,0,Train mean,TMED2+ctrl,unseen_single,0.06876017898321152,0.8670487403869629,0.8396705985069275,1.0
4,0,Train mean,P4HB+ctrl,unseen_single,0.0499284528195858,0.8717712163925171,0.861282467842102,1.0
4,0,Train mean,SPCS2+ctrl,unseen_single,0.08708552271127701,0.858518660068512,0.7439947128295898,0.95
4,0,Additive,IER3IP1+ctrl,unseen_single,0.12156198918819427,0.8277744650840759,0.8665562272071838,0.95
4,0,Additive,YIPF5+ctrl,unseen_single,0.06244511529803276,0.8767934441566467,0.9254438281059265,0.95
4,0,Additive,UFL1+ctrl,unseen_single,0.010778198949992657,0.875435471534729,0.976983368396759,0.95
4,0,Additive,SAMM50+ctrl,unseen_single,0.028504759073257446,0.8543199300765991,0.9606623649597168,1.0
4,0,Additive,SEL1L+ctrl,unseen_single,0.09639988839626312,0.8302211165428162,0.8957430720329285,1.0
4,0,Additive,ATP5B+ctrl,unseen_single,0.2659325897693634,0.8016525506973267,0.5944375395774841,0.95
4,0,Additive,TTI2+ctrl,unseen_single,0.01855742745101452,0.8620595932006836,0.9697098731994629,0.95
4,0,Additive,TELO2+ctrl,unseen_single,0.03210325539112091,0.8516586422920227,0.859085738658905,0.95
4,0,Additive,MARS+ctrl,unseen_single,0.24235697090625763,0.6791040301322937,0.7175188064575195,0.85
4,0,Additive,ARHGAP22+ctrl,unseen_single,0.028808385133743286,0.8845528960227966,0.942378580570221,1.0
4,0,Additive,SCYL1+ctrl,unseen_single,0.06153292581439018,0.8687527179718018,0.9225704073905945,0.95
4,0,Additive,SLC35B1+ctrl,unseen_single,0.028913399204611778,0.8931058645248413,0.9231719374656677,1.0
4,0,Additive,TMED10+ctrl,unseen_single,0.03276725858449936,0.8906962871551514,0.9011662602424622,0.95
4,0,Additive,COPB1+ctrl,unseen_single,0.021700866520404816,0.8612787127494812,0.973114013671875,1.0
4,0,Additive,AARS+ctrl,unseen_single,0.33940717577934265,0.7453470826148987,0.9113418459892273,1.0
4,0,Additive,PPWD1+ctrl,unseen_single,0.04230109602212906,0.7387272715568542,0.9376243352890015,1.0
4,0,Additive,EIF2B3+ctrl,unseen_single,0.3673604726791382,0.7363043427467346,0.8558135628700256,1.0
4,0,Additive,SEC61G+ctrl,unseen_single,0.12351850420236588,0.8728603720664978,0.8475964665412903,0.95
4,0,Additive,TMED2+ctrl,unseen_single,0.06992121040821075,0.8666363954544067,0.8407484889030457,1.0
4,0,Additive,P4HB+ctrl,unseen_single,0.0513247549533844,0.8704891800880432,0.8605691194534302,1.0
4,0,Additive,SPCS2+ctrl,unseen_single,0.08845996111631393,0.8587599992752075,0.7444684505462646,0.95
4,0,Linear (PCA),IER3IP1+ctrl,unseen_single,0.1216949434398178,0.8268331668376123,0.8651148859736676,0.95
4,0,Linear (PCA),YIPF5+ctrl,unseen_single,0.06237591797687277,0.8751375537917173,0.9233108976880164,0.95
4,0,Linear (PCA),UFL1+ctrl,unseen_single,0.009926229753762427,0.8751216814779094,0.9769459004498251,0.95
4,0,Linear (PCA),SAMM50+ctrl,unseen_single,0.026941759795231134,0.8551300718583397,0.9610636779483619,1.0
4,0,Linear (PCA),SEL1L+ctrl,unseen_single,0.09388400134053301,0.8312590530445887,0.8987504395394051,1.0
4,0,Linear (PCA),ATP5B+ctrl,unseen_single,0.26759598815627444,0.8016880842444001,0.5892752985361424,0.95
4,0,Linear (PCA),TTI2+ctrl,unseen_single,0.01660187986668283,0.8636576287861744,0.9711554151888523,0.95
4,0,Linear (PCA),TELO2+ctrl,unseen_single,0.031048596863947682,0.8518736255508058,0.8597886630582029,0.95
4,0,Linear (PCA),MARS+ctrl,unseen_single,0.23898429559071338,0.6800839728066178,0.7175215878251672,0.85
4,0,Linear (PCA),ARHGAP22+ctrl,unseen_single,0.026905844601497565,0.8855957696016672,0.9448274416603798,1.0
4,0,Linear (PCA),SCYL1+ctrl,unseen_single,0.06176090923298213,0.8675965935579172,0.9210036490724852,0.95
4,0,Linear (PCA),SLC35B1+ctrl,unseen_single,0.02748859789769395,0.8941000483415238,0.9239256721931504,1.0
4,0,Linear (PCA),TMED10+ctrl,unseen_single,0.031583116088880314,0.8909694136843428,0.9014235213495304,0.95
4,0,Linear (PCA),COPB1+ctrl,unseen_single,0.021374179981997712,0.8598192885131408,0.9725958342168222,1.0
4,0,Linear (PCA),AARS+ctrl,unseen_single,0.33744313476716487,0.7449831372683857,0.9101864332987486,1.0
4,0,Linear (PCA),PPWD1+ctrl,unseen_single,0.041550397984860724,0.734621018732363,0.9365668366757532,1.0
4,0,Linear (PCA),EIF2B3+ctrl,unseen_single,0.3670863011072287,0.7361326589077136,0.850857217320535,1.0
4,0,Linear (PCA),SEC61G+ctrl,unseen_single,0.12167937328446388,0.8739347268700294,0.8469761211145134,0.95
4,0,Linear (PCA),TMED2+ctrl,unseen_single,0.06876018844296121,0.8670487666030096,0.8396706003759177,1.0
4,0,Linear (PCA),P4HB+ctrl,unseen_single,0.04992845264807717,0.8717711232723973,0.8612823811160312,1.0
4,0,Linear (PCA),SPCS2+ctrl,unseen_single,0.0870855218674178,0.8585185827571495,0.7439947426607281,0.95
4,0,Linear (ctrl emb.),IER3IP1+ctrl,unseen_single,0.12683123101785543,0.8293907340828698,0.8598333518720934,0.95
4,0,Linear (ctrl emb.),YIPF5+ctrl,unseen_single,0.060545703312674025,0.8862264453279091,0.9261056823136076,0.95
4,0,Linear (ctrl emb.),UFL1+ctrl,unseen_single,0.008624051214377478,0.885297636843593,0.9778192001204866,0.95
4,0,Linear (ctrl emb.),SAMM50+ctrl,unseen_single,0.024806719535402096,0.8602428883232766,0.9633869894973706,1.0
4,0,Linear (ctrl emb.),SEL1L+ctrl,unseen_single,0.09119268445047722,0.8439002470483474,0.8993852472446326,1.0
4,0,Linear (ctrl emb.),ATP5B+ctrl,unseen_single,0.26029433209873487,0.8044309924027788,0.6065413022139735,0.95
4,0,Linear (ctrl emb.),TTI2+ctrl,unseen_single,0.016336157750209194,0.8507397627449959,0.9681478985683021,0.95
4,0,Linear (ctrl emb.),TELO2+ctrl,unseen_single,0.030302038199537733,0.8589035929471073,0.8620385810058333,0.95
4,0,Linear (ctrl emb.),MARS+ctrl,unseen_single,0.22972092162575306,0.7097259979298736,0.7323869109079033,0.85
4,0,Linear (ctrl emb.),ARHGAP22+ctrl,unseen_single,0.027690482372613318,0.8873154249930347,0.9448203565817422,1.0
4,0,Linear (ctrl emb.),SCYL1+ctrl,unseen_single,0.06086162026332115,0.8610353523030897,0.9215047312185184,0.95
4,0,Linear (ctrl emb.),SLC35B1+ctrl,unseen_single,0.027030760834152096,0.9026180871111931,0.9276403899404976,1.0
4,0,Linear (ctrl emb.),TMED10+ctrl,unseen_single,0.029288756014160106,0.9080650457336469,0.9070808779246614,0.95
4,0,Linear (ctrl emb.),COPB1+ctrl,unseen_single,0.020282163539206113,0.8618549285670124,0.9727815724424189,1.0
4,0,Linear (ctrl emb.),AARS+ctrl,unseen_single,0.3189127621501061,0.7661359582052868,0.9218921761771102,1.0
4,0,Linear (ctrl emb.),PPWD1+ctrl,unseen_single,0.042108488089730736,0.7415984712386313,0.9380825817580343,1.0
4,0,Linear (ctrl emb.),EIF2B3+ctrl,unseen_single,0.3459599512744408,0.7584540746959781,0.8678729589744126,1.0
4,0,Linear (ctrl emb.),SEC61G+ctrl,unseen_single,0.12014372424384509,0.8704202603431125,0.8477683235843957,0.95
4,0,Linear (ctrl emb.),TMED2+ctrl,unseen_single,0.0679122776485606,0.8800496265914749,0.8375403358565521,1.0
4,0,Linear (ctrl emb.),P4HB+ctrl,unseen_single,0.04772142220091531,0.8878621072881592,0.8639212856056177,1.0
4,0,Linear (ctrl emb.),SPCS2+ctrl,unseen_single,0.08547669158886692,0.8634069392345948,0.7464214565226149,0.95
4,0,GCP-Mamba,IER3IP1+ctrl,unseen_single,0.12684746086597443,0.8220799565315247,0.8608986735343933,0.95
4,0,GCP-Mamba,YIPF5+ctrl,unseen_single,0.06414835900068283,0.872526228427887,0.9223024845123291,0.95
4,0,GCP-Mamba,UFL1+ctrl,unseen_single,0.008739637210965157,0.8623088002204895,0.976682722568512,0.95
4,0,GCP-Mamba,SAMM50+ctrl,unseen_single,0.025835085660219193,0.858525812625885,0.9614601135253906,1.0
4,0,GCP-Mamba,SEL1L+ctrl,unseen_single,0.09511154145002365,0.8280282616615295,0.8954874873161316,1.0
4,0,GCP-Mamba,ATP5B+ctrl,unseen_single,0.26247522234916687,0.8016891479492188,0.5911916494369507,0.95
4,0,GCP-Mamba,TTI2+ctrl,unseen_single,0.015556549653410912,0.8584703803062439,0.9711940288543701,1.0
4,0,GCP-Mamba,TELO2+ctrl,unseen_single,0.030314598232507706,0.8553784489631653,0.8593191504478455,0.95
4,0,GCP-Mamba,MARS+ctrl,unseen_single,0.23703941702842712,0.6850093603134155,0.7212072014808655,0.85
4,0,GCP-Mamba,ARHGAP22+ctrl,unseen_single,0.026441698893904686,0.8872433304786682,0.9461889863014221,1.0
4,0,GCP-Mamba,SCYL1+ctrl,unseen_single,0.06369710713624954,0.8645220398902893,0.9191210865974426,0.95
4,0,GCP-Mamba,SLC35B1+ctrl,unseen_single,0.025573644787073135,0.8946331143379211,0.9248597621917725,1.0
4,0,GCP-Mamba,TMED10+ctrl,unseen_single,0.029462512582540512,0.8879531025886536,0.9025440216064453,0.95
4,0,GCP-Mamba,COPB1+ctrl,unseen_single,0.022054506465792656,0.8553119897842407,0.9723267555236816,1.0
4,0,GCP-Mamba,AARS+ctrl,unseen_single,0.34195250272750854,0.7385686635971069,0.9097298383712769,1.0
4,0,GCP-Mamba,PPWD1+ctrl,unseen_single,0.04221082478761673,0.7329654097557068,0.936959981918335,1.0
4,0,GCP-Mamba,EIF2B3+ctrl,unseen_single,0.36763936281204224,0.7328820824623108,0.8457174897193909,1.0
4,0,GCP-Mamba,SEC61G+ctrl,unseen_single,0.11998233944177628,0.8686999678611755,0.8434988856315613,0.95
4,0,GCP-Mamba,TMED2+ctrl,unseen_single,0.06925484538078308,0.8725841045379639,0.8361558318138123,1.0
4,0,GCP-Mamba,P4HB+ctrl,unseen_single,0.04956463724374771,0.8734257817268372,0.8615230321884155,1.0
4,0,GCP-Mamba,SPCS2+ctrl,unseen_single,0.0849296823143959,0.8485086560249329,0.7408548593521118,0.95
4,0,GCP-Mamba (Delta only),IER3IP1+ctrl,unseen_single,0.12801799178123474,0.8238705992698669,0.8603125810623169,0.95
4,0,GCP-Mamba (Delta only),YIPF5+ctrl,unseen_single,0.06491635739803314,0.874319314956665,0.9219640493392944,0.95
4,0,GCP-Mamba (Delta only),UFL1+ctrl,unseen_single,0.011179891414940357,0.8203002214431763,0.9741531610488892,0.95
4,0,GCP-Mamba (Delta only),SAMM50+ctrl,unseen_single,0.026953209191560745,0.8539929986000061,0.9617064595222473,1.0
4,0,GCP-Mamba (Delta only),SEL1L+ctrl,unseen_single,0.09412164986133575,0.825370728969574,0.8997184038162231,1.0
4,0,GCP-Mamba (Delta only),ATP5B+ctrl,unseen_single,0.2668691575527191,0.7966082692146301,0.5940144658088684,0.95
4,0,GCP-Mamba (Delta only),TTI2+ctrl,unseen_single,0.01763385534286499,0.8476651906967163,0.9692423343658447,1.0
4,0,GCP-Mamba (Delta only),TELO2+ctrl,unseen_single,0.029357558116316795,0.8571116924285889,0.8642921447753906,0.95
4,0,GCP-Mamba (Delta only),MARS+ctrl,unseen_single,0.23598237335681915,0.6916931867599487,0.7170858979225159,0.8
4,0,GCP-Mamba (Delta only),ARHGAP22+ctrl,unseen_single,0.025740528479218483,0.894014835357666,0.9481982588768005,1.0
4,0,GCP-Mamba (Delta only),SCYL1+ctrl,unseen_single,0.06325498968362808,0.8656036853790283,0.9205254912376404,0.95
4,0,GCP-Mamba (Delta only),SLC35B1+ctrl,unseen_single,0.02631305158138275,0.9055078029632568,0.9255539178848267,1.0
4,0,GCP-Mamba (Delta only),TMED10+ctrl,unseen_single,0.030109578743577003,0.8986121416091919,0.9049891829490662,0.95
4,0,GCP-Mamba (Delta only),COPB1+ctrl,unseen_single,0.022726336494088173,0.8603687286376953,0.9724965691566467,1.0
4,0,GCP-Mamba (Delta only),AARS+ctrl,unseen_single,0.3445363938808441,0.7514209747314453,0.9099770188331604,1.0
4,0,GCP-Mamba (Delta only),PPWD1+ctrl,unseen_single,0.042834728956222534,0.7317911982536316,0.9354793429374695,1.0
4,0,GCP-Mamba (Delta only),EIF2B3+ctrl,unseen_single,0.36784619092941284,0.7415229082107544,0.8455309867858887,1.0
4,0,GCP-Mamba (Delta only),SEC61G+ctrl,unseen_single,0.12457386404275894,0.8701820373535156,0.8449788093566895,0.95
4,0,GCP-Mamba (Delta only),TMED2+ctrl,unseen_single,0.06554452329874039,0.8869285583496094,0.8390558362007141,1.0
4,0,GCP-Mamba (Delta only),P4HB+ctrl,unseen_single,0.04612229764461517,0.8896756768226624,0.8657073378562927,1.0
4,0,GCP-Mamba (Delta only),SPCS2+ctrl,unseen_single,0.08879859745502472,0.8399083614349365,0.7450248003005981,0.95
4,0,GCP-Mamba (perm. graph),IER3IP1+ctrl,unseen_single,0.12520679831504822,0.8241438269615173,0.862559974193573,0.95
4,0,GCP-Mamba (perm. graph),YIPF5+ctrl,unseen_single,0.06339483708143234,0.8745676279067993,0.9233647584915161,0.95
4,0,GCP-Mamba (perm. graph),UFL1+ctrl,unseen_single,0.008855883032083511,0.8623409867286682,0.9770543575286865,0.95
4,0,GCP-Mamba (perm. graph),SAMM50+ctrl,unseen_single,0.02562098205089569,0.8589153289794922,0.9622731804847717,1.0
4,0,GCP-Mamba (perm. graph),SEL1L+ctrl,unseen_single,0.09548519551753998,0.827399730682373,0.8947319388389587,1.0
4,0,GCP-Mamba (perm. graph),ATP5B+ctrl,unseen_single,0.26160377264022827,0.8039376139640808,0.5932913422584534,0.95
4,0,GCP-Mamba (perm. graph),TTI2+ctrl,unseen_single,0.0164733175188303,0.857998251914978,0.9705879092216492,1.0
4,0,GCP-Mamba (perm. graph),TELO2+ctrl,unseen_single,0.030573207885026932,0.8542514443397522,0.8584147095680237,0.95
4,0,GCP-Mamba (perm. graph),MARS+ctrl,unseen_single,0.23758502304553986,0.6852222084999084,0.7189736366271973,0.85
4,0,GCP-Mamba (perm. graph),ARHGAP22+ctrl,unseen_single,0.026645978912711143,0.8861719965934753,0.9454502463340759,1.0
4,0,GCP-Mamba (perm. graph),SCYL1+ctrl,unseen_single,0.06322325766086578,0.8645960688591003,0.9198915362358093,0.95
4,0,GCP-Mamba (perm. graph),SLC35B1+ctrl,unseen_single,0.025695407763123512,0.8951340913772583,0.9254667162895203,1.0
4,0,GCP-Mamba (perm. graph),TMED10+ctrl,unseen_single,0.02980140969157219,0.8878771662712097,0.9022253751754761,0.95
4,0,GCP-Mamba (perm. graph),COPB1+ctrl,unseen_single,0.021899377927184105,0.8563938140869141,0.9724901914596558,1.0
4,0,GCP-Mamba (perm. graph),AARS+ctrl,unseen_single,0.34120672941207886,0.7430450916290283,0.9102832674980164,1.0
4,0,GCP-Mamba (perm. graph),PPWD1+ctrl,unseen_single,0.04196735471487045,0.7340580224990845,0.9379012584686279,1.0
4,0,GCP-Mamba (perm. graph),EIF2B3+ctrl,unseen_single,0.3661297857761383,0.7358406186103821,0.8477684259414673,1.0
4,0,GCP-Mamba (perm. graph),SEC61G+ctrl,unseen_single,0.1197526678442955,0.8694021701812744,0.844613254070282,0.95
4,0,GCP-Mamba (perm. graph),TMED2+ctrl,unseen_single,0.06905648857355118,0.8715628981590271,0.8375952839851379,1.0
4,0,GCP-Mamba (perm. graph),P4HB+ctrl,unseen_single,0.04893260449171066,0.8744168877601624,0.8632557392120361,1.0
4,0,GCP-Mamba (perm. graph),SPCS2+ctrl,unseen_single,0.08582651615142822,0.847368597984314,0.7412276864051819,0.95
4,0,GCP-Mamba (random order),IER3IP1+ctrl,unseen_single,0.1272762268781662,0.824023962020874,0.8616592288017273,0.95
4,0,GCP-Mamba (random order),YIPF5+ctrl,unseen_single,0.06478320807218552,0.8742096424102783,0.9223242998123169,0.95
4,0,GCP-Mamba (random order),UFL1+ctrl,unseen_single,0.008846784941852093,0.8674042820930481,0.9764775633811951,0.95
4,0,GCP-Mamba (random order),SAMM50+ctrl,unseen_single,0.02615266479551792,0.8597210645675659,0.9609041810035706,1.0
4,0,GCP-Mamba (random order),SEL1L+ctrl,unseen_single,0.09329275041818619,0.833943247795105,0.8998967409133911,1.0
4,0,GCP-Mamba (random order),ATP5B+ctrl,unseen_single,0.26163798570632935,0.8042469024658203,0.5930778384208679,0.95
4,0,GCP-Mamba (random order),TTI2+ctrl,unseen_single,0.015977531671524048,0.8627649545669556,0.9709656238555908,1.0
4,0,GCP-Mamba (random order),TELO2+ctrl,unseen_single,0.029685527086257935,0.8551387786865234,0.8604792952537537,0.95
4,0,GCP-Mamba (random order),MARS+ctrl,unseen_single,0.23865000903606415,0.6881054639816284,0.7222462892532349,0.85
4,0,GCP-Mamba (random order),ARHGAP22+ctrl,unseen_single,0.02651194855570793,0.8877593874931335,0.9471239447593689,1.0
4,0,GCP-Mamba (random order),SCYL1+ctrl,unseen_single,0.06417405605316162,0.8658377528190613,0.9197052121162415,0.95
4,0,GCP-Mamba (random order),SLC35B1+ctrl,unseen_single,0.02615976706147194,0.8958762884140015,0.9248285293579102,1.0
4,0,GCP-Mamba (random order),TMED10+ctrl,unseen_single,0.029484789818525314,0.8900861740112305,0.9029366374015808,0.95
4,0,GCP-Mamba (random order),COPB1+ctrl,unseen_single,0.021531959995627403,0.8573615550994873,0.9732062816619873,1.0
4,0,GCP-Mamba (random order),AARS+ctrl,unseen_single,0.34226560592651367,0.7368916273117065,0.9075456261634827,1.0
4,0,GCP-Mamba (random order),PPWD1+ctrl,unseen_single,0.041738979518413544,0.7326315641403198,0.9371827840805054,1.0
4,0,GCP-Mamba (random order),EIF2B3+ctrl,unseen_single,0.3689709007740021,0.7286933660507202,0.8439584374427795,1.0
4,0,GCP-Mamba (random order),SEC61G+ctrl,unseen_single,0.12306219339370728,0.8711209893226624,0.8428509831428528,0.95
4,0,GCP-Mamba (random order),TMED2+ctrl,unseen_single,0.06935448199510574,0.8747115135192871,0.8364909887313843,1.0
4,0,GCP-Mamba (random order),P4HB+ctrl,unseen_single,0.04866988956928253,0.8769416213035583,0.858906090259552,1.0
4,0,GCP-Mamba (random order),SPCS2+ctrl,unseen_single,0.08466759324073792,0.846476137638092,0.7406017780303955,0.95
4,0,Mamba (no graph),IER3IP1+ctrl,unseen_single,0.1225547045469284,0.817035436630249,0.8622881770133972,0.95
4,0,Mamba (no graph),YIPF5+ctrl,unseen_single,0.06340065598487854,0.8633664846420288,0.9216651320457458,0.95
4,0,Mamba (no graph),UFL1+ctrl,unseen_single,0.009808610193431377,0.8277466297149658,0.9739124774932861,0.95
4,0,Mamba (no graph),SAMM50+ctrl,unseen_single,0.024353254586458206,0.8616205453872681,0.9621967673301697,1.0
4,0,Mamba (no graph),SEL1L+ctrl,unseen_single,0.09450028836727142,0.7994705438613892,0.8981279134750366,1.0
4,0,Mamba (no graph),ATP5B+ctrl,unseen_single,0.2658030390739441,0.7923670411109924,0.5945681929588318,0.95
4,0,Mamba (no graph),TTI2+ctrl,unseen_single,0.01807655394077301,0.8333494663238525,0.9662848114967346,1.0
4,0,Mamba (no graph),TELO2+ctrl,unseen_single,0.031186286360025406,0.8379126191139221,0.8580082058906555,0.95
4,0,Mamba (no graph),MARS+ctrl,unseen_single,0.22900530695915222,0.6915974617004395,0.7219123244285583,0.85
4,0,Mamba (no graph),ARHGAP22+ctrl,unseen_single,0.0264322217553854,0.877906322479248,0.9445410966873169,1.0
4,0,Mamba (no graph),SCYL1+ctrl,unseen_single,0.06160683557391167,0.8576535582542419,0.9204559326171875,0.95
4,0,Mamba (no graph),SLC35B1+ctrl,unseen_single,0.02752501703798771,0.8791912794113159,0.9188731908798218,1.0
4,0,Mamba (no graph),TMED10+ctrl,unseen_single,0.0316612645983696,0.8774499893188477,0.8980381488800049,0.95
4,0,Mamba (no graph),COPB1+ctrl,unseen_single,0.020984886214137077,0.8485491871833801,0.9711699485778809,1.0
4,0,Mamba (no graph),AARS+ctrl,unseen_single,0.3228532373905182,0.7683996558189392,0.9168014526367188,1.0
4,0,Mamba (no graph),PPWD1+ctrl,unseen_single,0.03959759324789047,0.7286362648010254,0.9393753409385681,1.0
4,0,Mamba (no graph),EIF2B3+ctrl,unseen_single,0.34159860014915466,0.7672671675682068,0.8667798042297363,1.0
4,0,Mamba (no graph),SEC61G+ctrl,unseen_single,0.11923111975193024,0.863467812538147,0.8463770747184753,0.95
4,0,Mamba (no graph),TMED2+ctrl,unseen_single,0.06873104721307755,0.867474377155304,0.8328752517700195,1.0
4,0,Mamba (no graph),P4HB+ctrl,unseen_single,0.05085974186658859,0.8616827130317688,0.8606377243995667,1.0
4,0,Mamba (no graph),SPCS2+ctrl,unseen_single,0.08786912262439728,0.8354602456092834,0.7359957098960876,0.95
4,0,Graph-MLP (no scan),IER3IP1+ctrl,unseen_single,0.1300104707479477,0.8263065814971924,0.8647993803024292,0.95
4,0,Graph-MLP (no scan),YIPF5+ctrl,unseen_single,0.0667959526181221,0.8679770231246948,0.9202220439910889,0.95
4,0,Graph-MLP (no scan),UFL1+ctrl,unseen_single,0.010444847866892815,0.861651599407196,0.975214958190918,0.95
4,0,Graph-MLP (no scan),SAMM50+ctrl,unseen_single,0.028757315129041672,0.846626877784729,0.9591732025146484,1.0
4,0,Graph-MLP (no scan),SEL1L+ctrl,unseen_single,0.09396146237850189,0.8339385390281677,0.9011580348014832,1.0
4,0,Graph-MLP (no scan),ATP5B+ctrl,unseen_single,0.26659053564071655,0.7951292991638184,0.5860573053359985,0.95
4,0,Graph-MLP (no scan),TTI2+ctrl,unseen_single,0.015126148238778114,0.8614248037338257,0.9711142778396606,1.0
4,0,Graph-MLP (no scan),TELO2+ctrl,unseen_single,0.028667684644460678,0.8498810529708862,0.863745391368866,0.95
4,0,Graph-MLP (no scan),MARS+ctrl,unseen_single,0.24006196856498718,0.6863105893135071,0.7221460342407227,0.85
4,0,Graph-MLP (no scan),ARHGAP22+ctrl,unseen_single,0.027117963880300522,0.8904128670692444,0.9467639327049255,1.0
4,0,Graph-MLP (no scan),SCYL1+ctrl,unseen_single,0.06470375508069992,0.8702529072761536,0.9208055734634399,0.95
4,0,Graph-MLP (no scan),SLC35B1+ctrl,unseen_single,0.024606097489595413,0.9002079367637634,0.9299683570861816,1.0
4,0,Graph-MLP (no scan),TMED10+ctrl,unseen_single,0.028273483738303185,0.8927202820777893,0.903612494468689,0.95
4,0,Graph-MLP (no scan),COPB1+ctrl,unseen_single,0.0227012000977993,0.8622469305992126,0.9733956456184387,1.0
4,0,Graph-MLP (no scan),AARS+ctrl,unseen_single,0.33973222970962524,0.7312392592430115,0.9080544114112854,1.0
4,0,Graph-MLP (no scan),PPWD1+ctrl,unseen_single,0.04174739494919777,0.7357430458068848,0.9372494220733643,1.0
4,0,Graph-MLP (no scan),EIF2B3+ctrl,unseen_single,0.3697071969509125,0.7246542572975159,0.8469598889350891,1.0
4,0,Graph-MLP (no scan),SEC61G+ctrl,unseen_single,0.12025520950555801,0.8562358021736145,0.8543635606765747,0.95
4,0,Graph-MLP (no scan),TMED2+ctrl,unseen_single,0.06731629371643066,0.8726431131362915,0.836618185043335,1.0
4,0,Graph-MLP (no scan),P4HB+ctrl,unseen_single,0.05138496682047844,0.8681971430778503,0.8547441363334656,0.95
4,0,Graph-MLP (no scan),SPCS2+ctrl,unseen_single,0.0773162692785263,0.8455641269683838,0.7538849115371704,0.95
4,0,"GCP-Mamba (Delta only, w_c~N(0,1))",IER3IP1+ctrl,unseen_single,0.12801633775234222,0.8238713145256042,0.8602909445762634,0.95
4,0,"GCP-Mamba (Delta only, w_c~N(0,1))",YIPF5+ctrl,unseen_single,0.06491158902645111,0.8743312954902649,0.9219530820846558,0.95
4,0,"GCP-Mamba (Delta only, w_c~N(0,1))",UFL1+ctrl,unseen_single,0.011181718669831753,0.8203220367431641,0.9741496443748474,0.95
4,0,"GCP-Mamba (Delta only, w_c~N(0,1))",SAMM50+ctrl,unseen_single,0.02695225551724434,0.8539844155311584,0.9617080092430115,1.0
4,0,"GCP-Mamba (Delta only, w_c~N(0,1))",SEL1L+ctrl,unseen_single,0.09411590546369553,0.8254191279411316,0.8997224569320679,1.0
4,0,"GCP-Mamba (Delta only, w_c~N(0,1))",ATP5B+ctrl,unseen_single,0.2668669819831848,0.796655535697937,0.5939962267875671,0.95
4,0,"GCP-Mamba (Delta only, w_c~N(0,1))",TTI2+ctrl,unseen_single,0.017629968002438545,0.8477001786231995,0.9692491888999939,1.0
4,0,"GCP-Mamba (Delta only, w_c~N(0,1))",TELO2+ctrl,unseen_single,0.029360953718423843,0.857097864151001,0.8642978668212891,0.95
4,0,"GCP-Mamba (Delta only, w_c~N(0,1))",MARS+ctrl,unseen_single,0.23598547279834747,0.6917012333869934,0.7171474695205688,0.8
4,0,"GCP-Mamba (Delta only, w_c~N(0,1))",ARHGAP22+ctrl,unseen_single,0.025738850235939026,0.8940146565437317,0.9482071995735168,1.0
4,0,"GCP-Mamba (Delta only, w_c~N(0,1))",SCYL1+ctrl,unseen_single,0.06326091289520264,0.8656073808670044,0.9205082654953003,0.95
4,0,"GCP-Mamba (Delta only, w_c~N(0,1))",SLC35B1+ctrl,unseen_single,0.02630927786231041,0.9055445194244385,0.9255549311637878,1.0
4,0,"GCP-Mamba (Delta only, w_c~N(0,1))",TMED10+ctrl,unseen_single,0.030114490538835526,0.8986027240753174,0.9049820899963379,0.95
4,0,"GCP-Mamba (Delta only, w_c~N(0,1))",COPB1+ctrl,unseen_single,0.022727731615304947,0.8603586554527283,0.9725005626678467,1.0
4,0,"GCP-Mamba (Delta only, w_c~N(0,1))",AARS+ctrl,unseen_single,0.34455227851867676,0.7513163089752197,0.9099547266960144,1.0
4,0,"GCP-Mamba (Delta only, w_c~N(0,1))",PPWD1+ctrl,unseen_single,0.0428437814116478,0.7317808866500854,0.9354647994041443,1.0
4,0,"GCP-Mamba (Delta only, w_c~N(0,1))",EIF2B3+ctrl,unseen_single,0.3678857684135437,0.7414525151252747,0.845477819442749,1.0
4,0,"GCP-Mamba (Delta only, w_c~N(0,1))",SEC61G+ctrl,unseen_single,0.12457069009542465,0.8702099919319153,0.8449888825416565,0.95
4,0,"GCP-Mamba (Delta only, w_c~N(0,1))",TMED2+ctrl,unseen_single,0.0655328705906868,0.8869746923446655,0.8391208052635193,1.0
4,0,"GCP-Mamba (Delta only, w_c~N(0,1))",P4HB+ctrl,unseen_single,0.04613444581627846,0.8896782994270325,0.865681529045105,1.0
4,0,"GCP-Mamba (Delta only, w_c~N(0,1))",SPCS2+ctrl,unseen_single,0.08878712356090546,0.8399476408958435,0.7450318932533264,0.95
4,0,GCP-Mamba (additive prior),IER3IP1+ctrl,unseen_single,0.12683963775634766,0.8220811486244202,0.8608996272087097,0.95
4,0,GCP-Mamba (additive prior),YIPF5+ctrl,unseen_single,0.06414060294628143,0.8725264668464661,0.9223029017448425,0.95
4,0,GCP-Mamba (additive prior),UFL1+ctrl,unseen_single,0.008735937997698784,0.8623101711273193,0.9766829013824463,0.95
4,0,GCP-Mamba (additive prior),SAMM50+ctrl,unseen_single,0.0258273184299469,0.8585243821144104,0.9614601731300354,1.0
4,0,GCP-Mamba (additive prior),SEL1L+ctrl,unseen_single,0.09510251134634018,0.8280280828475952,0.8954872488975525,1.0
4,0,GCP-Mamba (additive prior),ATP5B+ctrl,unseen_single,0.2624734938144684,0.8016912937164307,0.5911920070648193,0.95
4,0,GCP-Mamba (additive prior),TTI2+ctrl,unseen_single,0.015548773109912872,0.8584699630737305,0.9711942076683044,1.0
4,0,GCP-Mamba (additive prior),TELO2+ctrl,unseen_single,0.030310437083244324,0.8553770184516907,0.859319806098938,0.95
4,0,GCP-Mamba (additive prior),MARS+ctrl,unseen_single,0.2370326817035675,0.6850098371505737,0.7212072014808655,0.85
4,0,GCP-Mamba (additive prior),ARHGAP22+ctrl,unseen_single,0.026436373591423035,0.8872435092926025,0.9461893439292908,1.0
4,0,GCP-Mamba (additive prior),SCYL1+ctrl,unseen_single,0.06369031965732574,0.8645229339599609,0.9191218614578247,0.95
4,0,GCP-Mamba (additive prior),SLC35B1+ctrl,unseen_single,0.025568192824721336,0.8946326971054077,0.924859881401062,1.0
4,0,GCP-Mamba (additive prior),TMED10+ctrl,unseen_single,0.029457956552505493,0.887953519821167,0.9025441408157349,0.95
4,0,GCP-Mamba (additive prior),COPB1+ctrl,unseen_single,0.022049229592084885,0.8553128242492676,0.9723268151283264,1.0
4,0,GCP-Mamba (additive prior),AARS+ctrl,unseen_single,0.34191280603408813,0.7385697364807129,0.9097309112548828,1.0
4,0,GCP-Mamba (additive prior),PPWD1+ctrl,unseen_single,0.04220082610845566,0.7329658269882202,0.9369602799415588,1.0
4,0,GCP-Mamba (additive prior),EIF2B3+ctrl,unseen_single,0.36760783195495605,0.7328823208808899,0.8457193970680237,1.0
4,0,GCP-Mamba (additive prior),SEC61G+ctrl,unseen_single,0.11997220665216446,0.8687021136283875,0.8435000777244568,0.95
4,0,GCP-Mamba (additive prior),TMED2+ctrl,unseen_single,0.06924699246883392,0.872582733631134,0.8361573815345764,1.0
4,0,GCP-Mamba (additive prior),P4HB+ctrl,unseen_single,0.04955853521823883,0.873424768447876,0.8615232706069946,1.0
4,0,GCP-Mamba (additive prior),SPCS2+ctrl,unseen_single,0.08492353558540344,0.8485091328620911,0.7408559918403625,0.95
4,0,Mamba (additive prior),IER3IP1+ctrl,unseen_single,0.122550368309021,0.8170365691184998,0.8622891306877136,0.95
4,0,Mamba (additive prior),YIPF5+ctrl,unseen_single,0.06339682638645172,0.8633679747581482,0.9216654300689697,0.95
4,0,Mamba (additive prior),UFL1+ctrl,unseen_single,0.009806438349187374,0.8277503252029419,0.9739128947257996,0.95
4,0,Mamba (additive prior),SAMM50+ctrl,unseen_single,0.024349475279450417,0.8616204261779785,0.9621965885162354,1.0
4,0,Mamba (additive prior),SEL1L+ctrl,unseen_single,0.09449507296085358,0.7994721531867981,0.89812833070755,1.0
4,0,Mamba (additive prior),ATP5B+ctrl,unseen_single,0.2658015489578247,0.7923688292503357,0.5945680737495422,0.95
4,0,Mamba (additive prior),TTI2+ctrl,unseen_single,0.018072376027703285,0.8333501815795898,0.966284990310669,1.0
4,0,Mamba (additive prior),TELO2+ctrl,unseen_single,0.03118405118584633,0.8379126191139221,0.8580085635185242,0.95
4,0,Mamba (additive prior),MARS+ctrl,unseen_single,0.2290014922618866,0.6915982365608215,0.7219124436378479,0.85
4,0,Mamba (additive prior),ARHGAP22+ctrl,unseen_single,0.02642981708049774,0.877906858921051,0.944541335105896,1.0
4,0,Mamba (additive prior),SCYL1+ctrl,unseen_single,0.061603255569934845,0.8576546311378479,0.9204562902450562,0.95
4,0,Mamba (additive prior),SLC35B1+ctrl,unseen_single,0.027522245422005653,0.8791912794113159,0.9188730120658875,1.0
4,0,Mamba (additive prior),TMED10+ctrl,unseen_single,0.0316588394343853,0.8774502277374268,0.8980382084846497,0.95
4,0,Mamba (additive prior),COPB1+ctrl,unseen_single,0.020982127636671066,0.848550021648407,0.9711700677871704,1.0
4,0,Mamba (additive prior),AARS+ctrl,unseen_single,0.3228338062763214,0.7683994770050049,0.9168013334274292,1.0
4,0,Mamba (additive prior),PPWD1+ctrl,unseen_single,0.03959263861179352,0.7286375164985657,0.9393751621246338,1.0
4,0,Mamba (additive prior),EIF2B3+ctrl,unseen_single,0.3415832817554474,0.7672670483589172,0.8667793273925781,1.0
4,0,Mamba (additive prior),SEC61G+ctrl,unseen_single,0.11922570317983627,0.8634687662124634,0.8463773727416992,0.95
4,0,Mamba (additive prior),TMED2+ctrl,unseen_single,0.06872756779193878,0.8674741983413696,0.8328754305839539,1.0
4,0,Mamba (additive prior),P4HB+ctrl,unseen_single,0.050856612622737885,0.8616821765899658,0.8606375455856323,1.0
4,0,Mamba (additive prior),SPCS2+ctrl,unseen_single,0.08786571025848389,0.8354610800743103,0.735996663570404,0.95
5,0,No change,SEC61A1+ctrl,unseen_single,0.5696511268615723,,,0.0
5,0,No change,DDRGK1+ctrl,unseen_single,0.20660996437072754,,,0.0
5,0,No change,SEL1L+ctrl,unseen_single,0.2869614362716675,,,0.0
5,0,No change,GMPPB+ctrl,unseen_single,0.20823311805725098,,,0.0
5,0,No change,TMEM167A+ctrl,unseen_single,0.27146977186203003,,,0.0
5,0,No change,TTI2+ctrl,unseen_single,0.21260881423950195,,,0.0
5,0,No change,NEDD8+ctrl,unseen_single,0.5731194615364075,,,0.0
5,0,No change,HSD17B12+ctrl,unseen_single,0.3651842474937439,,,0.0
5,0,No change,TTI1+ctrl,unseen_single,0.39287543296813965,,,0.0
5,0,No change,PSMD4+ctrl,unseen_single,0.6673638224601746,,,0.0
5,0,No change,DDOST+ctrl,unseen_single,0.23589470982551575,,,0.0
5,0,No change,CCND3+ctrl,unseen_single,0.28363171219825745,,,0.0
5,0,No change,UFM1+ctrl,unseen_single,0.19048228859901428,,,0.0
5,0,No change,COPB1+ctrl,unseen_single,0.21927177906036377,,,0.0
5,0,No change,CHERP+ctrl,unseen_single,0.22334489226341248,,,0.0
5,0,No change,SRPRB+ctrl,unseen_single,0.26359134912490845,,,0.0
5,0,No change,DHDDS+ctrl,unseen_single,0.7274757027626038,,,0.0
5,0,No change,XRN1+ctrl,unseen_single,0.22289443016052246,,,0.0
5,0,No change,P4HB+ctrl,unseen_single,0.22427181899547577,,,0.0
5,0,No change,SPCS3+ctrl,unseen_single,0.2377692013978958,,,0.0
5,0,No change,SPCS2+ctrl,unseen_single,0.2684652805328369,,,0.0
5,0,Train mean,SEC61A1+ctrl,unseen_single,0.2383168637752533,0.7676702737808228,0.8988690376281738,1.0
5,0,Train mean,DDRGK1+ctrl,unseen_single,0.04072649031877518,0.8763870000839233,0.8894316554069519,0.95
5,0,Train mean,SEL1L+ctrl,unseen_single,0.09743078052997589,0.8277789950370789,0.8985694646835327,1.0
5,0,Train mean,GMPPB+ctrl,unseen_single,0.018176749348640442,0.8514662981033325,0.9770013093948364,1.0
5,0,Train mean,TMEM167A+ctrl,unseen_single,0.05266134813427925,0.879472017288208,0.9424246549606323,1.0
5,0,Train mean,TTI2+ctrl,unseen_single,0.021793920546770096,0.8537678122520447,0.968600869178772,0.95
5,0,Train mean,NEDD8+ctrl,unseen_single,0.33219456672668457,0.6700470447540283,0.6905013918876648,1.0
5,0,Train mean,HSD17B12+ctrl,unseen_single,0.10867492854595184,0.8430536389350891,0.9131531119346619,1.0
5,0,Train mean,TTI1+ctrl,unseen_single,0.11083032935857773,0.7462752461433411,0.9372833967208862,0.95
5,0,Train mean,PSMD4+ctrl,unseen_single,0.5226699113845825,0.6001583933830261,0.6135509014129639,0.8
5,0,Train mean,DDOST+ctrl,unseen_single,0.0691344290971756,0.8486096262931824,0.8450155258178711,0.95
5,0,Train mean,CCND3+ctrl,unseen_single,0.10652605444192886,0.7427254915237427,0.8397786617279053,0.9
5,0,Train mean,UFM1+ctrl,unseen_single,0.02716238424181938,0.8858152031898499,0.927273690700531,1.0
5,0,Train mean,COPB1+ctrl,unseen_single,0.023910054937005043,0.8549890518188477,0.9719394445419312,1.0
5,0,Train mean,CHERP+ctrl,unseen_single,0.06846412271261215,0.7076125144958496,0.8807899355888367,0.85
5,0,Train mean,SRPRB+ctrl,unseen_single,0.053497619926929474,0.7754128575325012,0.9318981170654297,1.0
5,0,Train mean,DHDDS+ctrl,unseen_single,0.5162581205368042,0.7408090829849243,0.5968785881996155,0.85
5,0,Train mean,XRN1+ctrl,unseen_single,0.023159673437476158,0.8102410435676575,0.9810775518417358,1.0
5,0,Train mean,P4HB+ctrl,unseen_single,0.054915349930524826,0.8622596859931946,0.8556058406829834,1.0
5,0,Train mean,SPCS3+ctrl,unseen_single,0.05561884120106697,0.8897706270217896,0.9084452986717224,0.95
5,0,Train mean,SPCS2+ctrl,unseen_single,0.09116433560848236,0.8556889891624451,0.7447613477706909,0.95
5,0,Additive,SEC61A1+ctrl,unseen_single,0.2327660769224167,0.7694499492645264,0.9011203646659851,1.0
5,0,Additive,DDRGK1+ctrl,unseen_single,0.040684692561626434,0.8602525591850281,0.8867483139038086,1.0
5,0,Additive,SEL1L+ctrl,unseen_single,0.09638629853725433,0.8122631907463074,0.9056013226509094,1.0
5,0,Additive,GMPPB+ctrl,unseen_single,0.018665475770831108,0.8328413367271423,0.9729493856430054,1.0
5,0,Additive,TMEM167A+ctrl,unseen_single,0.05280856415629387,0.8685242533683777,0.9401091933250427,1.0
5,0,Additive,TTI2+ctrl,unseen_single,0.02179204672574997,0.8339354395866394,0.9647502899169922,0.95
5,0,Additive,NEDD8+ctrl,unseen_single,0.32915395498275757,0.660353422164917,0.6913056373596191,1.0
5,0,Additive,HSD17B12+ctrl,unseen_single,0.10742857307195663,0.8329554200172424,0.9097464680671692,1.0
5,0,Additive,TTI1+ctrl,unseen_single,0.10946883261203766,0.7302870750427246,0.9328842759132385,0.95
5,0,Additive,PSMD4+ctrl,unseen_single,0.5382234454154968,0.580428957939148,0.5829417109489441,0.8
5,0,Additive,DDOST+ctrl,unseen_single,0.07148515433073044,0.8316922783851624,0.8367140889167786,0.95
5,0,Additive,CCND3+ctrl,unseen_single,0.11114958673715591,0.7203464508056641,0.8254078030586243,0.9
5,0,Additive,UFM1+ctrl,unseen_single,0.0274024847894907,0.869760274887085,0.9236998558044434,1.0
5,0,Additive,COPB1+ctrl,unseen_single,0.023842431604862213,0.8459222912788391,0.969696581363678,1.0
5,0,Additive,CHERP+ctrl,unseen_single,0.0690210610628128,0.6965570449829102,0.8761692047119141,0.75
5,0,Additive,SRPRB+ctrl,unseen_single,0.05401690676808357,0.7579644322395325,0.9274594783782959,1.0
5,0,Additive,DHDDS+ctrl,unseen_single,0.5080422759056091,0.7495167255401611,0.6034116148948669,0.85
5,0,Additive,XRN1+ctrl,unseen_single,0.023043422028422356,0.7950500249862671,0.9792722463607788,1.0
5,0,Additive,P4HB+ctrl,unseen_single,0.05582469701766968,0.8431071043014526,0.8492422699928284,0.95
5,0,Additive,SPCS3+ctrl,unseen_single,0.055696357041597366,0.8850184082984924,0.9052502512931824,0.95
5,0,Additive,SPCS2+ctrl,unseen_single,0.09154382348060608,0.8407053351402283,0.7394558191299438,0.95
5,0,Linear (PCA),SEC61A1+ctrl,unseen_single,0.21557790158579077,0.695660240072291,0.8980535534363631,1.0
5,0,Linear (PCA),DDRGK1+ctrl,unseen_single,0.057235494734908895,0.7516087529322605,0.8747908827221759,1.0
5,0,Linear (PCA),SEL1L+ctrl,unseen_single,0.09965267843498796,0.8696443144013486,0.8904216192731199,1.0
5,0,Linear (PCA),GMPPB+ctrl,unseen_single,0.01844431394282042,0.8529998294892386,0.9773549483674477,1.0
5,0,Linear (PCA),TMEM167A+ctrl,unseen_single,0.05159293454302116,0.8829134611009539,0.9421442455072546,1.0
5,0,Linear (PCA),TTI2+ctrl,unseen_single,0.02490288379817338,0.8055683894682653,0.9547647146119594,1.0
5,0,Linear (PCA),NEDD8+ctrl,unseen_single,0.32105372241021357,0.6351736045503423,0.6984216757759203,1.0
5,0,Linear (PCA),HSD17B12+ctrl,unseen_single,0.09024581937892424,0.8187675605576539,0.908040032962305,1.0
5,0,Linear (PCA),TTI1+ctrl,unseen_single,0.1109484250147208,0.712550184652541,0.9295044322101977,0.95
5,0,Linear (PCA),PSMD4+ctrl,unseen_single,0.5696583945256373,0.5316100256514673,0.592638416262005,0.8
5,0,Linear (PCA),DDOST+ctrl,unseen_single,0.07519779609076607,0.763950137992784,0.8220800979154902,0.95
5,0,Linear (PCA),CCND3+ctrl,unseen_single,0.13587061968383024,0.6881081120800016,0.78542250924374,0.95
5,0,Linear (PCA),UFM1+ctrl,unseen_single,0.026308195260574364,0.8642383835031134,0.9234646162641295,1.0
5,0,Linear (PCA),COPB1+ctrl,unseen_single,0.03367251219145536,0.8560196485258048,0.973889746009491,1.0
5,0,Linear (PCA),CHERP+ctrl,unseen_single,0.07050377221404022,0.700938309954421,0.8947110759793279,0.9
5,0,Linear (PCA),SRPRB+ctrl,unseen_single,0.041873305597861246,0.6979501968339483,0.9140577142882338,1.0
5,0,Linear (PCA),DHDDS+ctrl,unseen_single,0.5563428841860885,0.7252699848045104,0.5436582090101121,0.75
5,0,Linear (PCA),XRN1+ctrl,unseen_single,0.05360787189344721,0.7759455320836164,0.9608182132758281,1.0
5,0,Linear (PCA),P4HB+ctrl,unseen_single,0.03967153143147633,0.934271456738445,0.8783759564071335,1.0
5,0,Linear (PCA),SPCS3+ctrl,unseen_single,0.05360516927958829,0.8906335977912936,0.9154763842642603,0.95
5,0,Linear (PCA),SPCS2+ctrl,unseen_single,0.08131188447783813,0.8187642032993152,0.7463724036513798,0.95
5,0,Linear (ctrl emb.),SEC61A1+ctrl,unseen_single,0.22659255062716488,0.7589391054563567,0.9016758707120301,1.0
5,0,Linear (ctrl emb.),DDRGK1+ctrl,unseen_single,0.04189639082236069,0.8787439342597333,0.8908961286301122,1.0
5,0,Linear (ctrl emb.),SEL1L+ctrl,unseen_single,0.08999779982622348,0.8437789183626977,0.9066915274175433,1.0
5,0,Linear (ctrl emb.),GMPPB+ctrl,unseen_single,0.016689627886510586,0.8517063706162261,0.9773568541979311,1.0
5,0,Linear (ctrl emb.),TMEM167A+ctrl,unseen_single,0.04819058535561312,0.8885087312254938,0.9440813671887638,1.0
5,0,Linear (ctrl emb.),TTI2+ctrl,unseen_single,0.021029662854808725,0.862200976926473,0.9704224882811342,0.95
5,0,Linear (ctrl emb.),NEDD8+ctrl,unseen_single,0.342111893995771,0.6695339096943324,0.6908548044878803,1.0
5,0,Linear (ctrl emb.),HSD17B12+ctrl,unseen_single,0.10387694712195927,0.8512097898869884,0.9201866592889036,1.0
5,0,Linear (ctrl emb.),TTI1+ctrl,unseen_single,0.10322918522580851,0.7513171454555656,0.9404914991158931,0.95
5,0,Linear (ctrl emb.),PSMD4+ctrl,unseen_single,0.5409505389611396,0.5828416412612861,0.58259731869986,0.8
5,0,Linear (ctrl emb.),DDOST+ctrl,unseen_single,0.06928178183978555,0.8560031172243783,0.8456664447065739,0.95
5,0,Linear (ctrl emb.),CCND3+ctrl,unseen_single,0.09303728086907552,0.7824162848582938,0.8686168162023609,0.95
5,0,Linear (ctrl emb.),UFM1+ctrl,unseen_single,0.027003259741090767,0.88889934149755,0.9272511137571467,1.0
5,0,Linear (ctrl emb.),COPB1+ctrl,unseen_single,0.022567204897405532,0.8588477682011004,0.9727265514582355,1.0
5,0,Linear (ctrl emb.),CHERP+ctrl,unseen_single,0.06885329242225038,0.6996152116316241,0.8737151448442276,0.75
5,0,Linear (ctrl emb.),SRPRB+ctrl,unseen_single,0.04930685520458134,0.7780606376642875,0.9287065792681396,1.0
5,0,Linear (ctrl emb.),DHDDS+ctrl,unseen_single,0.5135198705881061,0.7368679311553464,0.6024499675217008,0.85
5,0,Linear (ctrl emb.),XRN1+ctrl,unseen_single,0.02962612559284425,0.8067707578446928,0.9785720867268751,1.0
5,0,Linear (ctrl emb.),P4HB+ctrl,unseen_single,0.05162278040783467,0.8857134080602613,0.861894916518066,1.0
5,0,Linear (ctrl emb.),SPCS3+ctrl,unseen_single,0.05199179042484401,0.9000218033215384,0.9075073793394548,0.95
5,0,Linear (ctrl emb.),SPCS2+ctrl,unseen_single,0.09005259038861299,0.8589454748380175,0.7399291607269214,0.95
5,0,GCP-Mamba,SEC61A1+ctrl,unseen_single,0.21084323525428772,0.7363882064819336,0.9018857479095459,1.0
5,0,GCP-Mamba,DDRGK1+ctrl,unseen_single,0.03923787921667099,0.8687466382980347,0.8893975615501404,0.95
5,0,GCP-Mamba,SEL1L+ctrl,unseen_single,0.0877697616815567,0.8471984267234802,0.9104831218719482,1.0
5,0,GCP-Mamba,GMPPB+ctrl,unseen_single,0.01606343314051628,0.857775092124939,0.9786413311958313,1.0
5,0,GCP-Mamba,TMEM167A+ctrl,unseen_single,0.052892833948135376,0.8886768221855164,0.9438688158988953,1.0
5,0,GCP-Mamba,TTI2+ctrl,unseen_single,0.018822090700268745,0.8456127643585205,0.9681234359741211,1.0
5,0,GCP-Mamba,NEDD8+ctrl,unseen_single,0.32773250341415405,0.6677441000938416,0.6863862872123718,0.95
5,0,GCP-Mamba,HSD17B12+ctrl,unseen_single,0.10664556920528412,0.8409510254859924,0.912883996963501,1.0
5,0,GCP-Mamba,TTI1+ctrl,unseen_single,0.10247013717889786,0.74249267578125,0.9392330646514893,0.95
5,0,GCP-Mamba,PSMD4+ctrl,unseen_single,0.517753005027771,0.6002125144004822,0.6199213266372681,0.8
5,0,GCP-Mamba,DDOST+ctrl,unseen_single,0.07005903124809265,0.8381738066673279,0.8435414433479309,0.95
5,0,GCP-Mamba,CCND3+ctrl,unseen_single,0.10368607938289642,0.7452458739280701,0.844982922077179,0.9
5,0,GCP-Mamba,UFM1+ctrl,unseen_single,0.02598929964005947,0.8955939412117004,0.92453932762146,1.0
5,0,GCP-Mamba,COPB1+ctrl,unseen_single,0.021975133568048477,0.8529791831970215,0.9725486636161804,1.0
5,0,GCP-Mamba,CHERP+ctrl,unseen_single,0.068880096077919,0.7011534571647644,0.874598503112793,0.75
5,0,GCP-Mamba,SRPRB+ctrl,unseen_single,0.05088350921869278,0.7763720154762268,0.9232434034347534,1.0
5,0,GCP-Mamba,DHDDS+ctrl,unseen_single,0.5080808997154236,0.740566611289978,0.6007779240608215,0.85
5,0,GCP-Mamba,XRN1+ctrl,unseen_single,0.025905121117830276,0.8151442408561707,0.9814493656158447,1.0
5,0,GCP-Mamba,P4HB+ctrl,unseen_single,0.058223385363817215,0.8665400743484497,0.8401895761489868,0.95
5,0,GCP-Mamba,SPCS3+ctrl,unseen_single,0.051525481045246124,0.8975931406021118,0.9066696166992188,0.95
5,0,GCP-Mamba,SPCS2+ctrl,unseen_single,0.08905690163373947,0.8393825888633728,0.7362098097801208,0.95
5,0,GCP-Mamba (Delta only),SEC61A1+ctrl,unseen_single,0.22948908805847168,0.7532026767730713,0.9007627964019775,1.0
5,0,GCP-Mamba (Delta only),DDRGK1+ctrl,unseen_single,0.03862554952502251,0.8726796507835388,0.8886193633079529,0.95
5,0,GCP-Mamba (Delta only),SEL1L+ctrl,unseen_single,0.09388422966003418,0.8406800627708435,0.9004331827163696,1.0
5,0,GCP-Mamba (Delta only),GMPPB+ctrl,unseen_single,0.01670585200190544,0.8616676330566406,0.9769177436828613,1.0
5,0,GCP-Mamba (Delta only),TMEM167A+ctrl,unseen_single,0.05175108462572098,0.8817865252494812,0.9446636438369751,1.0
5,0,GCP-Mamba (Delta only),TTI2+ctrl,unseen_single,0.020779786631464958,0.8605130910873413,0.9665684700012207,1.0
5,0,GCP-Mamba (Delta only),NEDD8+ctrl,unseen_single,0.3333863914012909,0.6639124751091003,0.680127739906311,0.95
5,0,GCP-Mamba (Delta only),HSD17B12+ctrl,unseen_single,0.10606396198272705,0.8450389504432678,0.9112381339073181,1.0
5,0,GCP-Mamba (Delta only),TTI1+ctrl,unseen_single,0.10500887781381607,0.7508239150047302,0.9407171010971069,0.95
5,0,GCP-Mamba (Delta only),PSMD4+ctrl,unseen_single,0.5092831254005432,0.6020368337631226,0.6221516728401184,0.8
5,0,GCP-Mamba (Delta only),DDOST+ctrl,unseen_single,0.06895621865987778,0.833092212677002,0.839123010635376,0.95
5,0,GCP-Mamba (Delta only),CCND3+ctrl,unseen_single,0.09742899239063263,0.7596246004104614,0.8528172969818115,0.95
5,0,GCP-Mamba (Delta only),UFM1+ctrl,unseen_single,0.02690150961279869,0.8963068723678589,0.9232126474380493,1.0
5,0,GCP-Mamba (Delta only),COPB1+ctrl,unseen_single,0.02241240069270134,0.8537400364875793,0.9719522595405579,1.0
5,0,GCP-Mamba (Delta only),CHERP+ctrl,unseen_single,0.06951882690191269,0.7098721861839294,0.8777104616165161,0.85
5,0,GCP-Mamba (Delta only),SRPRB+ctrl,unseen_single,0.05004190653562546,0.7852485179901123,0.9317837357521057,1.0
5,0,GCP-Mamba (Delta only),DHDDS+ctrl,unseen_single,0.516705334186554,0.729290246963501,0.590989351272583,0.85
5,0,GCP-Mamba (Delta only),XRN1+ctrl,unseen_single,0.019690852612257004,0.8227705359458923,0.9826176166534424,1.0
5,0,GCP-Mamba (Delta only),P4HB+ctrl,unseen_single,0.05083843320608139,0.8814370036125183,0.8560402393341064,1.0
5,0,GCP-Mamba (Delta only),SPCS3+ctrl,unseen_single,0.05239393189549446,0.8925601243972778,0.9108081459999084,0.95
5,0,GCP-Mamba (Delta only),SPCS2+ctrl,unseen_single,0.08998974412679672,0.8443583846092224,0.7432945966720581,0.95
5,0,GCP-Mamba (perm. graph),SEC61A1+ctrl,unseen_single,0.22215664386749268,0.7590309381484985,0.9002794623374939,1.0
5,0,GCP-Mamba (perm. graph),DDRGK1+ctrl,unseen_single,0.03824581205844879,0.8623086214065552,0.8907058238983154,1.0
5,0,GCP-Mamba (perm. graph),SEL1L+ctrl,unseen_single,0.09243573993444443,0.8379274606704712,0.9038248658180237,1.0
5,0,GCP-Mamba (perm. graph),GMPPB+ctrl,unseen_single,0.01698984019458294,0.8543785214424133,0.976256251335144,1.0
5,0,GCP-Mamba (perm. graph),TMEM167A+ctrl,unseen_single,0.053452301770448685,0.8835484385490417,0.9436638355255127,1.0
5,0,GCP-Mamba (perm. graph),TTI2+ctrl,unseen_single,0.020332714542746544,0.8479308485984802,0.9660986065864563,1.0
5,0,GCP-Mamba (perm. graph),NEDD8+ctrl,unseen_single,0.3307526707649231,0.6653509140014648,0.6846133470535278,0.95
5,0,GCP-Mamba (perm. graph),HSD17B12+ctrl,unseen_single,0.1060173362493515,0.8408564925193787,0.912596583366394,1.0
5,0,GCP-Mamba (perm. graph),TTI1+ctrl,unseen_single,0.10394084453582764,0.745279848575592,0.9378999471664429,0.95
5,0,GCP-Mamba (perm. graph),PSMD4+ctrl,unseen_single,0.5143279433250427,0.6058911085128784,0.624237596988678,0.8
5,0,GCP-Mamba (perm. graph),DDOST+ctrl,unseen_single,0.06688559055328369,0.847587525844574,0.8450392484664917,0.95
5,0,GCP-Mamba (perm. graph),CCND3+ctrl,unseen_single,0.10248194634914398,0.749837338924408,0.8456487655639648,0.9
5,0,GCP-Mamba (perm. graph),UFM1+ctrl,unseen_single,0.026122352108359337,0.8811227679252625,0.92755526304245,1.0
5,0,GCP-Mamba (perm. graph),COPB1+ctrl,unseen_single,0.022540587931871414,0.8543839454650879,0.9721245765686035,1.0
5,0,GCP-Mamba (perm. graph),CHERP+ctrl,unseen_single,0.06661771237850189,0.696763813495636,0.8816152811050415,0.85
5,0,GCP-Mamba (perm. graph),SRPRB+ctrl,unseen_single,0.05019479990005493,0.7755840420722961,0.9299672842025757,1.0
5,0,GCP-Mamba (perm. graph),DHDDS+ctrl,unseen_single,0.5224905014038086,0.7392626404762268,0.5865588188171387,0.85
5,0,GCP-Mamba (perm. graph),XRN1+ctrl,unseen_single,0.022618863731622696,0.8115516901016235,0.9807778000831604,1.0
5,0,GCP-Mamba (perm. graph),P4HB+ctrl,unseen_single,0.052480299025774,0.8751637935638428,0.8589785695075989,1.0
5,0,GCP-Mamba (perm. graph),SPCS3+ctrl,unseen_single,0.05129870027303696,0.8961542248725891,0.9120127558708191,0.95
5,0,GCP-Mamba (perm. graph),SPCS2+ctrl,unseen_single,0.09132806956768036,0.8376407027244568,0.7384031414985657,0.95
5,0,GCP-Mamba (random order),SEC61A1+ctrl,unseen_single,0.2195225954055786,0.7523674964904785,0.9008873105049133,1.0
5,0,GCP-Mamba (random order),DDRGK1+ctrl,unseen_single,0.041477300226688385,0.8666042685508728,0.886272668838501,0.95
5,0,GCP-Mamba (random order),SEL1L+ctrl,unseen_single,0.09093475341796875,0.8435616493225098,0.9071405529975891,1.0
5,0,GCP-Mamba (random order),GMPPB+ctrl,unseen_single,0.017544519156217575,0.8531390428543091,0.977317750453949,1.0
5,0,GCP-Mamba (random order),TMEM167A+ctrl,unseen_single,0.05470433831214905,0.8870677351951599,0.944351851940155,1.0
5,0,GCP-Mamba (random order),TTI2+ctrl,unseen_single,0.021432625129818916,0.8384164571762085,0.9667563438415527,0.95
5,0,GCP-Mamba (random order),NEDD8+ctrl,unseen_single,0.3337538242340088,0.664023220539093,0.683673083782196,0.95
5,0,GCP-Mamba (random order),HSD17B12+ctrl,unseen_single,0.10783609002828598,0.837805986404419,0.9107974171638489,1.0
5,0,GCP-Mamba (random order),TTI1+ctrl,unseen_single,0.1046348437666893,0.7409940958023071,0.937532365322113,0.95
5,0,GCP-Mamba (random order),PSMD4+ctrl,unseen_single,0.5172222852706909,0.6037588119506836,0.6133891940116882,0.8
5,0,GCP-Mamba (random order),DDOST+ctrl,unseen_single,0.07162366807460785,0.8425266146659851,0.8408288955688477,0.95
5,0,GCP-Mamba (random order),CCND3+ctrl,unseen_single,0.1049785390496254,0.7474696636199951,0.8434668183326721,0.95
5,0,GCP-Mamba (random order),UFM1+ctrl,unseen_single,0.02629011869430542,0.8895843625068665,0.9273145198822021,1.0
5,0,GCP-Mamba (random order),COPB1+ctrl,unseen_single,0.022898802533745766,0.8505824208259583,0.9710038900375366,1.0
5,0,GCP-Mamba (random order),CHERP+ctrl,unseen_single,0.06793690472841263,0.6981062889099121,0.878528356552124,0.85
5,0,GCP-Mamba (random order),SRPRB+ctrl,unseen_single,0.05294841527938843,0.7769278287887573,0.9253661632537842,1.0
5,0,GCP-Mamba (random order),DHDDS+ctrl,unseen_single,0.5133944749832153,0.7410666942596436,0.5918812155723572,0.85
5,0,GCP-Mamba (random order),XRN1+ctrl,unseen_single,0.025220509618520737,0.8184711337089539,0.9818511605262756,1.0
5,0,GCP-Mamba (random order),P4HB+ctrl,unseen_single,0.057434480637311935,0.8718889355659485,0.8449507355690002,0.95
5,0,GCP-Mamba (random order),SPCS3+ctrl,unseen_single,0.0530775785446167,0.8962953090667725,0.9064798355102539,0.95
5,0,GCP-Mamba (random order),SPCS2+ctrl,unseen_single,0.09196016937494278,0.8257455229759216,0.7362119555473328,0.95
5,0,Mamba (no graph),SEC61A1+ctrl,unseen_single,0.2306532859802246,0.7385830283164978,0.8979867100715637,1.0
5,0,Mamba (no graph),DDRGK1+ctrl,unseen_single,0.03909500315785408,0.8647229671478271,0.8882478475570679,1.0
5,0,Mamba (no graph),SEL1L+ctrl,unseen_single,0.09075235575437546,0.854374349117279,0.9047985672950745,1.0
5,0,Mamba (no graph),GMPPB+ctrl,unseen_single,0.01667002961039543,0.8603405952453613,0.9782646894454956,1.0
5,0,Mamba (no graph),TMEM167A+ctrl,unseen_single,0.053784679621458054,0.9043503403663635,0.9451406002044678,1.0
5,0,Mamba (no graph),TTI2+ctrl,unseen_single,0.021695559844374657,0.8238049149513245,0.96254962682724,1.0
5,0,Mamba (no graph),NEDD8+ctrl,unseen_single,0.3471468389034271,0.6598948836326599,0.6773600578308105,0.95
5,0,Mamba (no graph),HSD17B12+ctrl,unseen_single,0.10797084867954254,0.8448908925056458,0.9122423529624939,1.0
5,0,Mamba (no graph),TTI1+ctrl,unseen_single,0.10636260360479355,0.7405356168746948,0.9341662526130676,0.95
5,0,Mamba (no graph),PSMD4+ctrl,unseen_single,0.5255075693130493,0.5750157833099365,0.591953694820404,0.8
5,0,Mamba (no graph),DDOST+ctrl,unseen_single,0.06627580523490906,0.8509312272071838,0.8503197431564331,0.95
5,0,Mamba (no graph),CCND3+ctrl,unseen_single,0.09659700095653534,0.7665184140205383,0.8690398931503296,0.95
5,0,Mamba (no graph),UFM1+ctrl,unseen_single,0.028566932305693626,0.9140118360519409,0.9264418482780457,1.0
5,0,Mamba (no graph),COPB1+ctrl,unseen_single,0.02190118096768856,0.8493770360946655,0.9719269871711731,1.0
5,0,Mamba (no graph),CHERP+ctrl,unseen_single,0.06767886132001877,0.7085711359977722,0.8802706003189087,0.8
5,0,Mamba (no graph),SRPRB+ctrl,unseen_single,0.049514517188072205,0.7864865064620972,0.9303853511810303,1.0
5,0,Mamba (no graph),DHDDS+ctrl,unseen_single,0.5115474462509155,0.7366740107536316,0.5976243019104004,0.85
5,0,Mamba (no graph),XRN1+ctrl,unseen_single,0.02347096987068653,0.8400439620018005,0.9848924279212952,1.0
5,0,Mamba (no graph),P4HB+ctrl,unseen_single,0.051673807203769684,0.8753820061683655,0.8623086810112,0.95
5,0,Mamba (no graph),SPCS3+ctrl,unseen_single,0.05255448818206787,0.8977634310722351,0.9073744416236877,0.95
5,0,Mamba (no graph),SPCS2+ctrl,unseen_single,0.09115076810121536,0.7909417748451233,0.725697934627533,0.95
5,0,Graph-MLP (no scan),SEC61A1+ctrl,unseen_single,0.24407251179218292,0.7475046515464783,0.900854766368866,1.0
5,0,Graph-MLP (no scan),DDRGK1+ctrl,unseen_single,0.04382461681962013,0.8778995275497437,0.8877766132354736,0.95
5,0,Graph-MLP (no scan),SEL1L+ctrl,unseen_single,0.09760461747646332,0.8362048864364624,0.899131178855896,1.0
5,0,Graph-MLP (no scan),GMPPB+ctrl,unseen_single,0.019680706784129143,0.851438581943512,0.9771906733512878,1.0
5,0,Graph-MLP (no scan),TMEM167A+ctrl,unseen_single,0.05186805874109268,0.8835195302963257,0.9467915296554565,1.0
5,0,Graph-MLP (no scan),TTI2+ctrl,unseen_single,0.0222817100584507,0.8478408455848694,0.9680309295654297,0.95
5,0,Graph-MLP (no scan),NEDD8+ctrl,unseen_single,0.332987904548645,0.661327600479126,0.7001358270645142,1.0
5,0,Graph-MLP (no scan),HSD17B12+ctrl,unseen_single,0.1130116805434227,0.844405472278595,0.9161890149116516,1.0
5,0,Graph-MLP (no scan),TTI1+ctrl,unseen_single,0.10921677201986313,0.7451472282409668,0.9410445690155029,0.95
5,0,Graph-MLP (no scan),PSMD4+ctrl,unseen_single,0.5135003328323364,0.6070093512535095,0.6176382899284363,0.75
5,0,Graph-MLP (no scan),DDOST+ctrl,unseen_single,0.07077529281377792,0.8530918955802917,0.8445572853088379,0.95
5,0,Graph-MLP (no scan),CCND3+ctrl,unseen_single,0.1043999046087265,0.7576436996459961,0.8493820428848267,0.95
5,0,Graph-MLP (no scan),UFM1+ctrl,unseen_single,0.02960870787501335,0.8863560557365417,0.9307974576950073,1.0
5,0,Graph-MLP (no scan),COPB1+ctrl,unseen_single,0.024445289745926857,0.8569563627243042,0.972956657409668,1.0
5,0,Graph-MLP (no scan),CHERP+ctrl,unseen_single,0.06946852803230286,0.7032744288444519,0.8846192359924316,0.85
5,0,Graph-MLP (no scan),SRPRB+ctrl,unseen_single,0.05690992623567581,0.7771002054214478,0.9359257221221924,1.0
5,0,Graph-MLP (no scan),DHDDS+ctrl,unseen_single,0.5192816257476807,0.732314944267273,0.5856603980064392,0.85
5,0,Graph-MLP (no scan),XRN1+ctrl,unseen_single,0.02291964925825596,0.8164316415786743,0.9819293022155762,1.0
5,0,Graph-MLP (no scan),P4HB+ctrl,unseen_single,0.056013695895671844,0.8761167526245117,0.8526010513305664,0.95
5,0,Graph-MLP (no scan),SPCS3+ctrl,unseen_single,0.056381214410066605,0.8885762691497803,0.9114993214607239,0.95
5,0,Graph-MLP (no scan),SPCS2+ctrl,unseen_single,0.09244401752948761,0.8512256741523743,0.7471464276313782,0.95
5,0,"GCP-Mamba (Delta only, w_c~N(0,1))",SEC61A1+ctrl,unseen_single,0.22945161163806915,0.7534438371658325,0.9007981419563293,1.0
5,0,"GCP-Mamba (Delta only, w_c~N(0,1))",DDRGK1+ctrl,unseen_single,0.038622159510850906,0.8723878860473633,0.8886441588401794,0.95
5,0,"GCP-Mamba (Delta only, w_c~N(0,1))",SEL1L+ctrl,unseen_single,0.09389588236808777,0.8405133485794067,0.9004104733467102,1.0
5,0,"GCP-Mamba (Delta only, w_c~N(0,1))",GMPPB+ctrl,unseen_single,0.016706161201000214,0.8615155220031738,0.9768866896629333,1.0
5,0,"GCP-Mamba (Delta only, w_c~N(0,1))",TMEM167A+ctrl,unseen_single,0.05174938961863518,0.8818458318710327,0.9446481466293335,1.0
5,0,"GCP-Mamba (Delta only, w_c~N(0,1))",TTI2+ctrl,unseen_single,0.020788555964827538,0.8601265549659729,0.966492772102356,1.0
5,0,"GCP-Mamba (Delta only, w_c~N(0,1))",NEDD8+ctrl,unseen_single,0.3332957327365875,0.6640782952308655,0.6801261901855469,0.95
5,0,"GCP-Mamba (Delta only, w_c~N(0,1))",HSD17B12+ctrl,unseen_single,0.10594425350427628,0.8449547290802002,0.9112142324447632,1.0
5,0,"GCP-Mamba (Delta only, w_c~N(0,1))",TTI1+ctrl,unseen_single,0.10498406738042831,0.7507849335670471,0.9406551122665405,0.95
5,0,"GCP-Mamba (Delta only, w_c~N(0,1))",PSMD4+ctrl,unseen_single,0.5092816352844238,0.6019579172134399,0.6220802068710327,0.8
5,0,"GCP-Mamba (Delta only, w_c~N(0,1))",DDOST+ctrl,unseen_single,0.06897184997797012,0.8329663872718811,0.8391334414482117,0.95
5,0,"GCP-Mamba (Delta only, w_c~N(0,1))",CCND3+ctrl,unseen_single,0.09748169034719467,0.7595723867416382,0.85276859998703,0.95
5,0,"GCP-Mamba (Delta only, w_c~N(0,1))",UFM1+ctrl,unseen_single,0.026872441172599792,0.8962628245353699,0.9232401847839355,1.0
5,0,"GCP-Mamba (Delta only, w_c~N(0,1))",COPB1+ctrl,unseen_single,0.022410757839679718,0.8536341786384583,0.9719154238700867,1.0
5,0,"GCP-Mamba (Delta only, w_c~N(0,1))",CHERP+ctrl,unseen_single,0.06952899694442749,0.7099049091339111,0.8777267932891846,0.85
5,0,"GCP-Mamba (Delta only, w_c~N(0,1))",SRPRB+ctrl,unseen_single,0.05004525184631348,0.7852461934089661,0.9317924380302429,1.0
5,0,"GCP-Mamba (Delta only, w_c~N(0,1))",DHDDS+ctrl,unseen_single,0.5167145729064941,0.7293716073036194,0.5909348130226135,0.85
5,0,"GCP-Mamba (Delta only, w_c~N(0,1))",XRN1+ctrl,unseen_single,0.019728679209947586,0.8226611018180847,0.9825869202613831,1.0
5,0,"GCP-Mamba (Delta only, w_c~N(0,1))",P4HB+ctrl,unseen_single,0.05083804205060005,0.8813438415527344,0.8560135364532471,1.0
5,0,"GCP-Mamba (Delta only, w_c~N(0,1))",SPCS3+ctrl,unseen_single,0.0524042472243309,0.8925199508666992,0.9108073711395264,0.95
5,0,"GCP-Mamba (Delta only, w_c~N(0,1))",SPCS2+ctrl,unseen_single,0.09001103043556213,0.8442835211753845,0.7433784008026123,0.95
5,0,GCP-Mamba (additive prior),SEC61A1+ctrl,unseen_single,0.2108127325773239,0.7364003658294678,0.9018873572349548,1.0
5,0,GCP-Mamba (additive prior),DDRGK1+ctrl,unseen_single,0.03922990709543228,0.868742048740387,0.8893974423408508,0.95
5,0,GCP-Mamba (additive prior),SEL1L+ctrl,unseen_single,0.08775707334280014,0.8471927046775818,0.910481333732605,1.0
5,0,GCP-Mamba (additive prior),GMPPB+ctrl,unseen_single,0.016053002327680588,0.8577671647071838,0.9786405563354492,1.0
5,0,GCP-Mamba (additive prior),TMEM167A+ctrl,unseen_single,0.05287838727235794,0.8886722326278687,0.9438677430152893,1.0
5,0,GCP-Mamba (additive prior),TTI2+ctrl,unseen_single,0.018810931593179703,0.8456068634986877,0.968123197555542,1.0
5,0,GCP-Mamba (additive prior),NEDD8+ctrl,unseen_single,0.32771366834640503,0.6677500009536743,0.686390221118927,0.95
5,0,GCP-Mamba (additive prior),HSD17B12+ctrl,unseen_single,0.10662361234426498,0.8409506678581238,0.912885308265686,1.0
5,0,GCP-Mamba (additive prior),TTI1+ctrl,unseen_single,0.10244546830654144,0.7424891591072083,0.9392316341400146,0.95
5,0,GCP-Mamba (additive prior),PSMD4+ctrl,unseen_single,0.5177513360977173,0.6002073287963867,0.6199060678482056,0.8
5,0,GCP-Mamba (additive prior),DDOST+ctrl,unseen_single,0.07005257904529572,0.8381747603416443,0.8435414433479309,0.95
5,0,GCP-Mamba (additive prior),CCND3+ctrl,unseen_single,0.10367695242166519,0.7452376484870911,0.8449769616127014,0.9
5,0,GCP-Mamba (additive prior),UFM1+ctrl,unseen_single,0.025982405990362167,0.8955878019332886,0.9245402812957764,1.0
5,0,GCP-Mamba (additive prior),COPB1+ctrl,unseen_single,0.021966619417071342,0.8529791235923767,0.972547709941864,1.0
5,0,GCP-Mamba (additive prior),CHERP+ctrl,unseen_single,0.06886927038431168,0.7011482119560242,0.8746008276939392,0.75
5,0,GCP-Mamba (additive prior),SRPRB+ctrl,unseen_single,0.050868671387434006,0.7763702273368835,0.923248291015625,1.0
5,0,GCP-Mamba (additive prior),DHDDS+ctrl,unseen_single,0.5080639123916626,0.7405707836151123,0.6007778644561768,0.85
5,0,GCP-Mamba (additive prior),XRN1+ctrl,unseen_single,0.02588980458676815,0.8151366710662842,0.9814485907554626,1.0
5,0,GCP-Mamba (additive prior),P4HB+ctrl,unseen_single,0.058215659111738205,0.8665384650230408,0.8401907086372375,0.95
5,0,GCP-Mamba (additive prior),SPCS3+ctrl,unseen_single,0.051514796912670135,0.8975954055786133,0.9066713452339172,0.95
5,0,GCP-Mamba (additive prior),SPCS2+ctrl,unseen_single,0.08904771506786346,0.8393858075141907,0.7362143397331238,0.95
5,0,Mamba (additive prior),SEC61A1+ctrl,unseen_single,0.23061037063598633,0.7385899424552917,0.897988498210907,1.0
5,0,Mamba (additive prior),DDRGK1+ctrl,unseen_single,0.03908587992191315,0.864727258682251,0.888250470161438,1.0
5,0,Mamba (additive prior),SEL1L+ctrl,unseen_single,0.09073396027088165,0.8543714284896851,0.9048026204109192,1.0
5,0,Mamba (additive prior),GMPPB+ctrl,unseen_single,0.016656484454870224,0.860333263874054,0.9782657027244568,1.0
5,0,Mamba (additive prior),TMEM167A+ctrl,unseen_single,0.05376575142145157,0.9043475985527039,0.9451392889022827,1.0
5,0,Mamba (additive prior),TTI2+ctrl,unseen_single,0.021681690588593483,0.8238058686256409,0.9625529050827026,1.0
5,0,Mamba (additive prior),NEDD8+ctrl,unseen_single,0.3471184968948364,0.6599017381668091,0.6773650646209717,0.95
5,0,Mamba (additive prior),HSD17B12+ctrl,unseen_single,0.10794313251972198,0.8448927998542786,0.9122461676597595,1.0
5,0,Mamba (additive prior),TTI1+ctrl,unseen_single,0.10633447021245956,0.7405337691307068,0.9341650009155273,0.95
5,0,Mamba (additive prior),PSMD4+ctrl,unseen_single,0.5255044102668762,0.5750256776809692,0.5919451117515564,0.8
5,0,Mamba (additive prior),DDOST+ctrl,unseen_single,0.06626828014850616,0.8509278297424316,0.8503201603889465,0.95
5,0,Mamba (additive prior),CCND3+ctrl,unseen_single,0.09658445417881012,0.7665081024169922,0.869030237197876,0.95
5,0,Mamba (additive prior),UFM1+ctrl,unseen_single,0.028556426987051964,0.9140022993087769,0.926441490650177,1.0
5,0,Mamba (additive prior),COPB1+ctrl,unseen_single,0.021891741082072258,0.8493820428848267,0.9719265699386597,1.0
5,0,Mamba (additive prior),CHERP+ctrl,unseen_single,0.06766541302204132,0.7085649967193604,0.880273699760437,0.8
5,0,Mamba (additive prior),SRPRB+ctrl,unseen_single,0.049496643245220184,0.7864789366722107,0.9303871393203735,1.0
5,0,Mamba (additive prior),DHDDS+ctrl,unseen_single,0.5115200877189636,0.7366823554039001,0.5976322293281555,0.85
5,0,Mamba (additive prior),XRN1+ctrl,unseen_single,0.023454491049051285,0.8400303721427917,0.9848914742469788,1.0
5,0,Mamba (additive prior),P4HB+ctrl,unseen_single,0.051664240658283234,0.8753824234008789,0.8623042702674866,0.95
5,0,Mamba (additive prior),SPCS3+ctrl,unseen_single,0.05253993347287178,0.8977691531181335,0.9073768258094788,0.95
5,0,Mamba (additive prior),SPCS2+ctrl,unseen_single,0.09113971143960953,0.7909621596336365,0.7257093787193298,0.95
