seed,rep,model,epoch,train,val
1,0,GCP-Mamba,0,0.004155602150907119,0.005008373875170946
1,0,GCP-Mamba,1,0.003961756773706939,0.005049461964517832
1,0,GCP-Mamba,2,0.003714148748528074,0.004875619430094957
1,0,GCP-Mamba,3,0.003640163603618189,0.004816797561943531
1,0,GCP-Mamba,4,0.003457490449633311,0.004773660097271204
1,0,GCP-Mamba,5,0.0032900137033451487,0.004879465326666832
1,0,GCP-Mamba,6,0.0031041006247202554,0.005009722430258989
1,0,GCP-Mamba,7,0.0029315248097258584,0.005251892376691103
1,0,GCP-Mamba,8,0.002805869038975625,0.0051836115308105946
1,0,GCP-Mamba,9,0.002652660865957538,0.006070718634873629
1,0,GCP-Mamba,10,0.002522055007931259,0.00562580581754446
1,0,GCP-Mamba,11,0.0024952208450822917,0.006006008945405483
1,0,GCP-Mamba,12,0.002435001915458728,0.0065007442608475685
1,0,GCP-Mamba,13,0.0025665443908009264,0.006587380543351173
1,0,GCP-Mamba,14,0.0024414703991540053,0.006354723125696182
1,0,GCP-Mamba,15,0.0022832023462763537,0.006188100203871727
1,0,GCP-Mamba,16,0.0022050349981765503,0.006651337258517742
1,0,GCP-Mamba,17,0.0021256204884223364,0.005996981635689735
1,0,GCP-Mamba,18,0.0020046738855954674,0.006216643378138542
1,0,GCP-Mamba,19,0.001970446116670414,0.00653235474601388
1,0,GCP-Mamba,20,0.0019970197851459184,0.006824600975960493
1,0,GCP-Mamba,21,0.002243784937524685,0.006243257317692041
1,0,GCP-Mamba,22,0.0021372203266731013,0.005966157652437687
1,0,GCP-Mamba,23,0.002129027262088601,0.006598487496376038
1,0,GCP-Mamba,24,0.0020067522914528294,0.007025592494755983
1,0,GCP-Mamba,25,0.0019439625191605752,0.0066913398914039135
1,0,GCP-Mamba,26,0.001816286144916106,0.007135680411010981
1,0,GCP-Mamba,27,0.001761279607847057,0.007059615105390549
1,0,GCP-Mamba,28,0.0017598981029112583,0.007171614561229944
1,0,GCP-Mamba,29,0.0017074389314209973,0.006833049468696117
1,0,GCP-Mamba,30,0.001681291692269345,0.0070531489327549934
1,0,GCP-Mamba,31,0.0015566171172799335,0.007200697902590036
1,0,GCP-Mamba,32,0.0015531419302095418,0.006675426848232746
1,0,GCP-Mamba,33,0.0016912005419187524,0.007158891763538122
1,0,GCP-Mamba,34,0.0017745642517520875,0.006700783036649227
1,0,GCP-Mamba,35,0.0017757992803429563,0.006387744098901749
1,0,GCP-Mamba,36,0.0016506685513175195,0.006574093829840422
1,0,GCP-Mamba,37,0.0015369528878687157,0.006734437774866819
1,0,GCP-Mamba,38,0.0015152412384782951,0.007058354094624519
1,0,GCP-Mamba,39,0.0015503531580583917,0.006926270667463541
1,0,GCP-Mamba (Delta only),0,0.0038581263894836106,0.004843117669224739
1,0,GCP-Mamba (Delta only),1,0.00377272667484013,0.004823118913918734
1,0,GCP-Mamba (Delta only),2,0.0036780841441618074,0.004859710577875376
1,0,GCP-Mamba (Delta only),3,0.0035810536463503485,0.004764250945299864
1,0,GCP-Mamba (Delta only),4,0.0034135740543543187,0.004804821684956551
1,0,GCP-Mamba (Delta only),5,0.0032349201307321587,0.004726954270154238
1,0,GCP-Mamba (Delta only),6,0.0029951122425565563,0.004810122773051262
1,0,GCP-Mamba (Delta only),7,0.002808323388712274,0.0049859038554131985
1,0,GCP-Mamba (Delta only),8,0.0026622726409523574,0.005358948837965727
1,0,GCP-Mamba (Delta only),9,0.0028242571451873692,0.005434192717075348
1,0,GCP-Mamba (Delta only),10,0.002452659731109937,0.006142300087958574
1,0,GCP-Mamba (Delta only),11,0.002700308363677727,0.005865978077054024
1,0,GCP-Mamba (Delta only),12,0.00255423572121395,0.005811216775327921
1,0,GCP-Mamba (Delta only),13,0.0024126074966733103,0.006043814588338137
1,0,GCP-Mamba (Delta only),14,0.0021679292010419347,0.0063745249062776566
1,0,GCP-Mamba (Delta only),15,0.0021135019552376536,0.006252536084502935
1,0,GCP-Mamba (Delta only),16,0.0019888358526966637,0.006096432451158762
1,0,GCP-Mamba (Delta only),17,0.001927749482328417,0.006533175241202116
1,0,GCP-Mamba (Delta only),18,0.0019410381145361397,0.00637790048494935
1,0,GCP-Mamba (Delta only),19,0.0018034240023957358,0.006389523856341839
1,0,GCP-Mamba (Delta only),20,0.0018674138700589538,0.006238939706236124
1,0,GCP-Mamba (Delta only),21,0.0018314318903894335,0.006224983371794224
1,0,GCP-Mamba (Delta only),22,0.0017813403564677745,0.0067491778172552586
1,0,GCP-Mamba (Delta only),23,0.0016481618621145134,0.006735973060131073
1,0,GCP-Mamba (Delta only),24,0.0017358650436141976,0.006705011241137981
1,0,GCP-Mamba (Delta only),25,0.0018177701729453271,0.006702770944684744
1,0,GCP-Mamba (Delta only),26,0.00165468188761561,0.006273280363529921
1,0,GCP-Mamba (Delta only),27,0.001797608531045693,0.00615763571113348
1,0,GCP-Mamba (Delta only),28,0.001707228612051242,0.006842966191470623
1,0,GCP-Mamba (Delta only),29,0.0016706419108366525,0.007291187532246113
1,0,GCP-Mamba (Delta only),30,0.001654965169210401,0.006911296397447586
1,0,GCP-Mamba (Delta only),31,0.0015067861639653092,0.0068387193605303764
1,0,GCP-Mamba (Delta only),32,0.0015029720703346862,0.007066580932587385
1,0,GCP-Mamba (Delta only),33,0.0014832198826803102,0.00695306621491909
1,0,GCP-Mamba (Delta only),34,0.0014834641306488603,0.007049507461488247
1,0,GCP-Mamba (Delta only),35,0.001449043455068022,0.006426569540053606
1,0,GCP-Mamba (Delta only),36,0.0014653482250179405,0.006775162182748318
1,0,GCP-Mamba (Delta only),37,0.0014352363327311145,0.006212019827216864
1,0,GCP-Mamba (Delta only),38,0.0014641406531963083,0.00664160680025816
1,0,GCP-Mamba (Delta only),39,0.001481537733020054,0.006732570473104715
1,0,GCP-Mamba (perm. graph),0,0.004154019902839705,0.005006158724427223
1,0,GCP-Mamba (perm. graph),1,0.00395822131799327,0.0050277323462069035
1,0,GCP-Mamba (perm. graph),2,0.0037156613802330363,0.004856628365814686
1,0,GCP-Mamba (perm. graph),3,0.003637735404212166,0.004811963532119989
1,0,GCP-Mamba (perm. graph),4,0.003454426018935111,0.004761279560625553
1,0,GCP-Mamba (perm. graph),5,0.0032927040786792836,0.004852509591728449
1,0,GCP-Mamba (perm. graph),6,0.0031144709360820277,0.004936553072184324
1,0,GCP-Mamba (perm. graph),7,0.0029149372303099545,0.005274402908980846
1,0,GCP-Mamba (perm. graph),8,0.002797654226284336,0.005198841914534569
1,0,GCP-Mamba (perm. graph),9,0.0025613550441684545,0.00596719142049551
1,0,GCP-Mamba (perm. graph),10,0.002462067675811273,0.005912588443607092
1,0,GCP-Mamba (perm. graph),11,0.0023862099085279085,0.0059971590526402
1,0,GCP-Mamba (perm. graph),12,0.0023081541251115225,0.006950753275305033
1,0,GCP-Mamba (perm. graph),13,0.002486171821753184,0.0067364913411438465
1,0,GCP-Mamba (perm. graph),14,0.0022093780183543763,0.006684983614832163
1,0,GCP-Mamba (perm. graph),15,0.0022058879214994333,0.006475295405834913
1,0,GCP-Mamba (perm. graph),16,0.002259502834123042,0.006743272300809622
1,0,GCP-Mamba (perm. graph),17,0.002153854519646201,0.006407971028238535
1,0,GCP-Mamba (perm. graph),18,0.0020540534708372972,0.006042731925845146
1,0,GCP-Mamba (perm. graph),19,0.0019618988606250947,0.006667877547442913
1,0,GCP-Mamba (perm. graph),20,0.0019301819114911337,0.007137063425034285
1,0,GCP-Mamba (perm. graph),21,0.0018558143034439396,0.006654998753219843
1,0,GCP-Mamba (perm. graph),22,0.001805762035979165,0.006390706170350313
1,0,GCP-Mamba (perm. graph),23,0.001801116357522982,0.006812537554651499
1,0,GCP-Mamba (perm. graph),24,0.0017769236065861252,0.0069321515038609505
1,0,GCP-Mamba (perm. graph),25,0.0017169689699248582,0.006636092439293861
1,0,GCP-Mamba (perm. graph),26,0.0016095362155249826,0.006916912738233805
1,0,GCP-Mamba (perm. graph),27,0.0017012787284329534,0.007673327345401049
1,0,GCP-Mamba (perm. graph),28,0.0018519936646852228,0.007156901527196169
1,0,GCP-Mamba (perm. graph),29,0.001762540976482409,0.006757856346666813
1,0,GCP-Mamba (perm. graph),30,0.0016976465747036316,0.006705122068524361
1,0,GCP-Mamba (perm. graph),31,0.0015372319397068135,0.0071565634571015835
1,0,GCP-Mamba (perm. graph),32,0.0014962058867914257,0.006688374560326338
1,0,GCP-Mamba (perm. graph),33,0.0015224952388692785,0.006914213299751282
1,0,GCP-Mamba (perm. graph),34,0.0015951643904878034,0.006765448022633791
1,0,GCP-Mamba (perm. graph),35,0.0017177024554392254,0.006115109194070101
1,0,GCP-Mamba (perm. graph),36,0.0015043290676894012,0.006521574221551418
1,0,GCP-Mamba (perm. graph),37,0.0014260098924515424,0.006996377371251583
1,0,GCP-Mamba (perm. graph),38,0.0014361433223476288,0.007119291927665472
1,0,GCP-Mamba (perm. graph),39,0.0015429836715123168,0.006975124590098858
1,0,GCP-Mamba (random order),0,0.004092860311545708,0.005093173589557409
1,0,GCP-Mamba (random order),1,0.004036525212642219,0.00511182239279151
1,0,GCP-Mamba (random order),2,0.0037274185861288396,0.004922626540064812
1,0,GCP-Mamba (random order),3,0.0036799172974295085,0.004847770091146231
1,0,GCP-Mamba (random order),4,0.00350131429904313,0.0047439225018024445
1,0,GCP-Mamba (random order),5,0.0033264785263411424,0.004846824798732996
1,0,GCP-Mamba (random order),6,0.0031448790493110814,0.004743595607578754
1,0,GCP-Mamba (random order),7,0.0029508335929777888,0.004968018736690283
1,0,GCP-Mamba (random order),8,0.002852136489107377,0.005111088044941425
1,0,GCP-Mamba (random order),9,0.0027446182944846375,0.0057502081617712975
1,0,GCP-Mamba (random order),10,0.0026170591978977122,0.005503156688064337
1,0,GCP-Mamba (random order),11,0.0024211900567428935,0.005772738717496395
1,0,GCP-Mamba (random order),12,0.002375286546777244,0.006346533540636301
1,0,GCP-Mamba (random order),13,0.002304538670513365,0.006850782781839371
1,0,GCP-Mamba (random order),14,0.002209214528125745,0.0063722324557602406
1,0,GCP-Mamba (random order),15,0.0022075121308228482,0.006342483218759298
1,0,GCP-Mamba (random order),16,0.002063447385336514,0.006535030901432037
1,0,GCP-Mamba (random order),17,0.002082589793846839,0.006552124861627817
1,0,GCP-Mamba (random order),18,0.002224010380881804,0.006178362760692835
1,0,GCP-Mamba (random order),19,0.0022809481834647834,0.006946315057575703
1,0,GCP-Mamba (random order),20,0.002341078654690473,0.006502112839370966
1,0,GCP-Mamba (random order),21,0.0023998936069094473,0.006542813964188099
1,0,GCP-Mamba (random order),22,0.002138799798019506,0.0070282346569001675
1,0,GCP-Mamba (random order),23,0.002067614588196631,0.00731269083917141
1,0,GCP-Mamba (random order),24,0.0019649008797757604,0.007527944631874561
1,0,GCP-Mamba (random order),25,0.0018726641881383127,0.006460511591285467
1,0,GCP-Mamba (random order),26,0.0018852227798628587,0.007021057885140181
1,0,GCP-Mamba (random order),27,0.0017968281905201297,0.007055100053548813
1,0,GCP-Mamba (random order),28,0.0018375299405306578,0.007404320407658815
1,0,GCP-Mamba (random order),29,0.00183390311172439,0.006993156857788563
1,0,GCP-Mamba (random order),30,0.0020304119938777555,0.006531982216984034
1,0,GCP-Mamba (random order),31,0.002174968089632414,0.006428268272429705
1,0,GCP-Mamba (random order),32,0.0019490968099691803,0.006952852010726929
1,0,GCP-Mamba (random order),33,0.0018114022505297154,0.0071413214318454266
1,0,GCP-Mamba (random order),34,0.0018066259885758714,0.0066866157576441765
1,0,GCP-Mamba (random order),35,0.0017947123851627111,0.006688948720693588
1,0,GCP-Mamba (random order),36,0.001727642715667133,0.007252497132867575
1,0,GCP-Mamba (random order),37,0.0016473293244079858,0.007732032798230648
1,0,GCP-Mamba (random order),38,0.0015946638779024834,0.0067993937991559505
1,0,GCP-Mamba (random order),39,0.00156331994070637,0.007267656270414591
1,0,Mamba (no graph),0,0.003908745651305826,0.00500598456710577
1,0,Mamba (no graph),1,0.0038428587787267235,0.0047972239553928375
1,0,Mamba (no graph),2,0.0037143608055043,0.004892490338534117
1,0,Mamba (no graph),3,0.0035662741003627024,0.004831274971365929
1,0,Mamba (no graph),4,0.003450877283251396,0.004702586214989424
1,0,Mamba (no graph),5,0.003279310202708951,0.004731135908514261
1,0,Mamba (no graph),6,0.00314677399755628,0.004926306661218405
1,0,Mamba (no graph),7,0.0030468962051802212,0.006366475950926542
1,0,Mamba (no graph),8,0.0029598500890036425,0.005416534841060638
1,0,Mamba (no graph),9,0.0027957757227812653,0.0056488108821213245
1,0,Mamba (no graph),10,0.002711009122086344,0.005585663020610809
1,0,Mamba (no graph),11,0.002678195135322986,0.0061651128344237804
1,0,Mamba (no graph),12,0.0026037287984595255,0.0060044522397220135
1,0,Mamba (no graph),13,0.002514275178934137,0.006174770183861256
1,0,Mamba (no graph),14,0.0024748660399819965,0.0059908549301326275
1,0,Mamba (no graph),15,0.002353516424557677,0.006118989083915949
1,0,Mamba (no graph),16,0.0022315484109438127,0.006334344390779734
1,0,Mamba (no graph),17,0.0020819705850617203,0.006007211282849312
1,0,Mamba (no graph),18,0.0019997118032295948,0.006207016762346029
1,0,Mamba (no graph),19,0.0019854652798838085,0.006058265920728445
1,0,Mamba (no graph),20,0.0019131210348051456,0.0063035693019628525
1,0,Mamba (no graph),21,0.0018625182824002372,0.006740889046341181
1,0,Mamba (no graph),22,0.0018390556193750214,0.006288477685302496
1,0,Mamba (no graph),23,0.0020699413079354498,0.006152707617729902
1,0,Mamba (no graph),24,0.0019381922342021156,0.006226940080523491
1,0,Mamba (no graph),25,0.0018428988340828153,0.006021848414093256
1,0,Mamba (no graph),26,0.0019048662011132197,0.006302646826952696
1,0,Mamba (no graph),27,0.001845659541518048,0.006403581239283085
1,0,Mamba (no graph),28,0.0017403970705345273,0.006794081535190344
1,0,Mamba (no graph),29,0.0016499125717759685,0.006754576228559017
1,0,Mamba (no graph),30,0.0016372762706682639,0.006727403029799461
1,0,Mamba (no graph),31,0.0016279378905892372,0.0068178437650203705
1,0,Mamba (no graph),32,0.0016117240216031118,0.006595185492187738
1,0,Mamba (no graph),33,0.0016530813580309903,0.0066369883716106415
1,0,Mamba (no graph),34,0.0015666207505597009,0.006553881801664829
1,0,Mamba (no graph),35,0.0015113439574768698,0.00684005580842495
1,0,Mamba (no graph),36,0.0014950431003752681,0.006790386978536844
1,0,Mamba (no graph),37,0.0014618320856243372,0.00677922647446394
1,0,Mamba (no graph),38,0.0014286055402071387,0.006641729734838009
1,0,Mamba (no graph),39,0.0014764532076056909,0.006762620061635971
1,0,Graph-MLP (no scan),0,0.003924231100999923,0.005047248676419258
1,0,Graph-MLP (no scan),1,0.003864530422207382,0.0048927185125648975
1,0,Graph-MLP (no scan),2,0.003623463291053971,0.004902828484773636
1,0,Graph-MLP (no scan),3,0.0035033549389077556,0.00493147037923336
1,0,Graph-MLP (no scan),4,0.0033111342366922785,0.005091948434710503
1,0,Graph-MLP (no scan),5,0.0030869898403546323,0.005034951958805323
1,0,Graph-MLP (no scan),6,0.0030030900767693916,0.0051495227962732315
1,0,Graph-MLP (no scan),7,0.002807283174694964,0.00524187320843339
1,0,Graph-MLP (no scan),8,0.0026484643954231783,0.005615010857582092
1,0,Graph-MLP (no scan),9,0.0024792919866740704,0.005756157450377941
1,0,Graph-MLP (no scan),10,0.0024125028306756307,0.0058477190323174
1,0,Graph-MLP (no scan),11,0.0023716822076864817,0.006521930918097496
1,0,Graph-MLP (no scan),12,0.0023894694987339556,0.006970616523176432
1,0,Graph-MLP (no scan),13,0.0024562291111107225,0.007498447317630053
1,0,Graph-MLP (no scan),14,0.002382478045075442,0.007020751014351845
1,0,Graph-MLP (no scan),15,0.0022604853794392613,0.006326934322714806
1,0,Graph-MLP (no scan),16,0.0025156515098556324,0.005629620049148798
1,0,Graph-MLP (no scan),17,0.0029488061727197083,0.0059350961819291115
1,0,Graph-MLP (no scan),18,0.002314473830025505,0.006559678353369236
1,0,Graph-MLP (no scan),19,0.0021763093881653965,0.0068694958463311195
1,0,Graph-MLP (no scan),20,0.002099231730594679,0.006672516465187073
1,0,Graph-MLP (no scan),21,0.0020218344957188324,0.0064470237120985985
1,0,Graph-MLP (no scan),22,0.001943262535388823,0.006538531742990017
1,0,Graph-MLP (no scan),23,0.0018640213852955236,0.006217518355697393
1,0,Graph-MLP (no scan),24,0.0018448425732828953,0.0061140237376093864
1,0,Graph-MLP (no scan),25,0.0017769051267317048,0.006448489613831043
1,0,Graph-MLP (no scan),26,0.0017956454582788326,0.0068720183335244656
1,0,Graph-MLP (no scan),27,0.0017093853567968363,0.0066323112696409225
1,0,Graph-MLP (no scan),28,0.0016604951212044667,0.006151495035737753
1,0,Graph-MLP (no scan),29,0.0015922564435405311,0.006460405420511961
1,0,Graph-MLP (no scan),30,0.0016338765724665588,0.006787428632378578
1,0,Graph-MLP (no scan),31,0.001710728802545755,0.006140466313809156
1,0,Graph-MLP (no scan),32,0.0017378392189534174,0.006306531373411417
1,0,Graph-MLP (no scan),33,0.0015726228054888823,0.006406094413250685
1,0,Graph-MLP (no scan),34,0.0015774403129600817,0.006317260675132275
1,0,Graph-MLP (no scan),35,0.0015383815841266402,0.006414842791855335
1,0,Graph-MLP (no scan),36,0.001619028384555821,0.006390939932316542
1,0,Graph-MLP (no scan),37,0.0015017369511985668,0.006414881441742182
1,0,Graph-MLP (no scan),38,0.001604716500474347,0.006394055671989918
1,0,Graph-MLP (no scan),39,0.0017050744500011206,0.006519535090774298
1,0,"GCP-Mamba (Delta only, w_c~N(0,1))",0,0.0038580430792299687,0.004843098111450672
1,0,"GCP-Mamba (Delta only, w_c~N(0,1))",1,0.003772820596134773,0.00482280645519495
1,0,"GCP-Mamba (Delta only, w_c~N(0,1))",2,0.003678055566356138,0.004859779961407185
1,0,"GCP-Mamba (Delta only, w_c~N(0,1))",3,0.003581296281751107,0.004764915909618139
1,0,"GCP-Mamba (Delta only, w_c~N(0,1))",4,0.003414048528712657,0.004804291762411594
1,0,"GCP-Mamba (Delta only, w_c~N(0,1))",5,0.0032358587055501564,0.004728318192064762
1,0,"GCP-Mamba (Delta only, w_c~N(0,1))",6,0.002995994834539791,0.004808363970369101
1,0,"GCP-Mamba (Delta only, w_c~N(0,1))",7,0.002809089254932823,0.0049867513589560986
1,0,"GCP-Mamba (Delta only, w_c~N(0,1))",8,0.0026654928267278053,0.005361886229366064
1,0,"GCP-Mamba (Delta only, w_c~N(0,1))",9,0.0028276327669758488,0.005429746583104134
1,0,"GCP-Mamba (Delta only, w_c~N(0,1))",10,0.0024556527172939647,0.006130944471806288
1,0,"GCP-Mamba (Delta only, w_c~N(0,1))",11,0.0027056374345664626,0.00584845757111907
1,0,"GCP-Mamba (Delta only, w_c~N(0,1))",12,0.0025552723522263543,0.005806078668683767
1,0,"GCP-Mamba (Delta only, w_c~N(0,1))",13,0.0024109632466678267,0.0060480451211333275
1,0,"GCP-Mamba (Delta only, w_c~N(0,1))",14,0.002166361453149606,0.006387026514858007
1,0,"GCP-Mamba (Delta only, w_c~N(0,1))",15,0.002112824439623014,0.006248087156563997
1,0,"GCP-Mamba (Delta only, w_c~N(0,1))",16,0.00198920170293638,0.0060888309963047504
1,0,"GCP-Mamba (Delta only, w_c~N(0,1))",17,0.0019246846678908224,0.006533089559525251
1,0,"GCP-Mamba (Delta only, w_c~N(0,1))",18,0.0019407799570924705,0.006374482996761799
1,0,"GCP-Mamba (Delta only, w_c~N(0,1))",19,0.0018025059252977371,0.006388941779732704
1,0,"GCP-Mamba (Delta only, w_c~N(0,1))",20,0.00186350273779007,0.006247758399695158
1,0,"GCP-Mamba (Delta only, w_c~N(0,1))",21,0.0018314669012195533,0.006228844169527292
1,0,"GCP-Mamba (Delta only, w_c~N(0,1))",22,0.0017825271589336571,0.006758170668035746
1,0,"GCP-Mamba (Delta only, w_c~N(0,1))",23,0.0016484898471928857,0.006743249949067831
1,0,"GCP-Mamba (Delta only, w_c~N(0,1))",24,0.0017279087634826148,0.006730229593813419
1,0,"GCP-Mamba (Delta only, w_c~N(0,1))",25,0.001799528814714264,0.006713834125548601
1,0,"GCP-Mamba (Delta only, w_c~N(0,1))",26,0.0016469214353020544,0.0062679722905159
1,0,"GCP-Mamba (Delta only, w_c~N(0,1))",27,0.0017838431522250175,0.006174186244606972
1,0,"GCP-Mamba (Delta only, w_c~N(0,1))",28,0.0016890692102067449,0.00690144207328558
1,0,"GCP-Mamba (Delta only, w_c~N(0,1))",29,0.0016573635749173937,0.0072888475842773914
1,0,"GCP-Mamba (Delta only, w_c~N(0,1))",30,0.0016430374881666568,0.006911086849868298
1,0,"GCP-Mamba (Delta only, w_c~N(0,1))",31,0.001499928163226556,0.006856498774141073
1,0,"GCP-Mamba (Delta only, w_c~N(0,1))",32,0.001496486891819923,0.007095066364854574
1,0,"GCP-Mamba (Delta only, w_c~N(0,1))",33,0.0014834673040442998,0.0069479187950491905
1,0,"GCP-Mamba (Delta only, w_c~N(0,1))",34,0.0014951375994348415,0.0070258439518511295
1,0,"GCP-Mamba (Delta only, w_c~N(0,1))",35,0.0014529945781557923,0.0064149578101933
1,0,"GCP-Mamba (Delta only, w_c~N(0,1))",36,0.0014680308867590847,0.006759157404303551
1,0,"GCP-Mamba (Delta only, w_c~N(0,1))",37,0.0014417103310633036,0.006207338999956846
1,0,"GCP-Mamba (Delta only, w_c~N(0,1))",38,0.0014811591676401872,0.006604289170354605
1,0,"GCP-Mamba (Delta only, w_c~N(0,1))",39,0.0014808545346130376,0.006738641299307346
1,0,GCP-Mamba (additive prior),0,0.004155603789344982,0.005008270498365164
1,0,GCP-Mamba (additive prior),1,0.003961758688092232,0.005049276631325483
1,0,GCP-Mamba (additive prior),2,0.0037141513096651544,0.0048753563314676285
1,0,GCP-Mamba (additive prior),3,0.003640165604237053,0.004816467873752117
1,0,GCP-Mamba (additive prior),4,0.0034575014099202774,0.004773286171257496
1,0,GCP-Mamba (additive prior),5,0.003290034295922076,0.004879093263298273
1,0,GCP-Mamba (additive prior),6,0.003104123252409476,0.00500937644392252
1,0,GCP-Mamba (additive prior),7,0.002931565503348355,0.005251534283161163
1,0,GCP-Mamba (additive prior),8,0.002805886656494328,0.00518312631174922
1,0,GCP-Mamba (additive prior),9,0.002652598864019469,0.006070507690310478
1,0,GCP-Mamba (additive prior),10,0.0025220216096689305,0.005625494290143251
1,0,GCP-Mamba (additive prior),11,0.0024951478742338993,0.006005800794810057
1,0,GCP-Mamba (additive prior),12,0.002434763039841696,0.0065004355274140835
1,0,GCP-Mamba (additive prior),13,0.0025663773391257833,0.00658842921257019
1,0,GCP-Mamba (additive prior),14,0.0024414284077162542,0.006354814860969782
1,0,GCP-Mamba (additive prior),15,0.002283253689744958,0.006188631989061832
1,0,GCP-Mamba (additive prior),16,0.0022051074343767984,0.006653124000877142
1,0,GCP-Mamba (additive prior),17,0.002125670611685901,0.005996922962367535
1,0,GCP-Mamba (additive prior),18,0.002004712854546529,0.006217163056135178
1,0,GCP-Mamba (additive prior),19,0.001970425144665771,0.006532836239784956
1,0,GCP-Mamba (additive prior),20,0.0019971456516672064,0.006824938114732504
1,0,GCP-Mamba (additive prior),21,0.002245208558936914,0.006242547649890184
1,0,GCP-Mamba (additive prior),22,0.0021379068666310223,0.005965732503682375
1,0,GCP-Mamba (additive prior),23,0.0021296860089663554,0.006598865147680044
1,0,GCP-Mamba (additive prior),24,0.002007397012440143,0.007026853505522013
1,0,GCP-Mamba (additive prior),25,0.0019447251429988279,0.006691338960081339
1,0,GCP-Mamba (additive prior),26,0.001817006721264786,0.007138035725802183
1,0,GCP-Mamba (additive prior),27,0.001761829372736867,0.007059698458760977
1,0,GCP-Mamba (additive prior),28,0.0017602048529725936,0.0071726697497069836
1,0,GCP-Mamba (additive prior),29,0.001707632077374944,0.006832527462393045
1,0,GCP-Mamba (additive prior),30,0.0016815688210987934,0.0070550814270973206
1,0,GCP-Mamba (additive prior),31,0.0015566587767184333,0.007199896965175867
1,0,GCP-Mamba (additive prior),32,0.0015529122212211842,0.006677982863038778
1,0,GCP-Mamba (additive prior),33,0.0016924308794033197,0.007161155808717012
1,0,GCP-Mamba (additive prior),34,0.0017774799079806715,0.0067000072449445724
1,0,GCP-Mamba (additive prior),35,0.0017757312420548664,0.006388716399669647
1,0,GCP-Mamba (additive prior),36,0.001652351459833207,0.0065736533142626286
1,0,GCP-Mamba (additive prior),37,0.001537058536929113,0.006737282034009695
1,0,GCP-Mamba (additive prior),38,0.0015161336136602418,0.007057393901050091
1,0,GCP-Mamba (additive prior),39,0.001551379777353119,0.0069267163053154945
1,0,Mamba (additive prior),0,0.003908751618668989,0.005005888640880585
1,0,Mamba (additive prior),1,0.00384284939651412,0.004797025118023157
1,0,Mamba (additive prior),2,0.003714349685685226,0.004892224445939064
1,0,Mamba (additive prior),3,0.003566253861343419,0.004830963909626007
1,0,Mamba (additive prior),4,0.003450842462135134,0.0047022500075399876
1,0,Mamba (additive prior),5,0.0032792930249814635,0.004730768967419863
1,0,Mamba (additive prior),6,0.0031467464631768287,0.004925950430333614
1,0,Mamba (additive prior),7,0.0030468740172822167,0.006365439388900995
1,0,Mamba (additive prior),8,0.0029597845687358466,0.005416129715740681
1,0,Mamba (additive prior),9,0.0027956802880874385,0.005648449063301086
1,0,Mamba (additive prior),10,0.002710967712725202,0.005585319362580776
1,0,Mamba (additive prior),11,0.002678192091277904,0.006165129132568836
1,0,Mamba (additive prior),12,0.0026036795849601426,0.0060041360557079315
1,0,Mamba (additive prior),13,0.00251446354754821,0.006173933390527964
1,0,Mamba (additive prior),14,0.0024752197873399214,0.005990531295537949
1,0,Mamba (additive prior),15,0.002353659098002094,0.006118648685514927
1,0,Mamba (additive prior),16,0.0022316678832457575,0.006334191188216209
1,0,Mamba (additive prior),17,0.002082252874970436,0.006006686016917229
1,0,Mamba (additive prior),18,0.0019996852476011824,0.0062067885883152485
1,0,Mamba (additive prior),19,0.001985477205986778,0.006057828664779663
1,0,Mamba (additive prior),20,0.001913167687167448,0.006303548812866211
1,0,Mamba (additive prior),21,0.0018625173855710913,0.006740283686667681
1,0,Mamba (additive prior),22,0.001839191385510343,0.0062881950289011
1,0,Mamba (additive prior),23,0.0020688293518981446,0.006152661517262459
1,0,Mamba (additive prior),24,0.001938344841753995,0.00622683996334672
1,0,Mamba (additive prior),25,0.001842721201548422,0.006022204179316759
1,0,Mamba (additive prior),26,0.001904809735370455,0.006302717141807079
1,0,Mamba (additive prior),27,0.0018452372298472458,0.006403513718396425
1,0,Mamba (additive prior),28,0.0017402516505508512,0.006793945096433163
1,0,Mamba (additive prior),29,0.0016497364828225087,0.006754172965884209
1,0,Mamba (additive prior),30,0.0016371625458338746,0.006726345047354698
1,0,Mamba (additive prior),31,0.001627822018538912,0.00681654829531908
1,0,Mamba (additive prior),32,0.001611276887598689,0.006595022510737181
1,0,Mamba (additive prior),33,0.0016526492200446901,0.006637096870690584
1,0,Mamba (additive prior),34,0.0015664794309823602,0.00655362056568265
1,0,Mamba (additive prior),35,0.0015112026034061004,0.0068386513739824295
1,0,Mamba (additive prior),36,0.0014945500211238309,0.006789356470108032
1,0,Mamba (additive prior),37,0.001460858249898862,0.006780232302844524
1,0,Mamba (additive prior),38,0.0014278452188052513,0.006639386527240276
1,0,Mamba (additive prior),39,0.0014741468389897986,0.006763242185115814
2,0,GCP-Mamba,0,0.0047853427456208955,0.0023082566913217306
2,0,GCP-Mamba,1,0.004438233510073688,0.0024012504145503044
2,0,GCP-Mamba,2,0.004276885409597997,0.0023944044951349497
2,0,GCP-Mamba,3,0.004112726077437401,0.002300487831234932
2,0,GCP-Mamba,4,0.003840827887567381,0.002347690286114812
2,0,GCP-Mamba,5,0.0036385489662212355,0.0023144495207816362
2,0,GCP-Mamba,6,0.0033209898888512893,0.0023129070177674294
2,0,GCP-Mamba,7,0.003257628030109185,0.002283060224726796
2,0,GCP-Mamba,8,0.003437081860654332,0.002213625703006983
2,0,GCP-Mamba,9,0.0031031086023345037,0.0022145770490169525
2,0,GCP-Mamba,10,0.0027907465636316272,0.002203556941822171
2,0,GCP-Mamba,11,0.0025349941311611068,0.0023698280565440655
2,0,GCP-Mamba,12,0.0023064762569481026,0.0023656475823372602
2,0,GCP-Mamba,13,0.0022627353254291746,0.002361120656132698
2,0,GCP-Mamba,14,0.002230162193343319,0.0023911918979138136
2,0,GCP-Mamba,15,0.002087797758307446,0.0023606158792972565
2,0,GCP-Mamba,16,0.002091811366241287,0.002369162393733859
2,0,GCP-Mamba,17,0.001997939448941637,0.0023398210760205984
2,0,GCP-Mamba,18,0.001995878432084013,0.0023772865533828735
2,0,GCP-Mamba,19,0.0021029867111118854,0.0024895777460187674
2,0,GCP-Mamba,20,0.0019478932307619187,0.002339501166716218
2,0,GCP-Mamba,21,0.001865674482865466,0.0023870100267231464
2,0,GCP-Mamba,22,0.0017987271874315208,0.0023971532937139273
2,0,GCP-Mamba,23,0.001796376003228404,0.002348943380638957
2,0,GCP-Mamba,24,0.002109022931782184,0.0024165832437574863
2,0,GCP-Mamba,25,0.0021390826872515457,0.0022528544068336487
2,0,GCP-Mamba,26,0.0019562967483782107,0.002393169794231653
2,0,GCP-Mamba,27,0.0019253483731989508,0.0025163255631923676
2,0,GCP-Mamba,28,0.001888847573556834,0.002373227383941412
2,0,GCP-Mamba,29,0.0018441474315261952,0.0023474504705518484
2,0,GCP-Mamba,30,0.0017079903175019557,0.002427307888865471
2,0,GCP-Mamba,31,0.0017728288701080062,0.0023652801755815744
2,0,GCP-Mamba,32,0.0017605916709052744,0.002391822636127472
2,0,GCP-Mamba,33,0.0018322781435455436,0.00235407124273479
2,0,GCP-Mamba,34,0.0016726795152795535,0.0024512968957424164
2,0,GCP-Mamba,35,0.0016893416651766057,0.0024047193583101034
2,0,GCP-Mamba,36,0.0016458904655236336,0.0024350211024284363
2,0,GCP-Mamba,37,0.0015698434974722288,0.0025505516678094864
2,0,GCP-Mamba,38,0.001545348075321979,0.0024768849834799767
2,0,GCP-Mamba,39,0.001483277960990866,0.00254453276284039
2,0,GCP-Mamba (Delta only),0,0.004664238490578201,0.002352240728214383
2,0,GCP-Mamba (Delta only),1,0.004356679265145902,0.002438037423416972
2,0,GCP-Mamba (Delta only),2,0.0042016393746490835,0.002327564638108015
2,0,GCP-Mamba (Delta only),3,0.003973361242700506,0.002328529255464673
2,0,GCP-Mamba (Delta only),4,0.0036869209984110463,0.0024662406649440527
2,0,GCP-Mamba (Delta only),5,0.00347622806482293,0.002356987912207842
2,0,GCP-Mamba (Delta only),6,0.0032756399121825343,0.002257143845781684
2,0,GCP-Mamba (Delta only),7,0.0030570154302512055,0.002464958932250738
2,0,GCP-Mamba (Delta only),8,0.0032022149233078517,0.002208792371675372
2,0,GCP-Mamba (Delta only),9,0.0030096152245446487,0.0023635609541088343
2,0,GCP-Mamba (Delta only),10,0.0026826064568012953,0.0023591527715325356
2,0,GCP-Mamba (Delta only),11,0.0027422452931878745,0.0023917024955153465
2,0,GCP-Mamba (Delta only),12,0.0025730932441850505,0.0024567872751504183
2,0,GCP-Mamba (Delta only),13,0.0024273525061154805,0.0023665328044444323
2,0,GCP-Mamba (Delta only),14,0.0022302805661672245,0.0025007720105350018
2,0,GCP-Mamba (Delta only),15,0.0021798173741747937,0.0023880198132246733
2,0,GCP-Mamba (Delta only),16,0.002023553156673356,0.0023371041752398014
2,0,GCP-Mamba (Delta only),17,0.002218840492854792,0.002427011029794812
2,0,GCP-Mamba (Delta only),18,0.001907365396618843,0.0024050497449934483
2,0,GCP-Mamba (Delta only),19,0.0019854137898181324,0.002263791160658002
2,0,GCP-Mamba (Delta only),20,0.0018752909058498011,0.002370708854869008
2,0,GCP-Mamba (Delta only),21,0.0017951378098654527,0.0023402441293001175
2,0,GCP-Mamba (Delta only),22,0.0017324797550423278,0.0022726438473910093
2,0,GCP-Mamba (Delta only),23,0.001757945218640897,0.002402834128588438
2,0,GCP-Mamba (Delta only),24,0.00174545933475235,0.002450244501233101
2,0,GCP-Mamba (Delta only),25,0.0016549536915220044,0.0023240281734615564
2,0,GCP-Mamba (Delta only),26,0.0017161921175472715,0.002303348621353507
2,0,GCP-Mamba (Delta only),27,0.0016977638351144614,0.0023225771728903055
2,0,GCP-Mamba (Delta only),28,0.0017044857204719275,0.0024076364934444427
2,0,GCP-Mamba (Delta only),29,0.0017198817243937541,0.002326993038877845
2,0,GCP-Mamba (Delta only),30,0.001914076895142595,0.0024767201393842697
2,0,GCP-Mamba (Delta only),31,0.0022421038657840756,0.0022967879194766283
2,0,GCP-Mamba (Delta only),32,0.0021886698539472288,0.002417204203084111
2,0,GCP-Mamba (Delta only),33,0.0022114234959223758,0.0024565106723457575
2,0,GCP-Mamba (Delta only),34,0.001887198313380833,0.002282567322254181
2,0,GCP-Mamba (Delta only),35,0.001784676815279656,0.002229522680863738
2,0,GCP-Mamba (Delta only),36,0.0016252784687956726,0.002345688408240676
2,0,GCP-Mamba (Delta only),37,0.0015953978808182809,0.002312619937583804
2,0,GCP-Mamba (Delta only),38,0.0015331708946851668,0.0023320720065385103
2,0,GCP-Mamba (Delta only),39,0.0015064086678817316,0.0023997097741812468
2,0,GCP-Mamba (perm. graph),0,0.004783418788402168,0.0023072620388120413
2,0,GCP-Mamba (perm. graph),1,0.004438329901960161,0.0023969386238604784
2,0,GCP-Mamba (perm. graph),2,0.0042813449097728285,0.002401776146143675
2,0,GCP-Mamba (perm. graph),3,0.0041164530061737255,0.002297966042533517
2,0,GCP-Mamba (perm. graph),4,0.003844582436916729,0.0023414220195263624
2,0,GCP-Mamba (perm. graph),5,0.0036333482540040103,0.0022989180870354176
2,0,GCP-Mamba (perm. graph),6,0.003229125799542224,0.0022788383066654205
2,0,GCP-Mamba (perm. graph),7,0.003276149147293634,0.0023318538442254066
2,0,GCP-Mamba (perm. graph),8,0.0038655707095232275,0.002224414376541972
2,0,GCP-Mamba (perm. graph),9,0.003112512563044826,0.00221764063462615
2,0,GCP-Mamba (perm. graph),10,0.002806628114302401,0.0021801861003041267
2,0,GCP-Mamba (perm. graph),11,0.002586792947517501,0.0022522960789501667
2,0,GCP-Mamba (perm. graph),12,0.002362307820779582,0.0023173755034804344
2,0,GCP-Mamba (perm. graph),13,0.002247696121533712,0.0023388222325593233
2,0,GCP-Mamba (perm. graph),14,0.002165923804838072,0.0023697037249803543
2,0,GCP-Mamba (perm. graph),15,0.00206646413318123,0.002322402084246278
2,0,GCP-Mamba (perm. graph),16,0.0020475848405449477,0.0023105661384761333
2,0,GCP-Mamba (perm. graph),17,0.00199555779841763,0.002268828684464097
2,0,GCP-Mamba (perm. graph),18,0.002010886876464442,0.0023152856156229973
2,0,GCP-Mamba (perm. graph),19,0.0020818404672253463,0.0024561018217355013
2,0,GCP-Mamba (perm. graph),20,0.001952158550179943,0.002301558619365096
2,0,GCP-Mamba (perm. graph),21,0.0018388008422873638,0.0022885091602802277
2,0,GCP-Mamba (perm. graph),22,0.0018036542417205594,0.0023119302932173014
2,0,GCP-Mamba (perm. graph),23,0.0017801664372975076,0.0023022249806672335
2,0,GCP-Mamba (perm. graph),24,0.001959701336023432,0.0023416669573634863
2,0,GCP-Mamba (perm. graph),25,0.0019002195266592833,0.002259747823700309
2,0,GCP-Mamba (perm. graph),26,0.0018753294953731475,0.0023586596362292767
2,0,GCP-Mamba (perm. graph),27,0.001903984549075917,0.0025910527911037207
2,0,GCP-Mamba (perm. graph),28,0.0018884999487825014,0.0022948922123759985
2,0,GCP-Mamba (perm. graph),29,0.0018393170795644874,0.002322857268154621
2,0,GCP-Mamba (perm. graph),30,0.001778688186917592,0.0022629727609455585
2,0,GCP-Mamba (perm. graph),31,0.0017966982753326495,0.0023250351659953594
2,0,GCP-Mamba (perm. graph),32,0.0017140691763617927,0.002325905254110694
2,0,GCP-Mamba (perm. graph),33,0.0017764277247436068,0.0023166148457676172
2,0,GCP-Mamba (perm. graph),34,0.0016266227596335942,0.0023721130564808846
2,0,GCP-Mamba (perm. graph),35,0.0016932201451035562,0.0023452932946383953
2,0,GCP-Mamba (perm. graph),36,0.0015984738538800567,0.002395785180851817
2,0,GCP-Mamba (perm. graph),37,0.0015801299854906069,0.002385847270488739
2,0,GCP-Mamba (perm. graph),38,0.0015333459660824803,0.0024506228510290384
2,0,GCP-Mamba (perm. graph),39,0.0015001159885691272,0.002482275478541851
2,0,GCP-Mamba (random order),0,0.004735724155411676,0.002375854877755046
2,0,GCP-Mamba (random order),1,0.004587418192790614,0.0025041119661182165
2,0,GCP-Mamba (random order),2,0.0042970296495628574,0.0024175073485821486
2,0,GCP-Mamba (random order),3,0.004136181298505377,0.0023385644890367985
2,0,GCP-Mamba (random order),4,0.0038763380488725722,0.002352956449612975
2,0,GCP-Mamba (random order),5,0.0036310938324917246,0.00234713195823133
2,0,GCP-Mamba (random order),6,0.0034163895287309533,0.0023610310163348913
2,0,GCP-Mamba (random order),7,0.003295234999515944,0.0023534975480288267
2,0,GCP-Mamba (random order),8,0.0035150524021850694,0.0022519708145409822
2,0,GCP-Mamba (random order),9,0.0029366748424729814,0.0022922935895621777
2,0,GCP-Mamba (random order),10,0.002812846718976895,0.0022454513236880302
2,0,GCP-Mamba (random order),11,0.002612274855858198,0.0023095724172890186
2,0,GCP-Mamba (random order),12,0.0023671212925196247,0.0022276733070611954
2,0,GCP-Mamba (random order),13,0.0022835176895131116,0.002257737796753645
2,0,GCP-Mamba (random order),14,0.0021657025898565298,0.0024072618689388037
2,0,GCP-Mamba (random order),15,0.0021434739508010723,0.002423088764771819
2,0,GCP-Mamba (random order),16,0.002143677746601127,0.0023184875026345253
2,0,GCP-Mamba (random order),17,0.001996325898087687,0.0023009537253528833
2,0,GCP-Mamba (random order),18,0.0019981021199513365,0.0023925937712192535
2,0,GCP-Mamba (random order),19,0.001992597430082107,0.0023652082309126854
2,0,GCP-Mamba (random order),20,0.0019508487527707108,0.0024734444450587034
2,0,GCP-Mamba (random order),21,0.001847767331464975,0.002358790719881654
2,0,GCP-Mamba (random order),22,0.0018306008057185897,0.002390220295637846
2,0,GCP-Mamba (random order),23,0.0019318140111863613,0.0024483264423906803
2,0,GCP-Mamba (random order),24,0.0019127667484873975,0.0022509589325636625
2,0,GCP-Mamba (random order),25,0.0019855490730454526,0.0023268091026693583
2,0,GCP-Mamba (random order),26,0.0018259697524761712,0.0024110472295433283
2,0,GCP-Mamba (random order),27,0.0018357390503364582,0.0023724634665995836
2,0,GCP-Mamba (random order),28,0.001772200921550393,0.0023783091455698013
2,0,GCP-Mamba (random order),29,0.0018789413540313642,0.002351471921429038
2,0,GCP-Mamba (random order),30,0.0019831449155592257,0.002355834236368537
2,0,GCP-Mamba (random order),31,0.001880383364752763,0.0023868465796113014
2,0,GCP-Mamba (random order),32,0.00185151856513349,0.002342270454391837
2,0,GCP-Mamba (random order),33,0.0017773725126904469,0.002332252450287342
2,0,GCP-Mamba (random order),34,0.0018827394599577895,0.002445459831506014
2,0,GCP-Mamba (random order),35,0.0018604773665881818,0.002500447677448392
2,0,GCP-Mamba (random order),36,0.0018864465549726177,0.00233457307331264
2,0,GCP-Mamba (random order),37,0.0017344977844644476,0.002424834296107292
2,0,GCP-Mamba (random order),38,0.0017112544220354822,0.0024282282683998346
2,0,GCP-Mamba (random order),39,0.0015974555604366793,0.002441663760691881
2,0,Mamba (no graph),0,0.004564945792986287,0.002560766413807869
2,0,Mamba (no graph),1,0.00448199196425439,0.0024683752562850714
2,0,Mamba (no graph),2,0.004342058871838229,0.002430735155940056
2,0,Mamba (no graph),3,0.004082744113273091,0.002448152517899871
2,0,Mamba (no graph),4,0.0037744365356586597,0.0024509395007044077
2,0,Mamba (no graph),5,0.0034183675975159363,0.00253596855327487
2,0,Mamba (no graph),6,0.0038785873567340552,0.002466611098498106
2,0,Mamba (no graph),7,0.003536243491840583,0.002328278264030814
2,0,Mamba (no graph),8,0.003152016912483507,0.0024104868061840534
2,0,Mamba (no graph),9,0.0029224337647772497,0.0025153937749564648
2,0,Mamba (no graph),10,0.002735236090504461,0.0024656597524881363
2,0,Mamba (no graph),11,0.0025824156020664507,0.002720307093113661
2,0,Mamba (no graph),12,0.00245302964726256,0.0027435761876404285
2,0,Mamba (no graph),13,0.002440551192396217,0.002538861706852913
2,0,Mamba (no graph),14,0.00227777067899566,0.002559354994446039
2,0,Mamba (no graph),15,0.002126707109036269,0.002740052994340658
2,0,Mamba (no graph),16,0.0021235860185697675,0.002522445050999522
2,0,Mamba (no graph),17,0.0019157300358293233,0.0024912930093705654
2,0,Mamba (no graph),18,0.001937289575666741,0.002617057180032134
2,0,Mamba (no graph),19,0.002178218905572538,0.00254653999581933
2,0,Mamba (no graph),20,0.002000606429107763,0.0025694589130580425
2,0,Mamba (no graph),21,0.002022975650443523,0.0024861348792910576
2,0,Mamba (no graph),22,0.0019009789684787393,0.0024063042365014553
2,0,Mamba (no graph),23,0.0017985916972436287,0.0025617226492613554
2,0,Mamba (no graph),24,0.0018055045080405693,0.0025343045126646757
2,0,Mamba (no graph),25,0.0018104661463035478,0.0024955871049314737
2,0,Mamba (no graph),26,0.0018136103775490213,0.002551850164309144
2,0,Mamba (no graph),27,0.001801105242015587,0.00246469140984118
2,0,Mamba (no graph),28,0.0017399837702719702,0.002388079883530736
2,0,Mamba (no graph),29,0.0016738507568974186,0.002496246714144945
2,0,Mamba (no graph),30,0.001637242510224934,0.002516748383641243
2,0,Mamba (no graph),31,0.0016278072984682189,0.002444704296067357
2,0,Mamba (no graph),32,0.001604542278477715,0.002498024608939886
2,0,Mamba (no graph),33,0.0016293486157708146,0.0025132070295512676
2,0,Mamba (no graph),34,0.0015834047312468843,0.002440492622554302
2,0,Mamba (no graph),35,0.0016505295600466154,0.00253541418351233
2,0,Mamba (no graph),36,0.001575853442773223,0.0026019331999123096
2,0,Mamba (no graph),37,0.0015701147451720856,0.0025709159672260284
2,0,Mamba (no graph),38,0.0015859346647091486,0.002567641669884324
2,0,Mamba (no graph),39,0.001580436733396103,0.002590913325548172
2,0,Graph-MLP (no scan),0,0.004702628866113999,0.0024570736568421125
2,0,Graph-MLP (no scan),1,0.004433837736508361,0.002417333424091339
2,0,Graph-MLP (no scan),2,0.0042758075330682375,0.00240001711063087
2,0,Graph-MLP (no scan),3,0.004223044806470473,0.002404674654826522
2,0,Graph-MLP (no scan),4,0.00401762831542227,0.0024255902972072363
2,0,Graph-MLP (no scan),5,0.003713360228748233,0.002483094111084938
2,0,Graph-MLP (no scan),6,0.0035111583614101014,0.0023917274083942175
2,0,Graph-MLP (no scan),7,0.0032015732593006557,0.0023665307089686394
2,0,Graph-MLP (no scan),8,0.002947429557227426,0.0024540568701922894
2,0,Graph-MLP (no scan),9,0.002722206159011909,0.0024341929238289595
2,0,Graph-MLP (no scan),10,0.0026144704315811396,0.0024622264318168163
2,0,Graph-MLP (no scan),11,0.002722889111653246,0.002423654543235898
2,0,Graph-MLP (no scan),12,0.0026903005610047666,0.002316009718924761
2,0,Graph-MLP (no scan),13,0.0024079095348025913,0.002406439045444131
2,0,Graph-MLP (no scan),14,0.002252901766311239,0.0025142745580524206
2,0,Graph-MLP (no scan),15,0.0021346240494124315,0.0023645900655537844
2,0,Graph-MLP (no scan),16,0.0020275685410187753,0.0023694271221756935
2,0,Graph-MLP (no scan),17,0.002057982237871598,0.00238925963640213
2,0,Graph-MLP (no scan),18,0.002109826059529075,0.002476908965036273
2,0,Graph-MLP (no scan),19,0.0022732695538757574,0.0023030501324683428
2,0,Graph-MLP (no scan),20,0.0021500822104927567,0.002466590842232108
2,0,Graph-MLP (no scan),21,0.002108804135652328,0.002277462976053357
2,0,Graph-MLP (no scan),22,0.0019100132501787609,0.002342840190976858
2,0,Graph-MLP (no scan),23,0.0018799663435115858,0.002460438059642911
2,0,Graph-MLP (no scan),24,0.001812821327432714,0.002379446057602763
2,0,Graph-MLP (no scan),25,0.0017171299291981591,0.0024278138298541307
2,0,Graph-MLP (no scan),26,0.0018961243331432343,0.002439141273498535
2,0,Graph-MLP (no scan),27,0.0019237709542115529,0.0023687798529863358
2,0,Graph-MLP (no scan),28,0.0017990466396979711,0.0023527992889285088
2,0,Graph-MLP (no scan),29,0.0017347248633288676,0.0024105042684823275
2,0,Graph-MLP (no scan),30,0.001717586941258223,0.002501236042007804
2,0,Graph-MLP (no scan),31,0.0016998332942387573,0.0024816349614411592
2,0,Graph-MLP (no scan),32,0.001688019976157833,0.0026570737827569246
2,0,Graph-MLP (no scan),33,0.0017754860843221347,0.002458701841533184
2,0,Graph-MLP (no scan),34,0.001689575388337727,0.00252293748781085
2,0,Graph-MLP (no scan),35,0.001700073032191506,0.0025166631676256657
2,0,Graph-MLP (no scan),36,0.0016008767092393504,0.002460533520206809
2,0,Graph-MLP (no scan),37,0.0016428831861250931,0.0023372250143438578
2,0,Graph-MLP (no scan),38,0.0015702232097585995,0.0024684667587280273
2,0,Graph-MLP (no scan),39,0.001650652856807466,0.002410229528322816
2,0,"GCP-Mamba (Delta only, w_c~N(0,1))",0,0.004664200599546786,0.0023522288538515568
2,0,"GCP-Mamba (Delta only, w_c~N(0,1))",1,0.00435676987938307,0.0024379994720220566
2,0,"GCP-Mamba (Delta only, w_c~N(0,1))",2,0.0042016261809126095,0.00232741329818964
2,0,"GCP-Mamba (Delta only, w_c~N(0,1))",3,0.003973466913319296,0.0023283313494175673
2,0,"GCP-Mamba (Delta only, w_c~N(0,1))",4,0.003687126372285463,0.0024659805931150913
2,0,"GCP-Mamba (Delta only, w_c~N(0,1))",5,0.00347669899498147,0.0023567613679915667
2,0,"GCP-Mamba (Delta only, w_c~N(0,1))",6,0.0032757702628495515,0.0022571769077330828
2,0,"GCP-Mamba (Delta only, w_c~N(0,1))",7,0.0030565335053122705,0.0024647414684295654
2,0,"GCP-Mamba (Delta only, w_c~N(0,1))",8,0.003200708625458733,0.0022085723467171192
2,0,"GCP-Mamba (Delta only, w_c~N(0,1))",9,0.0030112281545168823,0.0023633292876183987
2,0,"GCP-Mamba (Delta only, w_c~N(0,1))",10,0.0026822805197702516,0.0023594717495143414
2,0,"GCP-Mamba (Delta only, w_c~N(0,1))",11,0.0027428139690999632,0.0023917201906442642
2,0,"GCP-Mamba (Delta only, w_c~N(0,1))",12,0.002574087068852451,0.002456740476191044
2,0,"GCP-Mamba (Delta only, w_c~N(0,1))",13,0.002428690695928203,0.0023667938075959682
2,0,"GCP-Mamba (Delta only, w_c~N(0,1))",14,0.0022304064111301194,0.0025007296353578568
2,0,"GCP-Mamba (Delta only, w_c~N(0,1))",15,0.002180466376658943,0.0023879632353782654
2,0,"GCP-Mamba (Delta only, w_c~N(0,1))",16,0.0020238637355052764,0.002337574027478695
2,0,"GCP-Mamba (Delta only, w_c~N(0,1))",17,0.0022184678301629093,0.0024268426932394505
2,0,"GCP-Mamba (Delta only, w_c~N(0,1))",18,0.0019073260137466368,0.00240494916215539
2,0,"GCP-Mamba (Delta only, w_c~N(0,1))",19,0.0019849481199074675,0.002263916889205575
2,0,"GCP-Mamba (Delta only, w_c~N(0,1))",20,0.0018745637024511342,0.0023710832465440035
2,0,"GCP-Mamba (Delta only, w_c~N(0,1))",21,0.001795035269525316,0.0023401970975100994
2,0,"GCP-Mamba (Delta only, w_c~N(0,1))",22,0.0017323946425070365,0.0022728804033249617
2,0,"GCP-Mamba (Delta only, w_c~N(0,1))",23,0.0017576822579872828,0.0024029745254665613
2,0,"GCP-Mamba (Delta only, w_c~N(0,1))",24,0.001745572361094808,0.002450508764013648
2,0,"GCP-Mamba (Delta only, w_c~N(0,1))",25,0.0016550075185174744,0.0023239445872604847
2,0,"GCP-Mamba (Delta only, w_c~N(0,1))",26,0.0017164188730357975,0.002303716028109193
2,0,"GCP-Mamba (Delta only, w_c~N(0,1))",27,0.0016981073637941369,0.002322125481441617
2,0,"GCP-Mamba (Delta only, w_c~N(0,1))",28,0.0017055448886283018,0.0024074630346149206
2,0,"GCP-Mamba (Delta only, w_c~N(0,1))",29,0.00172173785890832,0.002326023066416383
2,0,"GCP-Mamba (Delta only, w_c~N(0,1))",30,0.001919212414779597,0.0024736025370657444
2,0,"GCP-Mamba (Delta only, w_c~N(0,1))",31,0.0022463269048818837,0.0022976486943662167
2,0,"GCP-Mamba (Delta only, w_c~N(0,1))",32,0.0021993237961497572,0.0024159445893019438
2,0,"GCP-Mamba (Delta only, w_c~N(0,1))",33,0.002214555111196306,0.002454028930515051
2,0,"GCP-Mamba (Delta only, w_c~N(0,1))",34,0.00189015946213018,0.0022828131914138794
2,0,"GCP-Mamba (Delta only, w_c~N(0,1))",35,0.0017862353232447749,0.0022294397931545973
2,0,"GCP-Mamba (Delta only, w_c~N(0,1))",36,0.0016269244952127337,0.0023438120260834694
2,0,"GCP-Mamba (Delta only, w_c~N(0,1))",37,0.0015983799368970925,0.002311581978574395
2,0,"GCP-Mamba (Delta only, w_c~N(0,1))",38,0.0015335629340606156,0.0023311092518270016
2,0,"GCP-Mamba (Delta only, w_c~N(0,1))",39,0.001507991644622827,0.002398729557171464
2,0,GCP-Mamba (additive prior),0,0.004785362010200818,0.002308218041434884
2,0,GCP-Mamba (additive prior),1,0.004438235045031265,0.002401170553639531
2,0,GCP-Mamba (additive prior),2,0.004276876182605823,0.0023943025153130293
2,0,GCP-Mamba (additive prior),3,0.004112709882772631,0.002300394233316183
2,0,GCP-Mamba (additive prior),4,0.0038408250979113357,0.002347595291212201
2,0,GCP-Mamba (additive prior),5,0.0036385866502920785,0.002314358949661255
2,0,GCP-Mamba (additive prior),6,0.0033210249600449096,0.0023128108587116003
2,0,GCP-Mamba (additive prior),7,0.0032579667210854866,0.0022830518428236246
2,0,GCP-Mamba (additive prior),8,0.0034377365804242866,0.00221358984708786
2,0,GCP-Mamba (additive prior),9,0.0031032389012613784,0.002214473905041814
2,0,GCP-Mamba (additive prior),10,0.0027909227474420158,0.0022034323774278164
2,0,GCP-Mamba (additive prior),11,0.002535115556653451,0.002369669731706381
2,0,GCP-Mamba (additive prior),12,0.002306612023083424,0.00236550928093493
2,0,GCP-Mamba (additive prior),13,0.0022630764869973063,0.002361047314479947
2,0,GCP-Mamba (additive prior),14,0.0022301092933587454,0.002391177462413907
2,0,GCP-Mamba (additive prior),15,0.002087797025322086,0.0023607967887073755
2,0,GCP-Mamba (additive prior),16,0.002091727995624145,0.002369276713579893
2,0,GCP-Mamba (additive prior),17,0.0019981659155476976,0.0023394834715873003
2,0,GCP-Mamba (additive prior),18,0.0019961963925096723,0.0023772399872541428
2,0,GCP-Mamba (additive prior),19,0.002103049963436745,0.0024898347910493612
2,0,GCP-Mamba (additive prior),20,0.0019478313021223854,0.002339407801628113
2,0,GCP-Mamba (additive prior),21,0.0018656209231940684,0.0023870349396020174
2,0,GCP-Mamba (additive prior),22,0.0017985953751054626,0.002397053875029087
2,0,GCP-Mamba (additive prior),23,0.0017963093101840328,0.0023490150924772024
2,0,GCP-Mamba (additive prior),24,0.0021084665053489582,0.002416884060949087
2,0,GCP-Mamba (additive prior),25,0.002139121828669751,0.0022519545163959265
2,0,GCP-Mamba (additive prior),26,0.0019552303452251684,0.0023921814281493425
2,0,GCP-Mamba (additive prior),27,0.0019236846775230435,0.002515419153496623
2,0,GCP-Mamba (additive prior),28,0.0018872073506591496,0.002373420400545001
2,0,GCP-Mamba (additive prior),29,0.001843891451480212,0.0023475911002606153
2,0,GCP-Mamba (additive prior),30,0.0017077909368607733,0.002426859689876437
2,0,GCP-Mamba (additive prior),31,0.0017726166492879943,0.0023654368706047535
2,0,GCP-Mamba (additive prior),32,0.0017603340610447857,0.0023918841034173965
2,0,GCP-Mamba (additive prior),33,0.001832306367793569,0.002354229800403118
2,0,GCP-Mamba (additive prior),34,0.001673385457791112,0.0024510996881872416
2,0,GCP-Mamba (additive prior),35,0.0016897719620761495,0.0024043775629252195
2,0,GCP-Mamba (additive prior),36,0.0016471371227116496,0.002434784546494484
2,0,GCP-Mamba (additive prior),37,0.0015704358876165417,0.0025510943960398436
2,0,GCP-Mamba (additive prior),38,0.0015457319656248998,0.0024769192095845938
2,0,GCP-Mamba (additive prior),39,0.0014834696582208078,0.0025442473124712706
2,0,Mamba (additive prior),0,0.004564957020597326,0.002560725435614586
2,0,Mamba (additive prior),1,0.004482009762863594,0.0024683030787855387
2,0,Mamba (additive prior),2,0.004342057927580619,0.002430628053843975
2,0,Mamba (additive prior),3,0.0040827372490807815,0.0024480288848280907
2,0,Mamba (additive prior),4,0.003774468666287484,0.0024507574271410704
2,0,Mamba (additive prior),5,0.0034183974084616812,0.0025357939302921295
2,0,Mamba (additive prior),6,0.0038789998291543235,0.002466515637934208
2,0,Mamba (additive prior),7,0.0035363149449781136,0.0023281744215637445
2,0,Mamba (additive prior),8,0.003152192518528965,0.0024102190509438515
2,0,Mamba (additive prior),9,0.002922664706905683,0.0025152326561510563
2,0,Mamba (additive prior),10,0.00273560275565143,0.00246550515294075
2,0,Mamba (additive prior),11,0.0025829522594533584,0.0027202602941542864
2,0,Mamba (additive prior),12,0.002453230321407318,0.0027435238007456064
2,0,Mamba (additive prior),13,0.0024401247587606863,0.0025390053633600473
2,0,Mamba (additive prior),14,0.002277794656240278,0.0025590721052139997
2,0,Mamba (additive prior),15,0.0021266928632502203,0.0027395393699407578
2,0,Mamba (additive prior),16,0.002123288836123215,0.002522723749279976
2,0,Mamba (additive prior),17,0.0019156906702038315,0.0024904762394726276
2,0,Mamba (additive prior),18,0.0019374943027893703,0.0026179077103734016
2,0,Mamba (additive prior),19,0.002179085001073502,0.0025453625712543726
2,0,Mamba (additive prior),20,0.0020011310914048444,0.002569056348875165
2,0,Mamba (additive prior),21,0.002023445830369989,0.0024851805064827204
2,0,Mamba (additive prior),22,0.0019013295726229746,0.0024053046945482492
2,0,Mamba (additive prior),23,0.001798500953656104,0.0025602602399885654
2,0,Mamba (additive prior),24,0.0018056157838415216,0.0025339031126350164
2,0,Mamba (additive prior),25,0.0018103373737108927,0.0024952751118689775
2,0,Mamba (additive prior),26,0.0018137271895452781,0.002551204292103648
2,0,Mamba (additive prior),27,0.0018012846423382009,0.0024641803465783596
2,0,Mamba (additive prior),28,0.0017403659660852066,0.0023878382053226233
2,0,Mamba (additive prior),29,0.001674321505965458,0.0024955393746495247
2,0,Mamba (additive prior),30,0.0016374777036684532,0.0025164089165627956
2,0,Mamba (additive prior),31,0.0016279452118194765,0.00244439416565001
2,0,Mamba (additive prior),32,0.0016048131984899992,0.002497568028047681
2,0,Mamba (additive prior),33,0.0016296402792687768,0.0025125283282250166
2,0,Mamba (additive prior),34,0.0015835575888761217,0.0024398770183324814
2,0,Mamba (additive prior),35,0.001650601008872467,0.002534927800297737
2,0,Mamba (additive prior),36,0.0015758923168673559,0.002601433079689741
2,0,Mamba (additive prior),37,0.0015702586345098636,0.00257061212323606
2,0,Mamba (additive prior),38,0.0015856429106659358,0.002566959708929062
2,0,Mamba (additive prior),39,0.0015798387186670745,0.0025901475455611944
3,0,GCP-Mamba,0,0.0050418661838328395,0.005587278865277767
3,0,GCP-Mamba,1,0.00448351180077427,0.0055722580291330814
3,0,GCP-Mamba,2,0.004348042421042919,0.005762717220932245
3,0,GCP-Mamba,3,0.00415311633022847,0.005909176543354988
3,0,GCP-Mamba,4,0.003857124122549538,0.005705139599740505
3,0,GCP-Mamba,5,0.0035744437223507296,0.00567199569195509
3,0,GCP-Mamba,6,0.003405986879779785,0.0058103520423173904
3,0,GCP-Mamba,7,0.003223674337345141,0.006250335369259119
3,0,GCP-Mamba,8,0.003854357042453355,0.004959286190569401
3,0,GCP-Mamba,9,0.0032236038155301853,0.004634045995771885
3,0,GCP-Mamba,10,0.003263204772439268,0.004774615168571472
3,0,GCP-Mamba,11,0.002983504207804799,0.005148226395249367
3,0,GCP-Mamba,12,0.002817987205667628,0.004740786273032427
3,0,GCP-Mamba,13,0.002607830420688347,0.004767971578985453
3,0,GCP-Mamba,14,0.0025634294530997672,0.004534799139946699
3,0,GCP-Mamba,15,0.002520227485715791,0.005243986379355192
3,0,GCP-Mamba,16,0.00256874752489643,0.004927355330437422
3,0,GCP-Mamba,17,0.002368537286572434,0.004560968838632107
3,0,GCP-Mamba,18,0.0023617006803828256,0.0051448754966259
3,0,GCP-Mamba,19,0.002329764327172328,0.00561509607359767
3,0,GCP-Mamba,20,0.0023705311792178285,0.004779384471476078
3,0,GCP-Mamba,21,0.0025284906797524956,0.004992437083274126
3,0,GCP-Mamba,22,0.002161169795457412,0.005480460822582245
3,0,GCP-Mamba,23,0.0024100291042554157,0.005596234928816557
3,0,GCP-Mamba,24,0.0021467541767008326,0.00510264141485095
3,0,GCP-Mamba,25,0.002133925807558828,0.005482697859406471
3,0,GCP-Mamba,26,0.002005687246478542,0.005230267532169819
3,0,GCP-Mamba,27,0.0019509817076915944,0.005359796807169914
3,0,GCP-Mamba,28,0.0018999934610393313,0.004870609845966101
3,0,GCP-Mamba,29,0.0019626457770182577,0.004968492779880762
3,0,GCP-Mamba,30,0.0018453492601919505,0.005442841909825802
3,0,GCP-Mamba,31,0.001868347633043649,0.004820528440177441
3,0,GCP-Mamba,32,0.0018418032882942094,0.0052080038003623486
3,0,GCP-Mamba,33,0.0017485917390634615,0.005484011024236679
3,0,GCP-Mamba,34,0.0017599578325947125,0.005160673055797815
3,0,GCP-Mamba,35,0.0017601554583827103,0.005205657798796892
3,0,GCP-Mamba,36,0.001672139697432242,0.005422733258455992
3,0,GCP-Mamba,37,0.0017024333183481186,0.005517274606972933
3,0,GCP-Mamba,38,0.001642322159130816,0.005178063176572323
3,0,GCP-Mamba,39,0.0016962674972428769,0.006095115095376968
3,0,GCP-Mamba (Delta only),0,0.004618398060470268,0.006013097707182169
3,0,GCP-Mamba (Delta only),1,0.004356144823961788,0.006025886628776789
3,0,GCP-Mamba (Delta only),2,0.004129823866403765,0.006462955381721258
3,0,GCP-Mamba (Delta only),3,0.003967703164865573,0.006391060538589954
3,0,GCP-Mamba (Delta only),4,0.003668098865697781,0.007036995608359575
3,0,GCP-Mamba (Delta only),5,0.003836776069537909,0.005897057242691517
3,0,GCP-Mamba (Delta only),6,0.0041284022024936145,0.005803941749036312
3,0,GCP-Mamba (Delta only),7,0.0034804947036146013,0.005940694827586412
3,0,GCP-Mamba (Delta only),8,0.0032082295683385047,0.006078813225030899
3,0,GCP-Mamba (Delta only),9,0.003012339739749829,0.006680245511233807
3,0,GCP-Mamba (Delta only),10,0.0028862246156980595,0.006900941487401724
3,0,GCP-Mamba (Delta only),11,0.002980153024610546,0.007058165967464447
3,0,GCP-Mamba (Delta only),12,0.002762222628074664,0.005696693900972605
3,0,GCP-Mamba (Delta only),13,0.002740447409451008,0.0059608761221170425
3,0,GCP-Mamba (Delta only),14,0.0024830445698979828,0.006638697348535061
3,0,GCP-Mamba (Delta only),15,0.002398476108080811,0.0067420462146401405
3,0,GCP-Mamba (Delta only),16,0.0023813061071214854,0.0069956849329173565
3,0,GCP-Mamba (Delta only),17,0.0022737536562123786,0.007378462702035904
3,0,GCP-Mamba (Delta only),18,0.002323044877913263,0.006410813890397549
3,0,GCP-Mamba (Delta only),19,0.00228905385463602,0.00684684794396162
3,0,GCP-Mamba (Delta only),20,0.0023117437958717346,0.007391780614852905
3,0,GCP-Mamba (Delta only),21,0.0021703590345741423,0.006951344199478626
3,0,GCP-Mamba (Delta only),22,0.002062501782482421,0.007345463614910841
3,0,GCP-Mamba (Delta only),23,0.002016323739317832,0.007856945507228374
3,0,GCP-Mamba (Delta only),24,0.0019804181841512523,0.007527663838118315
3,0,GCP-Mamba (Delta only),25,0.0020059553121596022,0.007321306504309177
3,0,GCP-Mamba (Delta only),26,0.0019431451801210642,0.008209669962525368
3,0,GCP-Mamba (Delta only),27,0.00193002849334368,0.006970787420868874
3,0,GCP-Mamba (Delta only),28,0.0020775324578776403,0.007284061051905155
3,0,GCP-Mamba (Delta only),29,0.0019297388218412245,0.007587204687297344
3,0,GCP-Mamba (Delta only),30,0.0018681474116251425,0.00715020764619112
3,0,GCP-Mamba (Delta only),31,0.0018741957739823395,0.0076367054134607315
3,0,GCP-Mamba (Delta only),32,0.001821007342422726,0.008160421624779701
3,0,GCP-Mamba (Delta only),33,0.0017899290046275215,0.007766439579427242
3,0,GCP-Mamba (Delta only),34,0.0017399092601543223,0.008099079132080078
3,0,GCP-Mamba (Delta only),35,0.0016741001098934147,0.008175955154001713
3,0,GCP-Mamba (Delta only),36,0.0016670856146245366,0.008205065503716469
3,0,GCP-Mamba (Delta only),37,0.0016481382599859327,0.007985245436429977
3,0,GCP-Mamba (Delta only),38,0.0015892953853364343,0.007914220914244652
3,0,GCP-Mamba (Delta only),39,0.0015750742620891994,0.007593544200062752
3,0,GCP-Mamba (perm. graph),0,0.005058266274217103,0.005505288019776344
3,0,GCP-Mamba (perm. graph),1,0.0045815773687704845,0.0055578602477908134
3,0,GCP-Mamba (perm. graph),2,0.004353711778229034,0.005684634670615196
3,0,GCP-Mamba (perm. graph),3,0.004161217853564907,0.005914859473705292
3,0,GCP-Mamba (perm. graph),4,0.0038498860645901274,0.005902418866753578
3,0,GCP-Mamba (perm. graph),5,0.003657986453078963,0.005405038129538298
3,0,GCP-Mamba (perm. graph),6,0.003705862366283933,0.00584338279440999
3,0,GCP-Mamba (perm. graph),7,0.003472694467442731,0.0058477031998336315
3,0,GCP-Mamba (perm. graph),8,0.0032757682967241163,0.005405636969953775
3,0,GCP-Mamba (perm. graph),9,0.0029860299891205848,0.005328955128788948
3,0,GCP-Mamba (perm. graph),10,0.002812960780122214,0.005560401361435652
3,0,GCP-Mamba (perm. graph),11,0.0026644689841540873,0.005869346205145121
3,0,GCP-Mamba (perm. graph),12,0.002605850260739249,0.005452896934002638
3,0,GCP-Mamba (perm. graph),13,0.002443067022357826,0.005209964234381914
3,0,GCP-Mamba (perm. graph),14,0.002494170153686018,0.004922911524772644
3,0,GCP-Mamba (perm. graph),15,0.002671516944516312,0.0056310915388166904
3,0,GCP-Mamba (perm. graph),16,0.0024733180395775925,0.005837170407176018
3,0,GCP-Mamba (perm. graph),17,0.0022938099508691165,0.005259986035525799
3,0,GCP-Mamba (perm. graph),18,0.002305169701921167,0.005276807118207216
3,0,GCP-Mamba (perm. graph),19,0.002189338414205445,0.006072366144508123
3,0,GCP-Mamba (perm. graph),20,0.002268801219071503,0.005295127630233765
3,0,GCP-Mamba (perm. graph),21,0.002360185409930569,0.00545995170250535
3,0,GCP-Mamba (perm. graph),22,0.0020391267112076835,0.006491778418421745
3,0,GCP-Mamba (perm. graph),23,0.00209323232303615,0.005635886453092098
3,0,GCP-Mamba (perm. graph),24,0.002061781831327136,0.006137497257441282
3,0,GCP-Mamba (perm. graph),25,0.0019354321821420282,0.006092006806284189
3,0,GCP-Mamba (perm. graph),26,0.0018624157463717791,0.00604869332164526
3,0,GCP-Mamba (perm. graph),27,0.0018182109299771211,0.00580592080950737
3,0,GCP-Mamba (perm. graph),28,0.0018122981914698525,0.005691187456250191
3,0,GCP-Mamba (perm. graph),29,0.0018079015857505579,0.00586219085380435
3,0,GCP-Mamba (perm. graph),30,0.0017232591096587755,0.005399548448622227
3,0,GCP-Mamba (perm. graph),31,0.0017070742841396066,0.005728505086153746
3,0,GCP-Mamba (perm. graph),32,0.0017657528665882569,0.0052438476122915745
3,0,GCP-Mamba (perm. graph),33,0.0017742187440119407,0.005460651591420174
3,0,GCP-Mamba (perm. graph),34,0.0016800640970123586,0.007115937303751707
3,0,GCP-Mamba (perm. graph),35,0.0019768770930736704,0.005131840705871582
3,0,GCP-Mamba (perm. graph),36,0.002022008316729356,0.00509124668315053
3,0,GCP-Mamba (perm. graph),37,0.0018256013842161607,0.005674832500517368
3,0,GCP-Mamba (perm. graph),38,0.001749302777979109,0.00547904334962368
3,0,GCP-Mamba (perm. graph),39,0.0018233631099401802,0.006091971881687641
3,0,GCP-Mamba (random order),0,0.0050558920052868345,0.005585286300629377
3,0,GCP-Mamba (random order),1,0.004578048018393693,0.005536246579140425
3,0,GCP-Mamba (random order),2,0.004440954524195856,0.005889212246984243
3,0,GCP-Mamba (random order),3,0.004212784856833794,0.0058153853751719
3,0,GCP-Mamba (random order),4,0.003928468407442172,0.005631015170365572
3,0,GCP-Mamba (random order),5,0.003617018521590917,0.0058339727111160755
3,0,GCP-Mamba (random order),6,0.00352832545629806,0.005483230110257864
3,0,GCP-Mamba (random order),7,0.0032907706961311676,0.005921164061874151
3,0,GCP-Mamba (random order),8,0.003148715279099566,0.005503695458173752
3,0,GCP-Mamba (random order),9,0.0030399178051286274,0.005683406256139278
3,0,GCP-Mamba (random order),10,0.0032173890654963477,0.005482040345668793
3,0,GCP-Mamba (random order),11,0.0034494288955573683,0.005696939304471016
3,0,GCP-Mamba (random order),12,0.0029055733983922335,0.006604155991226435
3,0,GCP-Mamba (random order),13,0.0027556115744152556,0.005935668013989925
3,0,GCP-Mamba (random order),14,0.002573690467721058,0.005751683376729488
3,0,GCP-Mamba (random order),15,0.002417576581205207,0.00572924455627799
3,0,GCP-Mamba (random order),16,0.0024418956901947103,0.00574336526915431
3,0,GCP-Mamba (random order),17,0.0024465370957774146,0.005681414622813463
3,0,GCP-Mamba (random order),18,0.0022638811022733098,0.0053011830896139145
3,0,GCP-Mamba (random order),19,0.0023348633613851336,0.005451918113976717
3,0,GCP-Mamba (random order),20,0.0022317599591419653,0.005462749395519495
3,0,GCP-Mamba (random order),21,0.002136146761821928,0.0055624740198254585
3,0,GCP-Mamba (random order),22,0.0021185901455788147,0.005504051689058542
3,0,GCP-Mamba (random order),23,0.0020875242469763316,0.0054005407728254795
3,0,GCP-Mamba (random order),24,0.002015169606440597,0.005605059210211039
3,0,GCP-Mamba (random order),25,0.00201034349285894,0.005260499659925699
3,0,GCP-Mamba (random order),26,0.002071172770768128,0.005533576011657715
3,0,GCP-Mamba (random order),27,0.001984668128123438,0.005723960697650909
3,0,GCP-Mamba (random order),28,0.0019129466575880845,0.00548933632671833
3,0,GCP-Mamba (random order),29,0.001909629622888234,0.006065331399440765
3,0,GCP-Mamba (random order),30,0.0020329181010041524,0.0055520199239254
3,0,GCP-Mamba (random order),31,0.0018934024308152773,0.0059965564869344234
3,0,GCP-Mamba (random order),32,0.001985196351867031,0.005546230357140303
3,0,GCP-Mamba (random order),33,0.0019287578244176176,0.0055434247478842735
3,0,GCP-Mamba (random order),34,0.001956417721144303,0.005173066630959511
3,0,GCP-Mamba (random order),35,0.0018365512067383086,0.006101962644606829
3,0,GCP-Mamba (random order),36,0.0018704057136481559,0.005350740160793066
3,0,GCP-Mamba (random order),37,0.0017859610099414433,0.005826602224260569
3,0,GCP-Mamba (random order),38,0.001753512929469623,0.0059083811938762665
3,0,GCP-Mamba (random order),39,0.0017537758771882014,0.005366090219467878
3,0,GCP-Mamba (random order),40,0.001783706989415266,0.006175236776471138
3,0,GCP-Mamba (random order),41,0.0018008264402548473,0.005410332232713699
3,0,GCP-Mamba (random order),42,0.0019124418290124999,0.005105162505060434
3,0,GCP-Mamba (random order),43,0.001941400487407076,0.005345661658793688
3,0,GCP-Mamba (random order),44,0.00175247925195705,0.0060616605915129185
3,0,GCP-Mamba (random order),45,0.0017194300113866727,0.004952335264533758
3,0,GCP-Mamba (random order),46,0.0017452032081092948,0.005366308148950338
3,0,GCP-Mamba (random order),47,0.0016173559620424553,0.0053832135163247585
3,0,GCP-Mamba (random order),48,0.0016000626988157077,0.005184313282370567
3,0,GCP-Mamba (random order),49,0.0015654170031969745,0.006379284895956516
3,0,GCP-Mamba (random order),50,0.0015514126668373744,0.005482986103743315
3,0,GCP-Mamba (random order),51,0.0015073891867090155,0.005497058387845755
3,0,GCP-Mamba (random order),52,0.001465007145371702,0.005334270186722279
3,0,GCP-Mamba (random order),53,0.0013742470225595214,0.0055835009552538395
3,0,GCP-Mamba (random order),54,0.0013850328331399295,0.005397291388362646
3,0,GCP-Mamba (random order),55,0.001376407703867665,0.005648047663271427
3,0,GCP-Mamba (random order),56,0.0013735071816309184,0.005738400388509035
3,0,GCP-Mamba (random order),57,0.0013526761494749397,0.005140458699315786
3,0,GCP-Mamba (random order),58,0.0013541832126470075,0.005437803920358419
3,0,GCP-Mamba (random order),59,0.0013940880825329158,0.005320020951330662
3,0,GCP-Mamba (random order),60,0.001401857886877325,0.005698475055396557
3,0,Mamba (no graph),0,0.004626688978600281,0.0056888991966843605
3,0,Mamba (no graph),1,0.004415005307506632,0.0058944872580468655
3,0,Mamba (no graph),2,0.00415791879856476,0.005945844110101461
3,0,Mamba (no graph),3,0.003914837458136457,0.005753800738602877
3,0,Mamba (no graph),4,0.0038023217132797946,0.0060202633030712605
3,0,Mamba (no graph),5,0.0036430675191459834,0.005982000380754471
3,0,Mamba (no graph),6,0.0034919709260403005,0.005850038956850767
3,0,Mamba (no graph),7,0.003169881749070353,0.0060159871354699135
3,0,Mamba (no graph),8,0.0029524987460010583,0.005293556954711676
3,0,Mamba (no graph),9,0.003038393531891483,0.005371649283915758
3,0,Mamba (no graph),10,0.0028819626162725465,0.0056968084536492825
3,0,Mamba (no graph),11,0.002817349706741947,0.005646296311169863
3,0,Mamba (no graph),12,0.0027839584120859704,0.005669542122632265
3,0,Mamba (no graph),13,0.002497993435503708,0.006059038918465376
3,0,Mamba (no graph),14,0.0024328781550543178,0.005686687305569649
3,0,Mamba (no graph),15,0.002353403898369935,0.005901339463889599
3,0,Mamba (no graph),16,0.0022195708890514515,0.006063908338546753
3,0,Mamba (no graph),17,0.0021833222773340014,0.006394406780600548
3,0,Mamba (no graph),18,0.0021145634215187143,0.006074076518416405
3,0,Mamba (no graph),19,0.0021986050522644763,0.005973543040454388
3,0,Mamba (no graph),20,0.0023493269820594126,0.005864301230758429
3,0,Mamba (no graph),21,0.0021302084723073575,0.0051286909729242325
3,0,Mamba (no graph),22,0.002125527209567803,0.0053531695157289505
3,0,Mamba (no graph),23,0.0020768326034562457,0.00574064627289772
3,0,Mamba (no graph),24,0.0019497834189139583,0.00592208793386817
3,0,Mamba (no graph),25,0.0018905077853964434,0.005598542280495167
3,0,Mamba (no graph),26,0.001990513419042583,0.005984053481370211
3,0,Mamba (no graph),27,0.002128207840508333,0.006097526289522648
3,0,Mamba (no graph),28,0.0024498115009110835,0.00627521937713027
3,0,Mamba (no graph),29,0.002468777415170162,0.006019789259880781
3,0,Mamba (no graph),30,0.0021509488665119366,0.005474438425153494
3,0,Mamba (no graph),31,0.001950011937879026,0.005755511578172445
3,0,Mamba (no graph),32,0.0019453125833361238,0.00579430116340518
3,0,Mamba (no graph),33,0.0018235942245357567,0.005817527417093515
3,0,Mamba (no graph),34,0.0018002145656350035,0.006287629250437021
3,0,Mamba (no graph),35,0.0017444585682824254,0.006272662431001663
3,0,Mamba (no graph),36,0.001720011372257162,0.0058215707540512085
3,0,Mamba (no graph),37,0.0016889187196890514,0.0059487964026629925
3,0,Mamba (no graph),38,0.0016467008929423712,0.005945391952991486
3,0,Mamba (no graph),39,0.0016581982512165,0.00590650225058198
3,0,Graph-MLP (no scan),0,0.004742321610036824,0.006646021734923124
3,0,Graph-MLP (no scan),1,0.00468346993956301,0.006045612506568432
3,0,Graph-MLP (no scan),2,0.004567850010331582,0.0058883619494736195
3,0,Graph-MLP (no scan),3,0.004165146172184635,0.005977369379252195
3,0,Graph-MLP (no scan),4,0.0038964582124242078,0.006283724680542946
3,0,Graph-MLP (no scan),5,0.0037300483392620526,0.006308972369879484
3,0,Graph-MLP (no scan),6,0.003600359808101698,0.006323948036879301
3,0,Graph-MLP (no scan),7,0.0033684268041893287,0.005744725000113249
3,0,Graph-MLP (no scan),8,0.0033209454785618517,0.005934761371463537
3,0,Graph-MLP (no scan),9,0.003130999747318802,0.006416891235858202
3,0,Graph-MLP (no scan),10,0.002909510965562529,0.006814129184931517
3,0,Graph-MLP (no scan),11,0.0028340768896871144,0.0073922364972531796
3,0,Graph-MLP (no scan),12,0.002793913603656822,0.006477231625467539
3,0,Graph-MLP (no scan),13,0.0033885378873458613,0.005965285003185272
3,0,Graph-MLP (no scan),14,0.002966921293625125,0.0060589914210140705
3,0,Graph-MLP (no scan),15,0.002828801162885847,0.006838484667241573
3,0,Graph-MLP (no scan),16,0.0027209243616434157,0.0065972269512712955
3,0,Graph-MLP (no scan),17,0.002623812480898643,0.007603576872497797
3,0,Graph-MLP (no scan),18,0.0026325224553821265,0.006470739375799894
3,0,Graph-MLP (no scan),19,0.0024238949796805778,0.006927186157554388
3,0,Graph-MLP (no scan),20,0.002344206708517891,0.006660910788923502
3,0,Graph-MLP (no scan),21,0.002279568411823776,0.007825241424143314
3,0,Graph-MLP (no scan),22,0.0021604229652978204,0.007637642323970795
3,0,Graph-MLP (no scan),23,0.0021228791662940274,0.007609935011714697
3,0,Graph-MLP (no scan),24,0.0020537472942292138,0.007543772924691439
3,0,Graph-MLP (no scan),25,0.0019916249525353865,0.007107947021722794
3,0,Graph-MLP (no scan),26,0.002130681295292797,0.007720593363046646
3,0,Graph-MLP (no scan),27,0.0020809409648386967,0.007482848130166531
3,0,Graph-MLP (no scan),28,0.001956453072597031,0.0068136476911604404
3,0,Graph-MLP (no scan),29,0.001979724426443378,0.007334121968597174
3,0,Graph-MLP (no scan),30,0.00190978544264066,0.006977926008403301
3,0,Graph-MLP (no scan),31,0.00197303283062798,0.007517299614846706
3,0,Graph-MLP (no scan),32,0.0018226188883461334,0.007654144894331694
3,0,Graph-MLP (no scan),33,0.0018048654482872397,0.008030722849071026
3,0,Graph-MLP (no scan),34,0.0018008971431603034,0.008114337921142578
3,0,Graph-MLP (no scan),35,0.0017653140756818983,0.007062992081046104
3,0,Graph-MLP (no scan),36,0.0021345589818708875,0.008117400109767914
3,0,Graph-MLP (no scan),37,0.0019210290543183132,0.008306365460157394
3,0,Graph-MLP (no scan),38,0.0020352036830175806,0.00612748833373189
3,0,Graph-MLP (no scan),39,0.0019395992513401088,0.006256001070141792
3,0,"GCP-Mamba (Delta only, w_c~N(0,1))",0,0.004618410271144024,0.006013114936649799
3,0,"GCP-Mamba (Delta only, w_c~N(0,1))",1,0.004356148928679802,0.0060259755700826645
3,0,"GCP-Mamba (Delta only, w_c~N(0,1))",2,0.004129933796960999,0.0064627630636096
3,0,"GCP-Mamba (Delta only, w_c~N(0,1))",3,0.003967903140518401,0.0063908640295267105
3,0,"GCP-Mamba (Delta only, w_c~N(0,1))",4,0.003668213961645961,0.007036535069346428
3,0,"GCP-Mamba (Delta only, w_c~N(0,1))",5,0.0038367952565076173,0.0058969235979020596
3,0,"GCP-Mamba (Delta only, w_c~N(0,1))",6,0.004127429453311143,0.0058039831928908825
3,0,"GCP-Mamba (Delta only, w_c~N(0,1))",7,0.003480233691839708,0.005941099487245083
3,0,"GCP-Mamba (Delta only, w_c~N(0,1))",8,0.0032078778560928724,0.006079197395592928
3,0,"GCP-Mamba (Delta only, w_c~N(0,1))",9,0.003012275254284894,0.0066807810217142105
3,0,"GCP-Mamba (Delta only, w_c~N(0,1))",10,0.0028861090972053783,0.006900343578308821
3,0,"GCP-Mamba (Delta only, w_c~N(0,1))",11,0.0029802108873371726,0.007057626731693745
3,0,"GCP-Mamba (Delta only, w_c~N(0,1))",12,0.0027625508071785726,0.005696454551070929
3,0,"GCP-Mamba (Delta only, w_c~N(0,1))",13,0.00274050315083177,0.0059600709937512875
3,0,"GCP-Mamba (Delta only, w_c~N(0,1))",14,0.0024836035359098955,0.006637550424784422
3,0,"GCP-Mamba (Delta only, w_c~N(0,1))",15,0.0023981063643953313,0.006744215730577707
3,0,"GCP-Mamba (Delta only, w_c~N(0,1))",16,0.002380756661295891,0.0069918860681355
3,0,"GCP-Mamba (Delta only, w_c~N(0,1))",17,0.0022737856833609164,0.0073765977285802364
3,0,"GCP-Mamba (Delta only, w_c~N(0,1))",18,0.0023235074692854176,0.006409049965441227
3,0,"GCP-Mamba (Delta only, w_c~N(0,1))",19,0.0022897747069321297,0.006844867952167988
3,0,"GCP-Mamba (Delta only, w_c~N(0,1))",20,0.0023122659573952356,0.007390940096229315
3,0,"GCP-Mamba (Delta only, w_c~N(0,1))",21,0.0021704677923548,0.006952446885406971
3,0,"GCP-Mamba (Delta only, w_c~N(0,1))",22,0.00206233951245883,0.007345044054090977
3,0,"GCP-Mamba (Delta only, w_c~N(0,1))",23,0.002016489782060186,0.007855299860239029
3,0,"GCP-Mamba (Delta only, w_c~N(0,1))",24,0.001980619789618585,0.007526995614171028
3,0,"GCP-Mamba (Delta only, w_c~N(0,1))",25,0.0020060821401852147,0.0073197996243834496
3,0,"GCP-Mamba (Delta only, w_c~N(0,1))",26,0.0019433678481382904,0.008206754922866821
3,0,"GCP-Mamba (Delta only, w_c~N(0,1))",27,0.0019299688197120472,0.006970561575144529
3,0,"GCP-Mamba (Delta only, w_c~N(0,1))",28,0.0020767442657853717,0.007281213533133268
3,0,"GCP-Mamba (Delta only, w_c~N(0,1))",29,0.0019291224372055796,0.007589598186314106
3,0,"GCP-Mamba (Delta only, w_c~N(0,1))",30,0.0018681040318268868,0.007149417884647846
3,0,"GCP-Mamba (Delta only, w_c~N(0,1))",31,0.001874013743535788,0.007635620888322592
3,0,"GCP-Mamba (Delta only, w_c~N(0,1))",32,0.0018207999722411234,0.00815652683377266
3,0,"GCP-Mamba (Delta only, w_c~N(0,1))",33,0.001789425038387654,0.007768154609948397
3,0,"GCP-Mamba (Delta only, w_c~N(0,1))",34,0.001739598767555974,0.008095660246908665
3,0,"GCP-Mamba (Delta only, w_c~N(0,1))",35,0.0016738151510556538,0.00817843247205019
3,0,"GCP-Mamba (Delta only, w_c~N(0,1))",36,0.0016668520035670587,0.008205081336200237
3,0,"GCP-Mamba (Delta only, w_c~N(0,1))",37,0.0016481742840605202,0.007989607751369476
3,0,"GCP-Mamba (Delta only, w_c~N(0,1))",38,0.0015887856630056544,0.007917473092675209
3,0,"GCP-Mamba (Delta only, w_c~N(0,1))",39,0.001574631375088184,0.007595692295581102
3,0,GCP-Mamba (additive prior),0,0.0050418757385125865,0.005587439052760601
3,0,GCP-Mamba (additive prior),1,0.004483522864541522,0.005572517402470112
3,0,GCP-Mamba (additive prior),2,0.004348050940919806,0.0057630352675914764
3,0,GCP-Mamba (additive prior),3,0.004153120641907056,0.005909509025514126
3,0,GCP-Mamba (additive prior),4,0.0038571397394493775,0.005705442279577255
3,0,GCP-Mamba (additive prior),5,0.0035744709721593944,0.005672268569469452
3,0,GCP-Mamba (additive prior),6,0.0034061384094120177,0.005810546688735485
3,0,GCP-Mamba (additive prior),7,0.00322381608809034,0.006251098588109016
3,0,GCP-Mamba (additive prior),8,0.003854335268476495,0.004959732759743929
3,0,GCP-Mamba (additive prior),9,0.0032237216450825886,0.004634236916899681
3,0,GCP-Mamba (additive prior),10,0.003263265963781763,0.004775041714310646
3,0,GCP-Mamba (additive prior),11,0.0029835831028995692,0.005149044096469879
3,0,GCP-Mamba (additive prior),12,0.0028180594090372324,0.0047407811507582664
3,0,GCP-Mamba (additive prior),13,0.002607858300002085,0.004768235608935356
3,0,GCP-Mamba (additive prior),14,0.0025635319805048682,0.004535194020718336
3,0,GCP-Mamba (additive prior),15,0.002520244534092921,0.005244598723948002
3,0,GCP-Mamba (additive prior),16,0.002568827019314523,0.004927669186145067
3,0,GCP-Mamba (additive prior),17,0.002368608774203393,0.004561230074614286
3,0,GCP-Mamba (additive prior),18,0.002361948679511746,0.005145241040736437
3,0,GCP-Mamba (additive prior),19,0.0023299784451309177,0.005615911912173033
3,0,GCP-Mamba (additive prior),20,0.0023707203239340473,0.0047792354598641396
3,0,GCP-Mamba (additive prior),21,0.002528837804372112,0.004993162117898464
3,0,GCP-Mamba (additive prior),22,0.0021616115527986375,0.005479783285409212
3,0,GCP-Mamba (additive prior),23,0.0024102032270834402,0.00559729291126132
3,0,GCP-Mamba (additive prior),24,0.0021470692051850536,0.005103354807943106
3,0,GCP-Mamba (additive prior),25,0.0021339981316554324,0.005482913926243782
3,0,GCP-Mamba (additive prior),26,0.002005770591225613,0.00523067731410265
3,0,GCP-Mamba (additive prior),27,0.0019510058789617485,0.005360191687941551
3,0,GCP-Mamba (additive prior),28,0.0019000085691610973,0.004870689939707518
3,0,GCP-Mamba (additive prior),29,0.0019625362000186687,0.004969668574631214
3,0,GCP-Mamba (additive prior),30,0.0018453144304523314,0.005441232118755579
3,0,GCP-Mamba (additive prior),31,0.001868132277633305,0.004822060465812683
3,0,GCP-Mamba (additive prior),32,0.0018415779168545097,0.00520888390019536
3,0,GCP-Mamba (additive prior),33,0.0017486419097554903,0.005484075751155615
3,0,GCP-Mamba (additive prior),34,0.0017600469377443747,0.005160950589925051
3,0,GCP-Mamba (additive prior),35,0.0017603905483459432,0.005208112765103579
3,0,GCP-Mamba (additive prior),36,0.0016720946835078023,0.005424465984106064
3,0,GCP-Mamba (additive prior),37,0.0017023260610316087,0.005518617108464241
3,0,GCP-Mamba (additive prior),38,0.001642086913947154,0.005180136766284704
3,0,GCP-Mamba (additive prior),39,0.0016962177340044743,0.0060956222005188465
3,0,Mamba (additive prior),0,0.004626702569011185,0.0056890263222157955
3,0,Mamba (additive prior),1,0.0044150203466415405,0.005894696805626154
3,0,Mamba (additive prior),2,0.004157931483523162,0.005946073681116104
3,0,Mamba (additive prior),3,0.003914831870201009,0.0057540349662303925
3,0,Mamba (additive prior),4,0.003802299059720503,0.006020588334649801
3,0,Mamba (additive prior),5,0.0036430453743647646,0.005982104688882828
3,0,Mamba (additive prior),6,0.0034919874225225714,0.005850181449204683
3,0,Mamba (additive prior),7,0.0031698296812397463,0.00601616594940424
3,0,Mamba (additive prior),8,0.002952388367029252,0.0052933720871806145
3,0,Mamba (additive prior),9,0.0030382435803336127,0.005372785031795502
3,0,Mamba (additive prior),10,0.0028831687824869595,0.005696691572666168
3,0,Mamba (additive prior),11,0.0028183763950235313,0.005643266718834639
3,0,Mamba (additive prior),12,0.0027854763730256644,0.00566527433693409
3,0,Mamba (additive prior),13,0.0024982722717578764,0.0060596223920583725
3,0,Mamba (additive prior),14,0.0024336769711226225,0.00568737369030714
3,0,Mamba (additive prior),15,0.002354094620656084,0.005901516415178776
3,0,Mamba (additive prior),16,0.0022198179956629044,0.006066027097404003
3,0,Mamba (additive prior),17,0.002183515401729555,0.006396328564733267
3,0,Mamba (additive prior),18,0.002114778634643665,0.006074815522879362
3,0,Mamba (additive prior),19,0.0021986137101150773,0.005974113941192627
3,0,Mamba (additive prior),20,0.002346806064317072,0.005865015555173159
3,0,Mamba (additive prior),21,0.0021293780128299085,0.005131738260388374
3,0,Mamba (additive prior),22,0.0021243837524067472,0.0053542801178991795
3,0,Mamba (additive prior),23,0.0020758226186175037,0.00574309378862381
3,0,Mamba (additive prior),24,0.001950317980825073,0.00592394731938839
3,0,Mamba (additive prior),25,0.0018910839162008077,0.005594969727098942
3,0,Mamba (additive prior),26,0.001991236797982344,0.00598579365760088
3,0,Mamba (additive prior),27,0.0021285389989821445,0.006093243602663279
3,0,Mamba (additive prior),28,0.0024548157342468148,0.006264206953346729
3,0,Mamba (additive prior),29,0.002470623460356836,0.006023413501679897
3,0,Mamba (additive prior),30,0.0021504762892921767,0.005472190212458372
3,0,Mamba (additive prior),31,0.0019524244643333885,0.0057531967759132385
3,0,Mamba (additive prior),32,0.001947076534162517,0.005799062550067902
3,0,Mamba (additive prior),33,0.0018246390132440461,0.005821720231324434
3,0,Mamba (additive prior),34,0.0018017165992340004,0.006284013856202364
3,0,Mamba (additive prior),35,0.0017458040469877974,0.006273351609706879
3,0,Mamba (additive prior),36,0.0017208481310970252,0.005821842234581709
3,0,Mamba (additive prior),37,0.0016894561100613188,0.005938393529504538
3,0,Mamba (additive prior),38,0.0016464639015288816,0.005955371540039778
3,0,Mamba (additive prior),39,0.0016586899852242183,0.005922362674027681
4,0,GCP-Mamba,0,0.005473576727564688,0.00730212964117527
4,0,GCP-Mamba,1,0.005028600890741304,0.007065805606544018
4,0,GCP-Mamba,2,0.004953607951325399,0.008028300479054451
4,0,GCP-Mamba,3,0.004676649398687813,0.007354197558015585
4,0,GCP-Mamba,4,0.004469446786161926,0.007909446954727173
4,0,GCP-Mamba,5,0.004281354076401503,0.007909269072115421
4,0,GCP-Mamba,6,0.004077257838583103,0.007859076373279095
4,0,GCP-Mamba,7,0.00371215537328411,0.008081096224486828
4,0,GCP-Mamba,8,0.0036229968277944457,0.00857754796743393
4,0,GCP-Mamba,9,0.003604956342045356,0.008667671121656895
4,0,GCP-Mamba,10,0.0036212774769713483,0.00896493624895811
4,0,GCP-Mamba,11,0.003237898064846242,0.0090636583045125
4,0,GCP-Mamba,12,0.003156805350617678,0.00934358686208725
4,0,GCP-Mamba,13,0.0028363810938403563,0.008977678604424
4,0,GCP-Mamba,14,0.0027336181848551387,0.009484808892011642
4,0,GCP-Mamba,15,0.002628555193681408,0.009460086934268475
4,0,GCP-Mamba,16,0.0024714577270464767,0.009594579227268696
4,0,GCP-Mamba,17,0.0024602433183678876,0.00940442830324173
4,0,GCP-Mamba,18,0.002396516407046605,0.010538579896092415
4,0,GCP-Mamba,19,0.0023569744252772244,0.01019864808768034
4,0,GCP-Mamba,20,0.0022817666866575127,0.009614246897399426
4,0,GCP-Mamba,21,0.0022787864371720287,0.009614547714591026
4,0,GCP-Mamba,22,0.002170405734364909,0.010313483886420727
4,0,GCP-Mamba,23,0.002142966138543906,0.009508941322565079
4,0,GCP-Mamba,24,0.002152483431725866,0.009261518716812134
4,0,GCP-Mamba,25,0.0020690809469670057,0.011237995699048042
4,0,GCP-Mamba,26,0.0021608884066895203,0.009300218895077705
4,0,GCP-Mamba,27,0.0021428089692360824,0.00951911136507988
4,0,GCP-Mamba,28,0.0021424628837310054,0.009239627048373222
4,0,GCP-Mamba,29,0.0020097743426622065,0.010374103672802448
4,0,GCP-Mamba,30,0.0020380787059871685,0.009339243173599243
4,0,GCP-Mamba,31,0.0023787800326115554,0.009346919134259224
4,0,GCP-Mamba,32,0.0020986547633246692,0.009387829340994358
4,0,GCP-Mamba,33,0.002187132361103539,0.009208036586642265
4,0,GCP-Mamba,34,0.0022402555612778224,0.009584760293364525
4,0,GCP-Mamba,35,0.0021913869961820267,0.009417758323252201
4,0,GCP-Mamba,36,0.0018835816773827428,0.010217690840363503
4,0,GCP-Mamba,37,0.0018710071065773566,0.00932630617171526
4,0,GCP-Mamba,38,0.0018183704577731314,0.010662481188774109
4,0,GCP-Mamba,39,0.0017400304269459513,0.009831703267991543
4,0,GCP-Mamba (Delta only),0,0.005165140920629104,0.007620615419000387
4,0,GCP-Mamba (Delta only),1,0.004974784760701435,0.007619917392730713
4,0,GCP-Mamba (Delta only),2,0.0047439206132872235,0.007346931379288435
4,0,GCP-Mamba (Delta only),3,0.0045336890724246145,0.007623997516930103
4,0,GCP-Mamba (Delta only),4,0.004276222514885443,0.009601490572094917
4,0,GCP-Mamba (Delta only),5,0.004082933568430168,0.00889615435153246
4,0,GCP-Mamba (Delta only),6,0.0042514909679691,0.008053327910602093
4,0,GCP-Mamba (Delta only),7,0.004112645768112055,0.008051473647356033
4,0,GCP-Mamba (Delta only),8,0.0036004735243127303,0.009353328496217728
4,0,GCP-Mamba (Delta only),9,0.003298561468168541,0.009488035924732685
4,0,GCP-Mamba (Delta only),10,0.0031101723994921755,0.009708101861178875
4,0,GCP-Mamba (Delta only),11,0.0029616620546827712,0.010012898594141006
4,0,GCP-Mamba (Delta only),12,0.004490839714115417,0.01003051083534956
4,0,GCP-Mamba (Delta only),13,0.0030724500754365216,0.010357772931456566
4,0,GCP-Mamba (Delta only),14,0.003081336966715753,0.01018381305038929
4,0,GCP-Mamba (Delta only),15,0.002865374967869785,0.01042846031486988
4,0,GCP-Mamba (Delta only),16,0.0025910524073643267,0.011131685227155685
4,0,GCP-Mamba (Delta only),17,0.002566695661732444,0.01008628774434328
4,0,GCP-Mamba (Delta only),18,0.0025304200265694548,0.009972277097404003
4,0,GCP-Mamba (Delta only),19,0.0024391801648393826,0.011266585439443588
4,0,GCP-Mamba (Delta only),20,0.0023742030736886794,0.010720680467784405
4,0,GCP-Mamba (Delta only),21,0.0021761751181825443,0.010636366903781891
4,0,GCP-Mamba (Delta only),22,0.0021089100520367975,0.010760026052594185
4,0,GCP-Mamba (Delta only),23,0.0021439389696482707,0.010912160389125347
4,0,GCP-Mamba (Delta only),24,0.002012544113245827,0.00973490159958601
4,0,GCP-Mamba (Delta only),25,0.00210179113438008,0.010991629213094711
4,0,GCP-Mamba (Delta only),26,0.0021355803021126324,0.009828220121562481
4,0,GCP-Mamba (Delta only),27,0.0019603377311593955,0.010821850039064884
4,0,GCP-Mamba (Delta only),28,0.0020140913246130504,0.010330507531762123
4,0,GCP-Mamba (Delta only),29,0.0019799344655540255,0.01031539961695671
4,0,GCP-Mamba (Delta only),30,0.0018490366508356398,0.010212932713329792
4,0,GCP-Mamba (Delta only),31,0.0018480114069663817,0.010654172860085964
4,0,GCP-Mamba (Delta only),32,0.0017520610363809047,0.011030366644263268
4,0,GCP-Mamba (Delta only),33,0.0018972413252211278,0.010542423464357853
4,0,GCP-Mamba (Delta only),34,0.0017895746838163446,0.011058798059821129
4,0,GCP-Mamba (Delta only),35,0.0017489572917973554,0.010956190526485443
4,0,GCP-Mamba (Delta only),36,0.0017383726813864928,0.01081040408462286
4,0,GCP-Mamba (Delta only),37,0.0017028144233066727,0.011356744915246964
4,0,GCP-Mamba (Delta only),38,0.0016763229095549494,0.011085852980613708
4,0,GCP-Mamba (Delta only),39,0.001903788635024318,0.010946860536932945
4,0,GCP-Mamba (perm. graph),0,0.005482925498789108,0.007279140409082174
4,0,GCP-Mamba (perm. graph),1,0.005057640597914104,0.007085991557687521
4,0,GCP-Mamba (perm. graph),2,0.00496880196172882,0.007978301495313644
4,0,GCP-Mamba (perm. graph),3,0.004657938628009072,0.007311335299164057
4,0,GCP-Mamba (perm. graph),4,0.004487853445526626,0.00786503590643406
4,0,GCP-Mamba (perm. graph),5,0.004268537904998219,0.007778283208608627
4,0,GCP-Mamba (perm. graph),6,0.0041235048599817135,0.007892128080129623
4,0,GCP-Mamba (perm. graph),7,0.003762365189484424,0.007898342795670033
4,0,GCP-Mamba (perm. graph),8,0.0036833304049516164,0.008517283946275711
4,0,GCP-Mamba (perm. graph),9,0.0037398599001958414,0.00855718832463026
4,0,GCP-Mamba (perm. graph),10,0.0035137445579662367,0.008797107264399529
4,0,GCP-Mamba (perm. graph),11,0.0031634103679270657,0.009068185463547707
4,0,GCP-Mamba (perm. graph),12,0.0030358309029704994,0.009123042225837708
4,0,GCP-Mamba (perm. graph),13,0.0027680858728234416,0.008904796093702316
4,0,GCP-Mamba (perm. graph),14,0.002621762329471056,0.009124771691858768
4,0,GCP-Mamba (perm. graph),15,0.002545098864680363,0.00903269462287426
4,0,GCP-Mamba (perm. graph),16,0.0023951902381937813,0.009001247584819794
4,0,GCP-Mamba (perm. graph),17,0.002409038694437455,0.009254625998437405
4,0,GCP-Mamba (perm. graph),18,0.0022971306116906583,0.010142785497009754
4,0,GCP-Mamba (perm. graph),19,0.0022903583529922697,0.0100857587531209
4,0,GCP-Mamba (perm. graph),20,0.0022291242817623746,0.009437847882509232
4,0,GCP-Mamba (perm. graph),21,0.002181558878402467,0.009683191776275635
4,0,GCP-Mamba (perm. graph),22,0.002175046182754967,0.010440592654049397
4,0,GCP-Mamba (perm. graph),23,0.0020954660355561863,0.009176714345812798
4,0,GCP-Mamba (perm. graph),24,0.002071922826063302,0.009499152190983295
4,0,GCP-Mamba (perm. graph),25,0.001978173713993143,0.010287906043231487
4,0,GCP-Mamba (perm. graph),26,0.0019358203711884994,0.009615728631615639
4,0,GCP-Mamba (perm. graph),27,0.0019246817531960983,0.009156047366559505
4,0,GCP-Mamba (perm. graph),28,0.0018912692537048348,0.009655466303229332
4,0,GCP-Mamba (perm. graph),29,0.001907408323690847,0.009487890638411045
4,0,GCP-Mamba (perm. graph),30,0.001915119760842235,0.009370679967105389
4,0,GCP-Mamba (perm. graph),31,0.0022112053896610937,0.009485415183007717
4,0,GCP-Mamba (perm. graph),32,0.002159150455285002,0.008929156698286533
4,0,GCP-Mamba (perm. graph),33,0.0019901444428358918,0.009025045670568943
4,0,GCP-Mamba (perm. graph),34,0.0024288410139787528,0.009313599206507206
4,0,GCP-Mamba (perm. graph),35,0.0021422430959150748,0.00939879659563303
4,0,GCP-Mamba (perm. graph),36,0.0019137525793026995,0.008761176839470863
4,0,GCP-Mamba (perm. graph),37,0.0018011167283273405,0.009429020807147026
4,0,GCP-Mamba (perm. graph),38,0.0016855134076818271,0.00933064054697752
4,0,GCP-Mamba (perm. graph),39,0.0017202660501762122,0.009375523775815964
4,0,GCP-Mamba (random order),0,0.0054881722252402045,0.007283142767846584
4,0,GCP-Mamba (random order),1,0.005060716583910916,0.007146831601858139
4,0,GCP-Mamba (random order),2,0.0049994848323641,0.008381854742765427
4,0,GCP-Mamba (random order),3,0.004763986811869674,0.007419336587190628
4,0,GCP-Mamba (random order),4,0.004534386607162931,0.00773936603218317
4,0,GCP-Mamba (random order),5,0.004289005934778187,0.008042795583605766
4,0,GCP-Mamba (random order),6,0.004264909955155518,0.007472706958651543
4,0,GCP-Mamba (random order),7,0.0038755522799436694,0.007749070413410664
4,0,GCP-Mamba (random order),8,0.0035822749724266707,0.008706710301339626
4,0,GCP-Mamba (random order),9,0.003467480979721855,0.009047271683812141
4,0,GCP-Mamba (random order),10,0.003205383101616193,0.00953106302767992
4,0,GCP-Mamba (random order),11,0.003370579728787696,0.009303268976509571
4,0,GCP-Mamba (random order),12,0.003041328267297811,0.010189310647547245
4,0,GCP-Mamba (random order),13,0.003239209789575802,0.009435906074941158
4,0,GCP-Mamba (random order),14,0.002896925533638784,0.00983851682394743
4,0,GCP-Mamba (random order),15,0.0027047272392169194,0.009880829602479935
4,0,GCP-Mamba (random order),16,0.0025157101055676184,0.010109731927514076
4,0,GCP-Mamba (random order),17,0.002526284738754233,0.00998257752507925
4,0,GCP-Mamba (random order),18,0.002572963872269072,0.00993920024484396
4,0,GCP-Mamba (random order),19,0.0023543941615908233,0.009951811283826828
4,0,GCP-Mamba (random order),20,0.0023195288764933744,0.009908629581332207
4,0,GCP-Mamba (random order),21,0.0022919602881841085,0.009567207656800747
4,0,GCP-Mamba (random order),22,0.002113028925291642,0.01007081288844347
4,0,GCP-Mamba (random order),23,0.002137096564250964,0.010313321836292744
4,0,GCP-Mamba (random order),24,0.002053980103314475,0.009207414463162422
4,0,GCP-Mamba (random order),25,0.0020684595435374866,0.00958382897078991
4,0,GCP-Mamba (random order),26,0.0021230658274833804,0.009741413407027721
4,0,GCP-Mamba (random order),27,0.0020858745642558293,0.010164187289774418
4,0,GCP-Mamba (random order),28,0.0021323403688492597,0.009860076010227203
4,0,GCP-Mamba (random order),29,0.002008480106100992,0.010722792707383633
4,0,GCP-Mamba (random order),30,0.002073667900360845,0.009263316169381142
4,0,GCP-Mamba (random order),31,0.002056469080141849,0.009197979234158993
4,0,GCP-Mamba (random order),32,0.0021292015530720906,0.009734589606523514
4,0,GCP-Mamba (random order),33,0.00208697311528441,0.010857667773962021
4,0,GCP-Mamba (random order),34,0.002266593079117161,0.00976806040853262
4,0,GCP-Mamba (random order),35,0.001984927544577254,0.009666167199611664
4,0,GCP-Mamba (random order),36,0.0019290828904895872,0.01020275242626667
4,0,GCP-Mamba (random order),37,0.0019135305752839755,0.010358022525906563
4,0,GCP-Mamba (random order),38,0.0017727795746867304,0.010926378890872002
4,0,GCP-Mamba (random order),39,0.0018553330511268643,0.010167861357331276
4,0,Mamba (no graph),0,0.005178087546179692,0.007687523495405912
4,0,Mamba (no graph),1,0.004847225401102117,0.007781240623444319
4,0,Mamba (no graph),2,0.004616937272388626,0.008006643503904343
4,0,Mamba (no graph),3,0.004296881590831887,0.008582839742302895
4,0,Mamba (no graph),4,0.0039997523547046715,0.008053731173276901
4,0,Mamba (no graph),5,0.004011879192182311,0.008610685355961323
4,0,Mamba (no graph),6,0.003837283321276859,0.00883207656443119
4,0,Mamba (no graph),7,0.003545422934823566,0.010855259373784065
4,0,Mamba (no graph),8,0.003265792745406981,0.009215090423822403
4,0,Mamba (no graph),9,0.003101971190146826,0.009901112876832485
4,0,Mamba (no graph),10,0.0027991972984401166,0.00981174036860466
4,0,Mamba (no graph),11,0.0026670001335097134,0.009757861495018005
4,0,Mamba (no graph),12,0.002733443898183328,0.009914361871778965
4,0,Mamba (no graph),13,0.002453935082518944,0.009089747443795204
4,0,Mamba (no graph),14,0.0024514399011860842,0.009777495637536049
4,0,Mamba (no graph),15,0.0027962660899868716,0.009458904154598713
4,0,Mamba (no graph),16,0.0031594185641518344,0.009613721631467342
4,0,Mamba (no graph),17,0.002655067567334131,0.00954121258109808
4,0,Mamba (no graph),18,0.00269447082515668,0.01006587129086256
4,0,Mamba (no graph),19,0.0024787815960331094,0.00949141476303339
4,0,Mamba (no graph),20,0.0025249999188990506,0.009659535251557827
4,0,Mamba (no graph),21,0.00222399541935711,0.009565196000039577
4,0,Mamba (no graph),22,0.0022344793477613064,0.009787444025278091
4,0,Mamba (no graph),23,0.002233826607051823,0.010394052602350712
4,0,Mamba (no graph),24,0.0021739111506138688,0.009407871402800083
4,0,Mamba (no graph),25,0.002054018339280177,0.00988827459514141
4,0,Mamba (no graph),26,0.001947624514017392,0.01003290992230177
4,0,Mamba (no graph),27,0.0018537671874380773,0.010234630666673183
4,0,Mamba (no graph),28,0.0018793318886309862,0.010348493233323097
4,0,Mamba (no graph),29,0.0018505487349574213,0.010510549880564213
4,0,Mamba (no graph),30,0.0017596735205087396,0.009863819926977158
4,0,Mamba (no graph),31,0.0017542656148887342,0.009976794011890888
4,0,Mamba (no graph),32,0.0016460548870748392,0.010384013876318932
4,0,Mamba (no graph),33,0.001663072461572786,0.01000500749796629
4,0,Mamba (no graph),34,0.0016240011447937125,0.009848003275692463
4,0,Mamba (no graph),35,0.0015779804196898585,0.01023362297564745
4,0,Mamba (no graph),36,0.0017103592658208476,0.0102318674325943
4,0,Mamba (no graph),37,0.0018068970767436204,0.010243146680295467
4,0,Mamba (no graph),38,0.0017497540641300104,0.010227073915302753
4,0,Mamba (no graph),39,0.001658693020645943,0.011501959525048733
4,0,Graph-MLP (no scan),0,0.005619341990462056,0.007407881785184145
4,0,Graph-MLP (no scan),1,0.005195808838363047,0.006983248982578516
4,0,Graph-MLP (no scan),2,0.0050006756662494605,0.007337710354477167
4,0,Graph-MLP (no scan),3,0.0047774846424107195,0.007202422711998224
4,0,Graph-MLP (no scan),4,0.004624647691983868,0.007456560153514147
4,0,Graph-MLP (no scan),5,0.004357763928257757,0.007396984379738569
4,0,Graph-MLP (no scan),6,0.004186210584723287,0.008103513158857822
4,0,Graph-MLP (no scan),7,0.0038338323658401213,0.00793162826448679
4,0,Graph-MLP (no scan),8,0.0036616232073693362,0.009440391324460506
4,0,Graph-MLP (no scan),9,0.003615541810480257,0.008843937888741493
4,0,Graph-MLP (no scan),10,0.003501974692982104,0.008404477499425411
4,0,Graph-MLP (no scan),11,0.003343540243804455,0.008585930801928043
4,0,Graph-MLP (no scan),12,0.0030853643202809274,0.008831470273435116
4,0,Graph-MLP (no scan),13,0.0031723303168460174,0.009548873640596867
4,0,Graph-MLP (no scan),14,0.0034703560328731933,0.010087906382977962
4,0,Graph-MLP (no scan),15,0.002988136347590221,0.00875434186309576
4,0,Graph-MLP (no scan),16,0.0030362767477830253,0.009485500864684582
4,0,Graph-MLP (no scan),17,0.0026567310388027517,0.010010730475187302
4,0,Graph-MLP (no scan),18,0.0024651112897252597,0.010069488547742367
4,0,Graph-MLP (no scan),19,0.0023856075196009544,0.00971548818051815
4,0,Graph-MLP (no scan),20,0.0022709728736016485,0.00974682904779911
4,0,Graph-MLP (no scan),21,0.0022264392356629724,0.009730150923132896
4,0,Graph-MLP (no scan),22,0.002159632332795472,0.009721960872411728
4,0,Graph-MLP (no scan),23,0.002123879087674949,0.009936603717505932
4,0,Graph-MLP (no scan),24,0.0022377968093173373,0.01054006814956665
4,0,Graph-MLP (no scan),25,0.002200712156654508,0.010079494677484035
4,0,Graph-MLP (no scan),26,0.002187100773746217,0.010586357675492764
4,0,Graph-MLP (no scan),27,0.0021694809051782445,0.010816087014973164
4,0,Graph-MLP (no scan),28,0.0022973931842931996,0.008991047739982605
4,0,Graph-MLP (no scan),29,0.0020670407296468816,0.009651522152125835
4,0,Graph-MLP (no scan),30,0.002107548527419567,0.009539310820400715
4,0,Graph-MLP (no scan),31,0.001944731808853922,0.009916243143379688
4,0,Graph-MLP (no scan),32,0.0019288625205970472,0.009493812918663025
4,0,Graph-MLP (no scan),33,0.001988431688881031,0.010123531334102154
4,0,Graph-MLP (no scan),34,0.0019015442424764235,0.009858048520982265
4,0,Graph-MLP (no scan),35,0.0019251896516868361,0.01018952764570713
4,0,Graph-MLP (no scan),36,0.0019610911538755454,0.0096522131934762
4,0,Graph-MLP (no scan),37,0.0020659250828127065,0.009777662344276905
4,0,Graph-MLP (no scan),38,0.0019672929688736244,0.009585565887391567
4,0,Graph-MLP (no scan),39,0.0019779477906585845,0.009647585451602936
4,0,"GCP-Mamba (Delta only, w_c~N(0,1))",0,0.005165034723985527,0.007620844524353743
4,0,"GCP-Mamba (Delta only, w_c~N(0,1))",1,0.004975151977743264,0.0076199485920369625
4,0,"GCP-Mamba (Delta only, w_c~N(0,1))",2,0.004744090476176805,0.0073467823676764965
4,0,"GCP-Mamba (Delta only, w_c~N(0,1))",3,0.004533936580022176,0.007622907403856516
4,0,"GCP-Mamba (Delta only, w_c~N(0,1))",4,0.004276239554639216,0.009600422345101833
4,0,"GCP-Mamba (Delta only, w_c~N(0,1))",5,0.0040835281316604875,0.008896788582205772
4,0,"GCP-Mamba (Delta only, w_c~N(0,1))",6,0.004253098758420459,0.00805302057415247
4,0,"GCP-Mamba (Delta only, w_c~N(0,1))",7,0.0041135418297791925,0.008046594448387623
4,0,"GCP-Mamba (Delta only, w_c~N(0,1))",8,0.0035999522423716605,0.009349127300083637
4,0,"GCP-Mamba (Delta only, w_c~N(0,1))",9,0.003297455850298758,0.00948201585561037
4,0,"GCP-Mamba (Delta only, w_c~N(0,1))",10,0.0031247147686641525,0.009703329764306545
4,0,"GCP-Mamba (Delta only, w_c~N(0,1))",11,0.0029841664212721364,0.01000570971518755
4,0,"GCP-Mamba (Delta only, w_c~N(0,1))",12,0.004438911211090507,0.010035059414803982
4,0,"GCP-Mamba (Delta only, w_c~N(0,1))",13,0.0030743765161821137,0.010331438854336739
4,0,"GCP-Mamba (Delta only, w_c~N(0,1))",14,0.003087132880291729,0.01011269073933363
4,0,"GCP-Mamba (Delta only, w_c~N(0,1))",15,0.002854116433472545,0.010355059988796711
4,0,"GCP-Mamba (Delta only, w_c~N(0,1))",16,0.0025838180682276964,0.011031213216483593
4,0,"GCP-Mamba (Delta only, w_c~N(0,1))",17,0.002554608284737225,0.010085196234285831
4,0,"GCP-Mamba (Delta only, w_c~N(0,1))",18,0.002522453251812193,0.009953743778169155
4,0,"GCP-Mamba (Delta only, w_c~N(0,1))",19,0.002441689880840756,0.011190141551196575
4,0,"GCP-Mamba (Delta only, w_c~N(0,1))",20,0.0023799167635540166,0.010654042474925518
4,0,"GCP-Mamba (Delta only, w_c~N(0,1))",21,0.0021723922842216714,0.01054868008941412
4,0,"GCP-Mamba (Delta only, w_c~N(0,1))",22,0.0021047186951532407,0.010720781981945038
4,0,"GCP-Mamba (Delta only, w_c~N(0,1))",23,0.00213763572672313,0.010884243063628674
4,0,"GCP-Mamba (Delta only, w_c~N(0,1))",24,0.002002693807568263,0.009696457535028458
4,0,"GCP-Mamba (Delta only, w_c~N(0,1))",25,0.002097853955260857,0.011018681339919567
4,0,"GCP-Mamba (Delta only, w_c~N(0,1))",26,0.0021487869908688247,0.009696696884930134
4,0,"GCP-Mamba (Delta only, w_c~N(0,1))",27,0.0019779393828853412,0.010751338675618172
4,0,"GCP-Mamba (Delta only, w_c~N(0,1))",28,0.0020352996911646593,0.010181896388530731
4,0,"GCP-Mamba (Delta only, w_c~N(0,1))",29,0.0020050131758950927,0.010171140544116497
4,0,"GCP-Mamba (Delta only, w_c~N(0,1))",30,0.0018674484928380007,0.01010314654558897
4,0,"GCP-Mamba (Delta only, w_c~N(0,1))",31,0.001857449636898107,0.01047162339091301
4,0,"GCP-Mamba (Delta only, w_c~N(0,1))",32,0.0017546072205597604,0.010990316979587078
4,0,"GCP-Mamba (Delta only, w_c~N(0,1))",33,0.0019090121517095853,0.010386822745203972
4,0,"GCP-Mamba (Delta only, w_c~N(0,1))",34,0.0017946883346195573,0.011035466566681862
4,0,"GCP-Mamba (Delta only, w_c~N(0,1))",35,0.0017692123763953095,0.010793905705213547
4,0,"GCP-Mamba (Delta only, w_c~N(0,1))",36,0.0017533812551172796,0.010706464760005474
4,0,"GCP-Mamba (Delta only, w_c~N(0,1))",37,0.001700501725146616,0.011276574805378914
4,0,"GCP-Mamba (Delta only, w_c~N(0,1))",38,0.0016731743838776041,0.010951823554933071
4,0,"GCP-Mamba (Delta only, w_c~N(0,1))",39,0.0019119697864408845,0.01085419300943613
4,0,GCP-Mamba (additive prior),0,0.005473585730349576,0.007302240934222937
4,0,GCP-Mamba (additive prior),1,0.005028609600332048,0.007065991405397654
4,0,GCP-Mamba (additive prior),2,0.004953601570041092,0.008028488606214523
4,0,GCP-Mamba (additive prior),3,0.004676642431015217,0.007354496046900749
4,0,GCP-Mamba (additive prior),4,0.004469434316787455,0.007909687235951424
4,0,GCP-Mamba (additive prior),5,0.00428135362798693,0.007909618318080902
4,0,GCP-Mamba (additive prior),6,0.004077229536724863,0.00785925704985857
4,0,GCP-Mamba (additive prior),7,0.003712183813116065,0.008081647567451
4,0,GCP-Mamba (additive prior),8,0.0036232922467644567,0.008577986620366573
4,0,GCP-Mamba (additive prior),9,0.0036056542044712436,0.008667697198688984
4,0,GCP-Mamba (additive prior),10,0.0036204751167032453,0.008964892476797104
4,0,GCP-Mamba (additive prior),11,0.003237221872916928,0.009062747471034527
4,0,GCP-Mamba (additive prior),12,0.0031556593926830422,0.009343817830085754
4,0,GCP-Mamba (additive prior),13,0.002835912448871467,0.008979459293186665
4,0,GCP-Mamba (additive prior),14,0.0027328759423215633,0.009484564885497093
4,0,GCP-Mamba (additive prior),15,0.002628136025224295,0.009459245949983597
4,0,GCP-Mamba (additive prior),16,0.0024710097608880866,0.009593104012310505
4,0,GCP-Mamba (additive prior),17,0.00245972690862362,0.009406055323779583
4,0,GCP-Mamba (additive prior),18,0.002396127786832275,0.010539388284087181
4,0,GCP-Mamba (additive prior),19,0.0023569772709850913,0.01019976381212473
4,0,GCP-Mamba (additive prior),20,0.002281674994500699,0.009614861570298672
4,0,GCP-Mamba (additive prior),21,0.00227804371604213,0.009616631083190441
4,0,GCP-Mamba (additive prior),22,0.0021704385203688784,0.01031639613211155
4,0,GCP-Mamba (additive prior),23,0.0021418944665196316,0.009512737393379211
4,0,GCP-Mamba (additive prior),24,0.0021538255882828875,0.009259826503694057
4,0,GCP-Mamba (additive prior),25,0.0020704936727674473,0.011251866817474365
4,0,GCP-Mamba (additive prior),26,0.002162441257732334,0.009299947880208492
4,0,GCP-Mamba (additive prior),27,0.0021443954427485114,0.009522806853055954
4,0,GCP-Mamba (additive prior),28,0.002143328466142217,0.009233917109668255
4,0,GCP-Mamba (additive prior),29,0.0020095467808897848,0.010380654595792294
4,0,GCP-Mamba (additive prior),30,0.002039719834337356,0.009335841983556747
4,0,GCP-Mamba (additive prior),31,0.0023784249313865548,0.009341664612293243
4,0,GCP-Mamba (additive prior),32,0.002098008735898744,0.009390056133270264
4,0,GCP-Mamba (additive prior),33,0.002185664747634696,0.009209408424794674
4,0,GCP-Mamba (additive prior),34,0.0022346086938072134,0.009597736410796642
4,0,GCP-Mamba (additive prior),35,0.002183679430918009,0.009430352598428726
4,0,GCP-Mamba (additive prior),36,0.0018799526065036102,0.010215301997959614
4,0,GCP-Mamba (additive prior),37,0.001869056425574753,0.009329773485660553
4,0,GCP-Mamba (additive prior),38,0.0018154367485463067,0.010683217085897923
4,0,GCP-Mamba (additive prior),39,0.0017382589048119607,0.00982643011957407
4,0,Mamba (additive prior),0,0.0051781197802888024,0.0076876492239534855
4,0,Mamba (additive prior),1,0.004847232084203925,0.007781444117426872
4,0,Mamba (additive prior),2,0.00461693216736118,0.008006900548934937
4,0,Mamba (additive prior),3,0.004296875338897937,0.00858317594975233
4,0,Mamba (additive prior),4,0.003999746646042223,0.008054152131080627
4,0,Mamba (additive prior),5,0.004011851114531358,0.00861094519495964
4,0,Mamba (additive prior),6,0.003837212092346615,0.008832610212266445
4,0,Mamba (additive prior),7,0.0035455012694001198,0.010855606757104397
4,0,Mamba (additive prior),8,0.003265863939843796,0.009215197525918484
4,0,Mamba (additive prior),9,0.003102021334968783,0.009901165030896664
4,0,Mamba (additive prior),10,0.002799150896155172,0.00981222465634346
4,0,Mamba (additive prior),11,0.0026669170043465717,0.009758628904819489
4,0,Mamba (additive prior),12,0.002732810754053019,0.00991479679942131
4,0,Mamba (additive prior),13,0.0024524223559570534,0.009088653139770031
4,0,Mamba (additive prior),14,0.0024511299691059524,0.009777989238500595
4,0,Mamba (additive prior),15,0.0028082634477565684,0.00945452880114317
4,0,Mamba (additive prior),16,0.0031689330245609636,0.009621535427868366
4,0,Mamba (additive prior),17,0.00266352376072771,0.009536541998386383
4,0,Mamba (additive prior),18,0.0027046808628020465,0.010077646002173424
4,0,Mamba (additive prior),19,0.0024807299918460624,0.009490132331848145
4,0,Mamba (additive prior),20,0.00252961251815712,0.009670812636613846
4,0,Mamba (additive prior),21,0.0022220945123721052,0.009567138738930225
4,0,Mamba (additive prior),22,0.0022333363002097167,0.009784757159650326
4,0,Mamba (additive prior),23,0.002229748914639155,0.01039066445082426
4,0,Mamba (additive prior),24,0.00217047233686403,0.00940780434757471
4,0,Mamba (additive prior),25,0.002053131323514713,0.009893573820590973
4,0,Mamba (additive prior),26,0.0019507460356517523,0.010039899498224258
4,0,Mamba (additive prior),27,0.0018541925560889973,0.01023655291646719
4,0,Mamba (additive prior),28,0.0018845275561842653,0.010347127914428711
4,0,Mamba (additive prior),29,0.0018534177646937747,0.010508252307772636
4,0,Mamba (additive prior),30,0.0017611800382534664,0.009857186116278172
4,0,Mamba (additive prior),31,0.0017565441128142454,0.009970770217478275
4,0,Mamba (additive prior),32,0.0016469799145987188,0.01038679014891386
4,0,Mamba (additive prior),33,0.0016645866023652532,0.009996335953474045
4,0,Mamba (additive prior),34,0.0016272791825165903,0.009855191223323345
4,0,Mamba (additive prior),35,0.001578040740073279,0.010224936529994011
4,0,Mamba (additive prior),36,0.0017123481396723677,0.010228607803583145
4,0,Mamba (additive prior),37,0.0018082675222238457,0.010239860974252224
4,0,Mamba (additive prior),38,0.001743574100719006,0.010227683000266552
4,0,Mamba (additive prior),39,0.001655903394782433,0.011490706354379654
5,0,GCP-Mamba,0,0.005130580488454412,0.005092686042189598
5,0,GCP-Mamba,1,0.00482368753809068,0.004948377143591642
5,0,GCP-Mamba,2,0.004688999563869502,0.004878419451415539
5,0,GCP-Mamba,3,0.0045211570363284815,0.0053896415047347546
5,0,GCP-Mamba,4,0.004164623993414419,0.00506416242569685
5,0,GCP-Mamba,5,0.0038262730705793256,0.004912075120955706
5,0,GCP-Mamba,6,0.0035109429585712926,0.005826507229357958
5,0,GCP-Mamba,7,0.0034934816088665415,0.0057693165726959705
5,0,GCP-Mamba,8,0.0031063724352322795,0.005467884708195925
5,0,GCP-Mamba,9,0.0032545208792995523,0.005282955709844828
5,0,GCP-Mamba,10,0.00302867387007508,0.005472090095281601
5,0,GCP-Mamba,11,0.002944534329731983,0.006012484431266785
5,0,GCP-Mamba,12,0.0024938028460989394,0.006271698046475649
5,0,GCP-Mamba,13,0.002325950595722706,0.006303019821643829
5,0,GCP-Mamba,14,0.0023826722711048744,0.00658387178555131
5,0,GCP-Mamba,15,0.0022089798607070137,0.006646991707384586
5,0,GCP-Mamba,16,0.0022117478721257714,0.006515437737107277
5,0,GCP-Mamba,17,0.002001480277006825,0.0066750552505254745
5,0,GCP-Mamba,18,0.00198955735605624,0.0065153371542692184
5,0,GCP-Mamba,19,0.001901704516192829,0.00664778845384717
5,0,GCP-Mamba,20,0.0018652897517852209,0.006731182802468538
5,0,GCP-Mamba,21,0.0018216324280257577,0.00655928673222661
5,0,GCP-Mamba,22,0.0017989960205913693,0.0066170948557555676
5,0,GCP-Mamba,23,0.001776261462105645,0.006447792984545231
5,0,GCP-Mamba,24,0.0018929796319247948,0.0063930233009159565
5,0,GCP-Mamba,25,0.0018671751324156368,0.006209114566445351
5,0,GCP-Mamba,26,0.0018229125567746382,0.006354020442813635
5,0,GCP-Mamba,27,0.0017777432674645549,0.007626644801348448
5,0,GCP-Mamba,28,0.0017163146166475835,0.006850306876003742
5,0,GCP-Mamba,29,0.001838695137175145,0.007144852075725794
5,0,GCP-Mamba,30,0.0017753714712819568,0.007952201180160046
5,0,GCP-Mamba,31,0.0017092026062999611,0.0066947899758815765
5,0,GCP-Mamba,32,0.0016619972539720711,0.006497632712125778
5,0,GCP-Mamba,33,0.0016947963481975927,0.006937514059245586
5,0,GCP-Mamba,34,0.0017037599916673368,0.0067078121937811375
5,0,GCP-Mamba,35,0.001958186634712749,0.006372120697051287
5,0,GCP-Mamba,36,0.0018258413420645175,0.007239608559757471
5,0,GCP-Mamba,37,0.0017563335088737033,0.006384911946952343
5,0,GCP-Mamba,38,0.001785708220537614,0.006883430760353804
5,0,GCP-Mamba,39,0.001612600094328324,0.007668469101190567
5,0,GCP-Mamba (Delta only),0,0.0051036556596281354,0.004781387746334076
5,0,GCP-Mamba (Delta only),1,0.004853436619871193,0.004966366570442915
5,0,GCP-Mamba (Delta only),2,0.004597623798030394,0.005330558866262436
5,0,GCP-Mamba (Delta only),3,0.004307763064625087,0.005965212360024452
5,0,GCP-Mamba (Delta only),4,0.004015386811699028,0.005177952814847231
5,0,GCP-Mamba (Delta only),5,0.004039934180952885,0.005289570894092321
5,0,GCP-Mamba (Delta only),6,0.003423888883036044,0.005870855413377285
5,0,GCP-Mamba (Delta only),7,0.0032675340426740825,0.00528209051117301
5,0,GCP-Mamba (Delta only),8,0.002993000654020795,0.00555770518258214
5,0,GCP-Mamba (Delta only),9,0.0029761597979813814,0.005537847988307476
5,0,GCP-Mamba (Delta only),10,0.002595445089456108,0.006469834595918655
5,0,GCP-Mamba (Delta only),11,0.0025283064762199364,0.006490991450846195
5,0,GCP-Mamba (Delta only),12,0.002335199793041856,0.006392028648406267
5,0,GCP-Mamba (Delta only),13,0.002219866029918194,0.006212691310793161
5,0,GCP-Mamba (Delta only),14,0.0021401462490083993,0.00654981005936861
5,0,GCP-Mamba (Delta only),15,0.002074329855127467,0.006727361585944891
5,0,GCP-Mamba (Delta only),16,0.0020087962125048594,0.006309682037681341
5,0,GCP-Mamba (Delta only),17,0.002217283368938499,0.006387040484696627
5,0,GCP-Mamba (Delta only),18,0.0021127211792325534,0.006042383145540953
5,0,GCP-Mamba (Delta only),19,0.0020905509418635455,0.0063811796717345715
5,0,GCP-Mamba (Delta only),20,0.002170223440905964,0.00732292840257287
5,0,GCP-Mamba (Delta only),21,0.002303066284016327,0.00645763985812664
5,0,GCP-Mamba (Delta only),22,0.002963194882290231,0.006163863930851221
5,0,GCP-Mamba (Delta only),23,0.0023661461848489664,0.0071769049391150475
5,0,GCP-Mamba (Delta only),24,0.0027241781181483356,0.006108134984970093
5,0,GCP-Mamba (Delta only),25,0.002260141160891012,0.006154469680041075
5,0,GCP-Mamba (Delta only),26,0.002117909525555593,0.006621269974857569
5,0,GCP-Mamba (Delta only),27,0.001845267756531636,0.006962027866393328
5,0,GCP-Mamba (Delta only),28,0.0018605582967952446,0.006678430363535881
5,0,GCP-Mamba (Delta only),29,0.001748605821005724,0.006504981778562069
5,0,GCP-Mamba (Delta only),30,0.0016763505646614012,0.006633426528424025
5,0,GCP-Mamba (Delta only),31,0.0016078694671806362,0.006518061272799969
5,0,GCP-Mamba (Delta only),32,0.0015573633006877368,0.006482815369963646
5,0,GCP-Mamba (Delta only),33,0.001599065830103225,0.006330783013254404
5,0,GCP-Mamba (Delta only),34,0.0015447004353282628,0.00675877695903182
5,0,GCP-Mamba (Delta only),35,0.0015211896798400968,0.006443168502300978
5,0,GCP-Mamba (Delta only),36,0.001543383092481505,0.006224076729267836
5,0,GCP-Mamba (Delta only),37,0.0014825169906813513,0.006389426067471504
5,0,GCP-Mamba (Delta only),38,0.001492410035872901,0.006557181943207979
5,0,GCP-Mamba (Delta only),39,0.0014373382458601285,0.006507304962724447
5,0,GCP-Mamba (perm. graph),0,0.005128326937901201,0.0049384888261556625
5,0,GCP-Mamba (perm. graph),1,0.004801160966356595,0.004840183071792126
5,0,GCP-Mamba (perm. graph),2,0.00465284385373471,0.004909534007310867
5,0,GCP-Mamba (perm. graph),3,0.004442946381728958,0.005674762651324272
5,0,GCP-Mamba (perm. graph),4,0.004119009900562189,0.005030411295592785
5,0,GCP-Mamba (perm. graph),5,0.0038002876875301204,0.004981169011443853
5,0,GCP-Mamba (perm. graph),6,0.003432450833281985,0.005788667593151331
5,0,GCP-Mamba (perm. graph),7,0.0033913051744026168,0.005754384212195873
5,0,GCP-Mamba (perm. graph),8,0.0030477178817683898,0.005556950811296701
5,0,GCP-Mamba (perm. graph),9,0.003132868092507124,0.005753535311669111
5,0,GCP-Mamba (perm. graph),10,0.0031488230193240773,0.005733279976993799
5,0,GCP-Mamba (perm. graph),11,0.003046753548982519,0.00606145802885294
5,0,GCP-Mamba (perm. graph),12,0.0025807084274236804,0.0065444111824035645
5,0,GCP-Mamba (perm. graph),13,0.002504452700830168,0.00628447812050581
5,0,GCP-Mamba (perm. graph),14,0.0025242133048811446,0.0059221298433840275
5,0,GCP-Mamba (perm. graph),15,0.0022361543443467882,0.005900901276618242
5,0,GCP-Mamba (perm. graph),16,0.002188540020681642,0.0062354449182748795
5,0,GCP-Mamba (perm. graph),17,0.0019858480017218324,0.006448583211749792
5,0,GCP-Mamba (perm. graph),18,0.0019367349213334146,0.006662847474217415
5,0,GCP-Mamba (perm. graph),19,0.0018571305726827294,0.006901648826897144
5,0,GCP-Mamba (perm. graph),20,0.0018706667340464061,0.006796855013817549
5,0,GCP-Mamba (perm. graph),21,0.0018010862490714149,0.006741551216691732
5,0,GCP-Mamba (perm. graph),22,0.0017360895613415374,0.006702929735183716
5,0,GCP-Mamba (perm. graph),23,0.0017596892236421506,0.006579072214663029
5,0,GCP-Mamba (perm. graph),24,0.0018904258160748416,0.006442906800657511
5,0,GCP-Mamba (perm. graph),25,0.0018362184141383128,0.006276697851717472
5,0,GCP-Mamba (perm. graph),26,0.0017806970195292874,0.006444679107517004
5,0,GCP-Mamba (perm. graph),27,0.0017676465321090763,0.007594200316816568
5,0,GCP-Mamba (perm. graph),28,0.0017264061564303658,0.006802472285926342
5,0,GCP-Mamba (perm. graph),29,0.0018504752898243842,0.00685224449262023
5,0,GCP-Mamba (perm. graph),30,0.0017092379448176533,0.008278287015855312
5,0,GCP-Mamba (perm. graph),31,0.001781978825521138,0.006957609672099352
5,0,GCP-Mamba (perm. graph),32,0.0017555705357894854,0.006398423574864864
5,0,GCP-Mamba (perm. graph),33,0.0017184010034220086,0.00707187270745635
5,0,GCP-Mamba (perm. graph),34,0.0019616656893588326,0.0062513514421880245
5,0,GCP-Mamba (perm. graph),35,0.002114085230493435,0.006002236623317003
5,0,GCP-Mamba (perm. graph),36,0.0018539538658741447,0.006807652767747641
5,0,GCP-Mamba (perm. graph),37,0.0018171047364982467,0.006937601137906313
5,0,GCP-Mamba (perm. graph),38,0.001620154551885746,0.006912099197506905
5,0,GCP-Mamba (perm. graph),39,0.001555404246405319,0.0072686392813920975
5,0,GCP-Mamba (random order),0,0.005111301145343868,0.005242917686700821
5,0,GCP-Mamba (random order),1,0.0048503318663548544,0.005011925008147955
5,0,GCP-Mamba (random order),2,0.004715231057532408,0.004663536325097084
5,0,GCP-Mamba (random order),3,0.004539194059799667,0.004794635344296694
5,0,GCP-Mamba (random order),4,0.00428500317071599,0.0049329232424497604
5,0,GCP-Mamba (random order),5,0.0038349852828239955,0.004967078100889921
5,0,GCP-Mamba (random order),6,0.0035451489966362715,0.005534936673939228
5,0,GCP-Mamba (random order),7,0.0031506543875568444,0.00595645047724247
5,0,GCP-Mamba (random order),8,0.003421275829033995,0.005876570008695126
5,0,GCP-Mamba (random order),9,0.0035087800308786056,0.0054644313640892506
5,0,GCP-Mamba (random order),10,0.00334972130238182,0.005472606513649225
5,0,GCP-Mamba (random order),11,0.003354857822328254,0.005477751139551401
5,0,GCP-Mamba (random order),12,0.002711704018077365,0.0055086854845285416
5,0,GCP-Mamba (random order),13,0.002503120909548468,0.005755513906478882
5,0,GCP-Mamba (random order),14,0.002365939094926472,0.006141749210655689
5,0,GCP-Mamba (random order),15,0.002206881444349333,0.00685172900557518
5,0,GCP-Mamba (random order),16,0.0020800498917836834,0.006525402422994375
5,0,GCP-Mamba (random order),17,0.0019491773607485273,0.006259445566684008
5,0,GCP-Mamba (random order),18,0.0019582001733835096,0.005989671219140291
5,0,GCP-Mamba (random order),19,0.001889089570829162,0.006134078372269869
5,0,GCP-Mamba (random order),20,0.0018429176847415943,0.006279212888330221
5,0,GCP-Mamba (random order),21,0.0018043745076283813,0.006856218446046114
5,0,GCP-Mamba (random order),22,0.0017993777162498897,0.006548771634697914
5,0,GCP-Mamba (random order),23,0.0018273385379601408,0.006218571215867996
5,0,GCP-Mamba (random order),24,0.0019701671165724597,0.00634763902053237
5,0,GCP-Mamba (random order),25,0.0018890990134052656,0.0062286388128995895
5,0,GCP-Mamba (random order),26,0.0018224311966655983,0.006142964120954275
5,0,GCP-Mamba (random order),27,0.001745184833891,0.006650818977504969
5,0,GCP-Mamba (random order),28,0.0017116628673479514,0.00647527864202857
5,0,GCP-Mamba (random order),29,0.001727867509341902,0.006216170731931925
5,0,GCP-Mamba (random order),30,0.0016333980192602784,0.006063106004148722
5,0,GCP-Mamba (random order),31,0.0016000265669491556,0.005915203597396612
5,0,GCP-Mamba (random order),32,0.001631023500252653,0.006222513038665056
5,0,GCP-Mamba (random order),33,0.0016272671529333348,0.00662161223590374
5,0,GCP-Mamba (random order),34,0.0017019004164332593,0.006761973258107901
5,0,GCP-Mamba (random order),35,0.0017779689299425594,0.006973211653530598
5,0,GCP-Mamba (random order),36,0.001764791146679609,0.006742924451828003
5,0,GCP-Mamba (random order),37,0.0017906205590676378,0.006409395020455122
5,0,GCP-Mamba (random order),38,0.0017466197324985707,0.006151908542960882
5,0,GCP-Mamba (random order),39,0.0016427020525076874,0.006564514711499214
5,0,Mamba (no graph),0,0.005126661517553859,0.004783700220286846
5,0,Mamba (no graph),1,0.005014641201813464,0.005056805443018675
5,0,Mamba (no graph),2,0.004724997199243969,0.004740079399198294
5,0,Mamba (no graph),3,0.004535499235822095,0.004611236043274403
5,0,Mamba (no graph),4,0.004310668308149885,0.0046415482647717
5,0,Mamba (no graph),5,0.003909746689411501,0.005047034006565809
5,0,Mamba (no graph),6,0.0036320358394058764,0.0052564567886292934
5,0,Mamba (no graph),7,0.004045639100863978,0.006058142054826021
5,0,Mamba (no graph),8,0.003497665506546144,0.005616514943540096
5,0,Mamba (no graph),9,0.003256930831681799,0.006097303703427315
5,0,Mamba (no graph),10,0.002905690947685529,0.007484761998057365
5,0,Mamba (no graph),11,0.0032147206366062164,0.0077942353673279285
5,0,Mamba (no graph),12,0.0030815461736724333,0.006193422246724367
5,0,Mamba (no graph),13,0.0033787788512806096,0.005888779181987047
5,0,Mamba (no graph),14,0.003112146536026288,0.0060507007874548435
5,0,Mamba (no graph),15,0.002740747691994464,0.005947799421846867
5,0,Mamba (no graph),16,0.002585660235059482,0.00598785700276494
5,0,Mamba (no graph),17,0.002260288102897229,0.005833479110151529
5,0,Mamba (no graph),18,0.0021934220222411334,0.00629483163356781
5,0,Mamba (no graph),19,0.0021251105591309845,0.006025067530572414
5,0,Mamba (no graph),20,0.002007754821399296,0.006328674033284187
5,0,Mamba (no graph),21,0.002102958262656574,0.006042326334863901
5,0,Mamba (no graph),22,0.002653942305456709,0.0061454083770513535
5,0,Mamba (no graph),23,0.002250959958743166,0.005981324706226587
5,0,Mamba (no graph),24,0.0022262436148055174,0.0060690767131745815
5,0,Mamba (no graph),25,0.0020240259753471174,0.005829257424920797
5,0,Mamba (no graph),26,0.0019247610190952266,0.006260169669985771
5,0,Mamba (no graph),27,0.0019039496201676903,0.006005849689245224
5,0,Mamba (no graph),28,0.0017701871175732878,0.005717945750802755
5,0,Mamba (no graph),29,0.001733030809124035,0.006034913472831249
5,0,Mamba (no graph),30,0.001788282387510494,0.005960256326943636
5,0,Mamba (no graph),31,0.0017552159002257718,0.006058365106582642
5,0,Mamba (no graph),32,0.0017337271840208108,0.00598963163793087
5,0,Mamba (no graph),33,0.0016853398884888048,0.006131303962320089
5,0,Mamba (no graph),34,0.0016769440672187894,0.006012719124555588
5,0,Mamba (no graph),35,0.0016192278255605036,0.006277257110923529
5,0,Mamba (no graph),36,0.001588757443069308,0.0061071873642504215
5,0,Mamba (no graph),37,0.0016509267303195815,0.006135731004178524
5,0,Mamba (no graph),38,0.0015630481109299042,0.006250269711017609
5,0,Mamba (no graph),39,0.0015641400133501048,0.006083094980567694
5,0,Graph-MLP (no scan),0,0.005641212980090468,0.005007137544453144
5,0,Graph-MLP (no scan),1,0.005150124982551292,0.0048512122593820095
5,0,Graph-MLP (no scan),2,0.004833288689109462,0.0054354434832930565
5,0,Graph-MLP (no scan),3,0.004718527939446547,0.005417186766862869
5,0,Graph-MLP (no scan),4,0.004444403435896944,0.004875956103205681
5,0,Graph-MLP (no scan),5,0.004169566712031762,0.004915110766887665
5,0,Graph-MLP (no scan),6,0.003829545617379524,0.004913569428026676
5,0,Graph-MLP (no scan),7,0.003609582178156685,0.0054152291268110275
5,0,Graph-MLP (no scan),8,0.003321410105046299,0.006262569688260555
5,0,Graph-MLP (no scan),9,0.0032658684239895257,0.005678083747625351
5,0,Graph-MLP (no scan),10,0.003017483727523574,0.0055008986964821815
5,0,Graph-MLP (no scan),11,0.0030247945924875915,0.005095208063721657
5,0,Graph-MLP (no scan),12,0.0026746445585525145,0.005474200937896967
5,0,Graph-MLP (no scan),13,0.002528075870402433,0.0064937518909573555
5,0,Graph-MLP (no scan),14,0.002564615544138683,0.005756505765020847
5,0,Graph-MLP (no scan),15,0.0027892235752747015,0.0055981469340622425
5,0,Graph-MLP (no scan),16,0.0023294327073489075,0.005811265669763088
5,0,Graph-MLP (no scan),17,0.0022881667008968413,0.005791102536022663
5,0,Graph-MLP (no scan),18,0.0020131348304588486,0.006098787300288677
5,0,Graph-MLP (no scan),19,0.00211649296236121,0.006787467282265425
5,0,Graph-MLP (no scan),20,0.0019898785243707673,0.006643007509410381
5,0,Graph-MLP (no scan),21,0.0019179261720704813,0.00625999178737402
5,0,Graph-MLP (no scan),22,0.0019755790148068358,0.006222937721759081
5,0,Graph-MLP (no scan),23,0.0018750757444649935,0.006443532649427652
5,0,Graph-MLP (no scan),24,0.0019194592928720845,0.0066668507643043995
5,0,Graph-MLP (no scan),25,0.0021454322203579876,0.006940488703548908
5,0,Graph-MLP (no scan),26,0.0021593568035987794,0.006387725938111544
5,0,Graph-MLP (no scan),27,0.002209179957086841,0.006214147433638573
5,0,Graph-MLP (no scan),28,0.002077239358590709,0.006163898855447769
5,0,Graph-MLP (no scan),29,0.0019099598802212211,0.0063036479987204075
5,0,Graph-MLP (no scan),30,0.0017812990893920262,0.006678404286503792
5,0,Graph-MLP (no scan),31,0.001763644524746471,0.0062149143777787685
5,0,Graph-MLP (no scan),32,0.0017628258361515623,0.006070807576179504
5,0,Graph-MLP (no scan),33,0.0016941118498194825,0.006016170140355825
5,0,Graph-MLP (no scan),34,0.0016847137335894837,0.006260319612920284
5,0,Graph-MLP (no scan),35,0.0017362460278457514,0.006401431281119585
5,0,Graph-MLP (no scan),36,0.0017435435222944728,0.005978713743388653
5,0,Graph-MLP (no scan),37,0.0016984256540632083,0.0066552963107824326
5,0,Graph-MLP (no scan),38,0.001767653437262332,0.006369271315634251
5,0,Graph-MLP (no scan),39,0.0017786620624570383,0.006511371117085218
5,0,"GCP-Mamba (Delta only, w_c~N(0,1))",0,0.00510218396299967,0.004778849892318249
5,0,"GCP-Mamba (Delta only, w_c~N(0,1))",1,0.004854930978682306,0.00496651791036129
5,0,"GCP-Mamba (Delta only, w_c~N(0,1))",2,0.004598857041586329,0.005328069441020489
5,0,"GCP-Mamba (Delta only, w_c~N(0,1))",3,0.004308983907793407,0.005974688101559877
5,0,"GCP-Mamba (Delta only, w_c~N(0,1))",4,0.004018984303844196,0.005142985377460718
5,0,"GCP-Mamba (Delta only, w_c~N(0,1))",5,0.0040266267282681335,0.005273382179439068
5,0,"GCP-Mamba (Delta only, w_c~N(0,1))",6,0.0034222344402223825,0.005839482415467501
5,0,"GCP-Mamba (Delta only, w_c~N(0,1))",7,0.0032628843543568145,0.005318665411323309
5,0,"GCP-Mamba (Delta only, w_c~N(0,1))",8,0.002955116728251731,0.005572240334004164
5,0,"GCP-Mamba (Delta only, w_c~N(0,1))",9,0.003003165479404507,0.005507021676748991
5,0,"GCP-Mamba (Delta only, w_c~N(0,1))",10,0.0025867047823137706,0.006506113335490227
5,0,"GCP-Mamba (Delta only, w_c~N(0,1))",11,0.002561681696938144,0.006368414033204317
5,0,"GCP-Mamba (Delta only, w_c~N(0,1))",12,0.0023395775437906937,0.006290516350418329
5,0,"GCP-Mamba (Delta only, w_c~N(0,1))",13,0.002237794368907257,0.006172376684844494
5,0,"GCP-Mamba (Delta only, w_c~N(0,1))",14,0.002140827080303872,0.006438393145799637
5,0,"GCP-Mamba (Delta only, w_c~N(0,1))",15,0.0020758081486241687,0.00674029067158699
5,0,"GCP-Mamba (Delta only, w_c~N(0,1))",16,0.0020375113537604056,0.006235355045646429
5,0,"GCP-Mamba (Delta only, w_c~N(0,1))",17,0.0022282629808479987,0.006429568398743868
5,0,"GCP-Mamba (Delta only, w_c~N(0,1))",18,0.002200877406048002,0.006048380862921476
5,0,"GCP-Mamba (Delta only, w_c~N(0,1))",19,0.00208166860802858,0.006417372729629278
5,0,"GCP-Mamba (Delta only, w_c~N(0,1))",20,0.002043782905847938,0.007068177685141563
5,0,"GCP-Mamba (Delta only, w_c~N(0,1))",21,0.002193293930893695,0.006508697755634785
5,0,"GCP-Mamba (Delta only, w_c~N(0,1))",22,0.0027052167527101658,0.006235211156308651
5,0,"GCP-Mamba (Delta only, w_c~N(0,1))",23,0.002219622790882433,0.007269849069416523
5,0,"GCP-Mamba (Delta only, w_c~N(0,1))",24,0.0024921885450129157,0.005990952719002962
5,0,"GCP-Mamba (Delta only, w_c~N(0,1))",25,0.002213047028312253,0.006376935634762049
5,0,"GCP-Mamba (Delta only, w_c~N(0,1))",26,0.002043148037046194,0.006796832196414471
5,0,"GCP-Mamba (Delta only, w_c~N(0,1))",27,0.0018362897681072354,0.0067800614051520824
5,0,"GCP-Mamba (Delta only, w_c~N(0,1))",28,0.0018374086702587428,0.006765610538423061
5,0,"GCP-Mamba (Delta only, w_c~N(0,1))",29,0.0017495683170165176,0.00665219034999609
5,0,"GCP-Mamba (Delta only, w_c~N(0,1))",30,0.0016701102938020118,0.006702775601297617
5,0,"GCP-Mamba (Delta only, w_c~N(0,1))",31,0.001615539602762847,0.006507344078272581
5,0,"GCP-Mamba (Delta only, w_c~N(0,1))",32,0.001538555267163449,0.0064567443914711475
5,0,"GCP-Mamba (Delta only, w_c~N(0,1))",33,0.0015756680664640885,0.0064756120555102825
5,0,"GCP-Mamba (Delta only, w_c~N(0,1))",34,0.0015238484333234806,0.006858768407255411
5,0,"GCP-Mamba (Delta only, w_c~N(0,1))",35,0.0015034374815446358,0.006523344200104475
5,0,"GCP-Mamba (Delta only, w_c~N(0,1))",36,0.0015271040093567637,0.00629580719396472
5,0,"GCP-Mamba (Delta only, w_c~N(0,1))",37,0.001453169024359711,0.00642176391556859
5,0,"GCP-Mamba (Delta only, w_c~N(0,1))",38,0.0014720568778338256,0.006595192477107048
5,0,"GCP-Mamba (Delta only, w_c~N(0,1))",39,0.001429995802162146,0.006561080925166607
5,0,GCP-Mamba (additive prior),0,0.0051305625777415655,0.0050925095565617085
5,0,GCP-Mamba (additive prior),1,0.0048236896594365435,0.004948086105287075
5,0,GCP-Mamba (additive prior),2,0.004689011231271757,0.00487801106646657
5,0,GCP-Mamba (additive prior),3,0.004521176529427369,0.005389227997511625
5,0,GCP-Mamba (additive prior),4,0.004164669360896504,0.0050636641681194305
5,0,GCP-Mamba (additive prior),5,0.0038263538196958878,0.004911625757813454
5,0,GCP-Mamba (additive prior),6,0.0035109898178941673,0.005826116073876619
5,0,GCP-Mamba (additive prior),7,0.003493664708609382,0.005768670700490475
5,0,GCP-Mamba (additive prior),8,0.003106474328820628,0.005467497743666172
5,0,GCP-Mamba (additive prior),9,0.003254626273970913,0.005282701458781958
5,0,GCP-Mamba (additive prior),10,0.0030285697602839383,0.005471669603139162
5,0,GCP-Mamba (additive prior),11,0.0029444985859165035,0.006012606900185347
5,0,GCP-Mamba (additive prior),12,0.0024937915495010436,0.006270995829254389
5,0,GCP-Mamba (additive prior),13,0.0023259339440200063,0.006302117835730314
5,0,GCP-Mamba (additive prior),14,0.0023826708654976552,0.006582797970622778
5,0,GCP-Mamba (additive prior),15,0.0022090454499616666,0.006645506713539362
5,0,GCP-Mamba (additive prior),16,0.00221165519690624,0.006514866836369038
5,0,GCP-Mamba (additive prior),17,0.0020015657905282248,0.006674870848655701
5,0,GCP-Mamba (additive prior),18,0.0019896817652301658,0.006514714565128088
5,0,GCP-Mamba (additive prior),19,0.0019018254587771716,0.0066473945043981075
5,0,GCP-Mamba (additive prior),20,0.001865320131872539,0.006730683613568544
5,0,GCP-Mamba (additive prior),21,0.001821583227461411,0.006558084394782782
5,0,GCP-Mamba (additive prior),22,0.0017991002252394403,0.006615934893488884
5,0,GCP-Mamba (additive prior),23,0.0017762988443589872,0.006446821615099907
5,0,GCP-Mamba (additive prior),24,0.0018928990854571264,0.006393340416252613
5,0,GCP-Mamba (additive prior),25,0.00186732678277487,0.006207338999956846
5,0,GCP-Mamba (additive prior),26,0.0018229563375590024,0.006352324970066547
5,0,GCP-Mamba (additive prior),27,0.0017779240626151914,0.0076248180121183395
5,0,GCP-Mamba (additive prior),28,0.0017162912947781108,0.006849296391010284
5,0,GCP-Mamba (additive prior),29,0.001838585568798913,0.007146020419895649
5,0,GCP-Mamba (additive prior),30,0.0017755333144493677,0.007952399551868439
5,0,GCP-Mamba (additive prior),31,0.001709105321896021,0.006694409996271133
5,0,GCP-Mamba (additive prior),32,0.0016617639490437727,0.0064963409677147865
5,0,GCP-Mamba (additive prior),33,0.0016946052201092243,0.006935993675142527
5,0,GCP-Mamba (additive prior),34,0.0017033339202128074,0.006706285756081343
5,0,GCP-Mamba (additive prior),35,0.0019575879840111293,0.006371993105858564
5,0,GCP-Mamba (additive prior),36,0.0018263884164668896,0.007236415520310402
5,0,GCP-Mamba (additive prior),37,0.0017557700630277395,0.006383143365383148
5,0,GCP-Mamba (additive prior),38,0.001785764910487665,0.006882960442453623
5,0,GCP-Mamba (additive prior),39,0.0016130316761080866,0.007663576398044825
5,0,Mamba (additive prior),0,0.005126679247176206,0.004783536773175001
5,0,Mamba (additive prior),1,0.0050146411931901065,0.005056539084762335
5,0,Mamba (additive prior),2,0.004724999130875976,0.0047397306188941
5,0,Mamba (additive prior),3,0.004535518784972804,0.00461086630821228
5,0,Mamba (additive prior),4,0.004310692160355824,0.004641089588403702
5,0,Mamba (additive prior),5,0.003909744184326242,0.005047072656452656
5,0,Mamba (additive prior),6,0.0036322737405835477,0.0052561769261956215
5,0,Mamba (additive prior),7,0.004047480308347278,0.006056034471839666
5,0,Mamba (additive prior),8,0.0034979847949688082,0.005621172487735748
5,0,Mamba (additive prior),9,0.003257388654337437,0.0061003779992461205
5,0,Mamba (additive prior),10,0.002907502740897514,0.007456368766725063
5,0,Mamba (additive prior),11,0.003200385478083734,0.007773499935865402
5,0,Mamba (additive prior),12,0.003071454905525402,0.006196537055075169
5,0,Mamba (additive prior),13,0.0033874155746565927,0.005888636689633131
5,0,Mamba (additive prior),14,0.003110686075632219,0.006061609834432602
5,0,Mamba (additive prior),15,0.002747667681736251,0.005956717766821384
5,0,Mamba (additive prior),16,0.00258906794436,0.005986412987112999
5,0,Mamba (additive prior),17,0.0022630830191903645,0.005830141715705395
5,0,Mamba (additive prior),18,0.002195662219525763,0.006289743352681398
5,0,Mamba (additive prior),19,0.002126569096516404,0.006021040957421064
5,0,Mamba (additive prior),20,0.002009838897113999,0.006327364593744278
5,0,Mamba (additive prior),21,0.0021073676525028766,0.0060411617159843445
5,0,Mamba (additive prior),22,0.002658535605641427,0.006145475432276726
5,0,Mamba (additive prior),23,0.002251791353854868,0.005979436449706554
5,0,Mamba (additive prior),24,0.0022281747768391614,0.006072125397622585
5,0,Mamba (additive prior),25,0.002024938110952024,0.0058319480158388615
5,0,Mamba (additive prior),26,0.0019251496306861991,0.006260145455598831
5,0,Mamba (additive prior),27,0.0019022545139132827,0.006007826887071133
5,0,Mamba (additive prior),28,0.00176846105777831,0.005718745291233063
5,0,Mamba (additive prior),29,0.0017323744983446818,0.006031814496964216
5,0,Mamba (additive prior),30,0.0017857056938939625,0.00596097856760025
5,0,Mamba (additive prior),31,0.0017543161046449786,0.006060906685888767
5,0,Mamba (additive prior),32,0.0017323343609287232,0.005992988124489784
5,0,Mamba (additive prior),33,0.0016847977207766639,0.006133830640465021
5,0,Mamba (additive prior),34,0.0016763490210804674,0.006014429498463869
5,0,Mamba (additive prior),35,0.0016192914831831499,0.00627771345898509
5,0,Mamba (additive prior),36,0.001588130900118914,0.0061081829480826855
5,0,Mamba (additive prior),37,0.0016512305225694069,0.0061390092596411705
5,0,Mamba (additive prior),38,0.0015628178931634735,0.006254157517105341
5,0,Mamba (additive prior),39,0.0015630273027690473,0.006085832603275776
