seed,rep,model,epoch,train,val
1,0,GCP-Mamba,0,0.0036390833101113,0.0037288973107934
1,0,GCP-Mamba,1,0.0034587570344624,0.003584167221561
1,0,GCP-Mamba,2,0.0032730390869445,0.0035184535663574
1,0,GCP-Mamba,3,0.0031051974848209,0.0034588219132274
1,0,GCP-Mamba,4,0.0028981948035188,0.0035790691617876
1,0,GCP-Mamba,5,0.0027945131886804,0.0036122493911534
1,0,GCP-Mamba,6,0.0024434423438556,0.0036503328010439
1,0,GCP-Mamba,7,0.0026818674894562,0.0049664825201034
1,0,GCP-Mamba,8,0.003197110553299,0.0039674122817814
1,0,GCP-Mamba,9,0.0026872511826577,0.0036578811705112
1,0,GCP-Mamba,10,0.002247885034919,0.003652264131233
1,0,GCP-Mamba,11,0.0020838282071053,0.0037712214980274
1,0,GCP-Mamba,12,0.0020172252037994,0.0036651354748755
1,0,GCP-Mamba,13,0.0021433636843078,0.0037997409235686
1,0,GCP-Mamba,14,0.0021393865083708,0.0033014768268913
1,0,GCP-Mamba,15,0.0018930030797702,0.0036504373420029
1,0,GCP-Mamba,16,0.0017812880518697,0.0035739846061915
1,0,GCP-Mamba,17,0.0018670738040321,0.0034433596301823
1,0,GCP-Mamba,18,0.0018235274997161,0.0033270420972257
1,0,GCP-Mamba,19,0.0018434126243886,0.0036587128415703
1,0,GCP-Mamba,20,0.0017667306263161,0.0035911919549107
1,0,GCP-Mamba,21,0.0019152406856174,0.0040791505016386
1,0,GCP-Mamba,22,0.0021059996603677,0.0035796295851469
1,0,GCP-Mamba,23,0.00185638182945,0.0035393924918025
1,0,GCP-Mamba,24,0.0017194534403919,0.0032663259189575
1,0,GCP-Mamba,25,0.0016648477247909,0.0035513394977897
1,0,GCP-Mamba,26,0.0015551718761739,0.0034129917621612
1,0,GCP-Mamba,27,0.0015274552034511,0.0034604168031364
1,0,GCP-Mamba,28,0.0014774225048207,0.0030417595990002
1,0,GCP-Mamba,29,0.0014930306832589,0.0033890011254698
1,0,GCP-Mamba,30,0.0015047679257079,0.0035065342672169
1,0,GCP-Mamba,31,0.0014730216732815,0.004201391711831
1,0,GCP-Mamba,32,0.0018771432637088,0.003412467893213
1,0,GCP-Mamba,33,0.0018584509700725,0.0035544671118259
1,0,GCP-Mamba,34,0.0018463091911289,0.0032025147229433
1,0,GCP-Mamba,35,0.0019632049387428,0.0030901397112756
1,0,GCP-Mamba,36,0.0015974548118917,0.0035852533765137
1,0,GCP-Mamba,37,0.0016613697592654,0.0036424312274903
1,0,GCP-Mamba,38,0.0015628056708669,0.0042022075504064
1,0,GCP-Mamba,39,0.0015265299319424,0.0034071721602231
1,0,GCP-Mamba,40,0.0014677788502118,0.0037034687120467
1,0,GCP-Mamba,41,0.0013660586108386,0.0034496751613914
1,0,GCP-Mamba,42,0.0013418036464102,0.0031555071473121
1,0,GCP-Mamba,43,0.0012573946682412,0.003158830339089
1,0,GCP-Mamba (Delta only),0,0.0036228063644544,0.0036772359162569
1,0,GCP-Mamba (Delta only),1,0.0035086526953871,0.0036628223024308
1,0,GCP-Mamba (Delta only),2,0.0034167549076854,0.0035581684205681
1,0,GCP-Mamba (Delta only),3,0.0032777577415918,0.0035429652780294
1,0,GCP-Mamba (Delta only),4,0.0031391143110459,0.0036752233281731
1,0,GCP-Mamba (Delta only),5,0.002953496884784,0.0034026333596557
1,0,GCP-Mamba (Delta only),6,0.0027100405001176,0.0035366001538932
1,0,GCP-Mamba (Delta only),7,0.002555818543297,0.0033181118778884
1,0,GCP-Mamba (Delta only),8,0.0029423658590952,0.0032993408385664
1,0,GCP-Mamba (Delta only),9,0.0025948681902356,0.0032759583555161
1,0,GCP-Mamba (Delta only),10,0.0023711636136083,0.0030950696673244
1,0,GCP-Mamba (Delta only),11,0.0021537476020149,0.0032554259523749
1,0,GCP-Mamba (Delta only),12,0.0020578675194764,0.0032227628398686
1,0,GCP-Mamba (Delta only),13,0.0018968319037821,0.0029418629128485
1,0,GCP-Mamba (Delta only),14,0.0019531245022823,0.0035037950146943
1,0,GCP-Mamba (Delta only),15,0.0028626850343889,0.0031726104207336
1,0,GCP-Mamba (Delta only),16,0.0024223300371912,0.0031878298614174
1,0,GCP-Mamba (Delta only),17,0.0021087981834737,0.0029584520962089
1,0,GCP-Mamba (Delta only),18,0.0018205931106501,0.0031468493398278
1,0,GCP-Mamba (Delta only),19,0.0017100913936029,0.0032442566007375
1,0,GCP-Mamba (Delta only),20,0.0016952711511808,0.0029827784746885
1,0,GCP-Mamba (Delta only),21,0.0016293449806508,0.0030039483681321
1,0,GCP-Mamba (Delta only),22,0.0016099158741965,0.0030309646390378
1,0,GCP-Mamba (Delta only),23,0.0015702558229204,0.0028222014661878
1,0,GCP-Mamba (Delta only),24,0.0016294274507832,0.0029655906837433
1,0,GCP-Mamba (Delta only),25,0.0016792939834134,0.0031418695580214
1,0,GCP-Mamba (Delta only),26,0.0015030866286352,0.0027197082526981
1,0,GCP-Mamba (Delta only),27,0.0014155357468711,0.0028055319562554
1,0,GCP-Mamba (Delta only),28,0.0014299061216845,0.0030644207727164
1,0,GCP-Mamba (Delta only),29,0.0014440074843098,0.0027759890072047
1,0,GCP-Mamba (Delta only),30,0.0014752342595138,0.0028807464987039
1,0,GCP-Mamba (Delta only),31,0.0015326227125563,0.0030120334122329
1,0,GCP-Mamba (Delta only),32,0.0015911036947121,0.0028084362857043
1,0,GCP-Mamba (Delta only),33,0.0016012046320795,0.0030987635254859
1,0,GCP-Mamba (Delta only),34,0.0019531397543766,0.0028508186805993
1,0,GCP-Mamba (Delta only),35,0.001607234188207,0.002693774877116
1,0,GCP-Mamba (Delta only),36,0.0014276106679893,0.0027132884133607
1,0,GCP-Mamba (Delta only),37,0.0013099299116141,0.002605436136946
1,0,GCP-Mamba (Delta only),38,0.0013329104142452,0.0027838083915412
1,0,GCP-Mamba (Delta only),39,0.0016711785009238,0.0030818083323538
1,0,GCP-Mamba (Delta only),40,0.001836353038991,0.002732157241553
1,0,GCP-Mamba (Delta only),41,0.0014607841891331,0.0026381853967905
1,0,GCP-Mamba (Delta only),42,0.0012787442310186,0.0026880193036049
1,0,GCP-Mamba (Delta only),43,0.0011918821280984,0.0027737382333725
1,0,GCP-Mamba (Delta only),44,0.001167632390971,0.0028450870886445
1,0,GCP-Mamba (Delta only),45,0.0011366281398585,0.0025862529873847
1,0,GCP-Mamba (Delta only),46,0.0012562056291389,0.0026521063409745
1,0,GCP-Mamba (Delta only),47,0.0013489043129189,0.0026378277689218
1,0,GCP-Mamba (Delta only),48,0.0014157031006449,0.0027028480544686
1,0,GCP-Mamba (Delta only),49,0.001173234890566,0.0027337335050106
1,0,GCP-Mamba (Delta only),50,0.0012638482410271,0.0026710098609328
1,0,GCP-Mamba (Delta only),51,0.0011728800760676,0.0025390270166099
1,0,GCP-Mamba (Delta only),52,0.0011259647081201,0.0026121488772332
1,0,GCP-Mamba (Delta only),53,0.0010749078794396,0.0026650289073586
1,0,GCP-Mamba (Delta only),54,0.0010929457114442,0.0026006179396063
1,0,GCP-Mamba (Delta only),55,0.0011596656522538,0.002634898526594
1,0,GCP-Mamba (Delta only),56,0.0010680001114319,0.0025833854451775
1,0,GCP-Mamba (Delta only),57,0.0010998592985308,0.0029137479141354
1,0,GCP-Mamba (Delta only),58,0.0010976407017248,0.0025868646334856
1,0,GCP-Mamba (Delta only),59,0.0011290656714835,0.002800399903208
1,0,GCP-Mamba (Delta only),60,0.0010792349534365,0.0025358446873724
1,0,GCP-Mamba (Delta only),61,0.0010160037225274,0.002561438595876
1,0,GCP-Mamba (Delta only),62,0.0010034124429364,0.0025801151059567
1,0,GCP-Mamba (Delta only),63,0.0010073033390917,0.0027337661013007
1,0,GCP-Mamba (Delta only),64,0.0010347838726137,0.0025476021692156
1,0,GCP-Mamba (Delta only),65,0.0010114718107101,0.0028034476563334
1,0,GCP-Mamba (Delta only),66,0.0009830237047382,0.0025611573364585
1,0,GCP-Mamba (Delta only),67,0.0009574785295441,0.0027385230641812
1,0,GCP-Mamba (Delta only),68,0.0009706582839472,0.0028866515494883
1,0,GCP-Mamba (Delta only),69,0.000997733961676,0.0026048163417726
1,0,GCP-Mamba (Delta only),70,0.0010201781119246,0.0024176267907023
1,0,GCP-Mamba (Delta only),71,0.000935966985813,0.0024507015477865
1,0,GCP-Mamba (Delta only),72,0.0010849634553238,0.0026897913776338
1,0,GCP-Mamba (Delta only),73,0.0009848359209633,0.002492185216397
1,0,GCP-Mamba (Delta only),74,0.0008797685335646,0.0025779821444302
1,0,GCP-Mamba (Delta only),75,0.0008693241608747,0.0025858592707663
1,0,GCP-Mamba (Delta only),76,0.0008703074603597,0.0027099994476884
1,0,GCP-Mamba (Delta only),77,0.0010735870607237,0.0029410189017653
1,0,GCP-Mamba (Delta only),78,0.0010482088293191,0.0026667725760489
1,0,GCP-Mamba (Delta only),79,0.0010072567080066,0.0028089415282011
1,0,GCP-Mamba (Delta only),80,0.00097779519063,0.0024216282181441
1,0,GCP-Mamba (Delta only),81,0.0009599077233545,0.0023391966242343
1,0,GCP-Mamba (Delta only),82,0.0008658007237776,0.0025804205797612
1,0,GCP-Mamba (Delta only),83,0.0008526350459272,0.0025481067132204
1,0,GCP-Mamba (Delta only),84,0.0008720402973636,0.0026546791195869
1,0,GCP-Mamba (Delta only),85,0.0010343354538697,0.0026199189014732
1,0,GCP-Mamba (Delta only),86,0.0009381465775811,0.0024753883481025
1,0,GCP-Mamba (Delta only),87,0.0009020939384978,0.0024615863803774
1,0,GCP-Mamba (Delta only),88,0.0008780430948388,0.0025257891975343
1,0,GCP-Mamba (Delta only),89,0.0008481872066403,0.0024193148128688
1,0,GCP-Mamba (Delta only),90,0.0009327095771289,0.0024734875187277
1,0,GCP-Mamba (Delta only),91,0.0008897564784738,0.0024128479417413
1,0,GCP-Mamba (Delta only),92,0.000813794814968,0.0024415659718215
1,0,GCP-Mamba (Delta only),93,0.000755739742485,0.0023958275560289
1,0,GCP-Mamba (Delta only),94,0.0007306760349108,0.0023679602891206
1,0,GCP-Mamba (Delta only),95,0.0007395054090538,0.0023683758918195
1,0,GCP-Mamba (Delta only),96,0.0007246753750908,0.0024014043156057
1,0,GCP-Mamba (perm. graph),0,0.0036478389334608,0.0037363027222454
1,0,GCP-Mamba (perm. graph),1,0.0034690168382518,0.0035818659234791
1,0,GCP-Mamba (perm. graph),2,0.0032825762105673,0.0035166481975466
1,0,GCP-Mamba (perm. graph),3,0.0031252080638744,0.0034651407040655
1,0,GCP-Mamba (perm. graph),4,0.0029251617919383,0.0035321011673659
1,0,GCP-Mamba (perm. graph),5,0.0028090764147539,0.0035493406467139
1,0,GCP-Mamba (perm. graph),6,0.0024868574118295,0.0037033569533377
1,0,GCP-Mamba (perm. graph),7,0.0026532610240594,0.0049287523142993
1,0,GCP-Mamba (perm. graph),8,0.003039192037144,0.00392881128937
1,0,GCP-Mamba (perm. graph),9,0.0028080167248845,0.0037707530427724
1,0,GCP-Mamba (perm. graph),10,0.0023282732387694,0.0037585983518511
1,0,GCP-Mamba (perm. graph),11,0.0021401581124982,0.003930190578103
1,0,GCP-Mamba (perm. graph),12,0.00205407629677,0.0038470316212624
1,0,GCP-Mamba (perm. graph),13,0.0020436010377454,0.0036450626794248
1,0,GCP-Mamba (perm. graph),14,0.0020939059305828,0.0034343667794018
1,0,GCP-Mamba (perm. graph),15,0.0018733869158271,0.0038349817041307
1,0,GCP-Mamba (perm. graph),16,0.0018155995530305,0.0034537527244538
1,0,GCP-Mamba (perm. graph),17,0.0018524967498429,0.0034305460285395
1,0,GCP-Mamba (perm. graph),18,0.0017970450327097,0.0031489029061049
1,0,GCP-Mamba (perm. graph),19,0.0018290477885824,0.0037324260920286
1,0,GCP-Mamba (perm. graph),20,0.0016178650194374,0.003775123739615
1,0,GCP-Mamba (perm. graph),21,0.0016851781697039,0.0034930454567074
1,0,GCP-Mamba (perm. graph),22,0.0021900201648257,0.0042988434433937
1,0,GCP-Mamba (perm. graph),23,0.0021216596132549,0.0037691143807023
1,0,GCP-Mamba (perm. graph),24,0.0020689260724095,0.0032826361712068
1,0,GCP-Mamba (perm. graph),25,0.0018451921894903,0.0035689286887645
1,0,GCP-Mamba (perm. graph),26,0.0016552874939921,0.0033394014462828
1,0,GCP-Mamba (perm. graph),27,0.0015817041495356,0.0034029195085167
1,0,GCP-Mamba (perm. graph),28,0.0015343267291757,0.0031770521309226
1,0,GCP-Mamba (perm. graph),29,0.0014948396305756,0.0033956347033381
1,0,GCP-Mamba (perm. graph),30,0.0014497666245164,0.003485371125862
1,0,GCP-Mamba (perm. graph),31,0.001445115044497,0.0036069196648895
1,0,GCP-Mamba (perm. graph),32,0.0016852501523343,0.0032776552252471
1,0,GCP-Mamba (perm. graph),33,0.0019166961757709,0.0041052130982279
1,0,GCP-Mamba (perm. graph),34,0.0026515423542941,0.0035045864060521
1,0,GCP-Mamba (perm. graph),35,0.0024421998465001,0.0031397617422044
1,0,GCP-Mamba (perm. graph),36,0.0019381983421634,0.0038723130710422
1,0,GCP-Mamba (perm. graph),37,0.0016698820408487,0.0036867961753159
1,0,GCP-Mamba (perm. graph),38,0.0015544737891658,0.0038086257409304
1,0,GCP-Mamba (perm. graph),39,0.001514844460568,0.0033804378472268
1,0,GCP-Mamba (perm. graph),40,0.0014377319881611,0.0034466502256691
1,0,GCP-Mamba (perm. graph),41,0.0016453722660578,0.0036435292568057
1,0,GCP-Mamba (perm. graph),42,0.0015676980568231,0.0029819500632584
1,0,GCP-Mamba (perm. graph),43,0.0013702689413575,0.0032794682774692
1,0,GCP-Mamba (perm. graph),44,0.0013027103546925,0.003164212219417
1,0,GCP-Mamba (perm. graph),45,0.0012741182454983,0.0033292437437921
1,0,GCP-Mamba (perm. graph),46,0.001303127634447,0.0032066071871668
1,0,GCP-Mamba (perm. graph),47,0.0013205440954534,0.0032424635719507
1,0,GCP-Mamba (perm. graph),48,0.001432946628378,0.0032264913897961
1,0,GCP-Mamba (perm. graph),49,0.0013131437759063,0.0031400602310895
1,0,GCP-Mamba (perm. graph),50,0.0014122626508005,0.0032401920761913
1,0,GCP-Mamba (perm. graph),51,0.0014201103780499,0.0034640049561858
1,0,GCP-Mamba (perm. graph),52,0.0014116550269334,0.0031239269301295
1,0,GCP-Mamba (perm. graph),53,0.0013871459995625,0.0030491524375975
1,0,GCP-Mamba (perm. graph),54,0.0012037424012964,0.0030784646514803
1,0,GCP-Mamba (perm. graph),55,0.0012108487181662,0.0029302963521331
1,0,GCP-Mamba (perm. graph),56,0.0011721078552764,0.0031874938867986
1,0,GCP-Mamba (perm. graph),57,0.0013342462176376,0.0030200763139873
1,0,GCP-Mamba (perm. graph),58,0.0013279951037501,0.003041649935767
1,0,GCP-Mamba (perm. graph),59,0.0012353215521822,0.0029975532088428
1,0,GCP-Mamba (perm. graph),60,0.0012234658141202,0.0029262707103043
1,0,GCP-Mamba (perm. graph),61,0.0011673642649733,0.0030017425306141
1,0,GCP-Mamba (perm. graph),62,0.0011585966525329,0.0030343937687575
1,0,GCP-Mamba (perm. graph),63,0.0010992763057837,0.0031340273562818
1,0,GCP-Mamba (perm. graph),64,0.001120844218151,0.0030511512886732
1,0,GCP-Mamba (perm. graph),65,0.0011230449831666,0.0034161447547376
1,0,GCP-Mamba (perm. graph),66,0.0012119663735865,0.0039507187902927
1,0,GCP-Mamba (perm. graph),67,0.0013050026137152,0.003274013986811
1,0,GCP-Mamba (perm. graph),68,0.0011228589046631,0.0031419049482792
1,0,GCP-Mamba (perm. graph),69,0.0010697944106642,0.0028881640173494
1,0,GCP-Mamba (perm. graph),70,0.0010847075052721,0.0029507160652428
1,0,GCP-Mamba (perm. graph),71,0.0010589026184617,0.0029535829089581
1,0,GCP-Mamba (perm. graph),72,0.001023022729593,0.002969701308757
1,0,GCP-Mamba (perm. graph),73,0.001403070363702,0.0034564009401947
1,0,GCP-Mamba (perm. graph),74,0.0015929132527874,0.0029861109796911
1,0,GCP-Mamba (perm. graph),75,0.0013568117603848,0.0030221063643693
1,0,GCP-Mamba (perm. graph),76,0.0011360161681322,0.0029459067154675
1,0,GCP-Mamba (perm. graph),77,0.0010488205074764,0.002951443195343
1,0,GCP-Mamba (perm. graph),78,0.0009681293082868,0.0028359850402921
1,0,GCP-Mamba (perm. graph),79,0.000975218868099,0.0028186757117509
1,0,GCP-Mamba (perm. graph),80,0.0009637573536525,0.0029444289393723
1,0,GCP-Mamba (perm. graph),81,0.0009640444190734,0.0029140589758753
1,0,GCP-Mamba (perm. graph),82,0.0009858543702833,0.0029397066682577
1,0,GCP-Mamba (perm. graph),83,0.0010167028673964,0.0028040907345712
1,0,GCP-Mamba (perm. graph),84,0.0009773628190632,0.0028688579332083
1,0,GCP-Mamba (perm. graph),85,0.0009487984977001,0.0028299232944846
1,0,GCP-Mamba (perm. graph),86,0.0009035369587144,0.0029656228143721
1,0,GCP-Mamba (perm. graph),87,0.0013007282674231,0.0027477792464196
1,0,GCP-Mamba (perm. graph),88,0.001232407809964,0.0027913064695894
1,0,GCP-Mamba (perm. graph),89,0.0011937415962903,0.002921056933701
1,0,GCP-Mamba (perm. graph),90,0.0011273092072308,0.0026739148888736
1,0,GCP-Mamba (perm. graph),91,0.0010486440952408,0.0028594089671969
1,0,GCP-Mamba (perm. graph),92,0.0010143338046306,0.002748760394752
1,0,GCP-Mamba (perm. graph),93,0.0009514376216574,0.0028065291699022
1,0,GCP-Mamba (perm. graph),94,0.0008848457659621,0.0028381599113345
1,0,GCP-Mamba (perm. graph),95,0.0008756809756564,0.0027562421746551
1,0,GCP-Mamba (perm. graph),96,0.0008718732177563,0.0027094006072729
1,0,GCP-Mamba (perm. graph),97,0.0008813772153149,0.0028271952178329
1,0,GCP-Mamba (perm. graph),98,0.0009088862883062,0.0026350656989961
1,0,GCP-Mamba (perm. graph),99,0.0009387000413287,0.0026927983853965
1,0,GCP-Mamba (random order),0,0.0036714068652751,0.0036297827027738
1,0,GCP-Mamba (random order),1,0.0034534711444723,0.0035625118762254
1,0,GCP-Mamba (random order),2,0.0032651422155575,0.0035365051589906
1,0,GCP-Mamba (random order),3,0.0032234691198159,0.0036642905324697
1,0,GCP-Mamba (random order),4,0.0029769142165078,0.0035453091841191
1,0,GCP-Mamba (random order),5,0.0027985464093153,0.0036213749554008
1,0,GCP-Mamba (random order),6,0.0025682241935957,0.0037540185730904
1,0,GCP-Mamba (random order),7,0.0026284693706564,0.0035701303277164
1,0,GCP-Mamba (random order),8,0.0023892638256665,0.0045442683622241
1,0,GCP-Mamba (random order),9,0.0023462133460165,0.0038923558313399
1,0,GCP-Mamba (random order),10,0.0023377659988751,0.0035420118365436
1,0,GCP-Mamba (random order),11,0.0021434075880687,0.0043483888730406
1,0,GCP-Mamba (random order),12,0.0021518830140796,0.0035348751116544
1,0,GCP-Mamba (random order),13,0.0024138129910157,0.0033029192127287
1,0,GCP-Mamba (random order),14,0.0023190784200594,0.0033563401084393
1,0,GCP-Mamba (random order),15,0.0020557733900521,0.0038590477779507
1,0,GCP-Mamba (random order),16,0.0019085670693143,0.0034684762358665
1,0,GCP-Mamba (random order),17,0.0018532087847563,0.0037980808410793
1,0,GCP-Mamba (random order),18,0.001854992034656,0.0032908937428146
1,0,GCP-Mamba (random order),19,0.0022752954408634,0.0032073641195893
1,0,GCP-Mamba (random order),20,0.0019349022633463,0.0034621821250766
1,0,GCP-Mamba (random order),21,0.0017567633885714,0.0033182862680405
1,0,GCP-Mamba (random order),22,0.0017113942598951,0.0044373464770615
1,0,GCP-Mamba (random order),23,0.0017572595346449,0.0038083947729319
1,0,GCP-Mamba (random order),24,0.0017000714686456,0.0034484167117625
1,0,GCP-Mamba (random order),25,0.001770614026337,0.0036484096199274
1,0,GCP-Mamba (random order),26,0.001653180801836,0.0034668077714741
1,0,GCP-Mamba (random order),27,0.001669267816739,0.0033609617967158
1,0,GCP-Mamba (random order),28,0.0016714741418516,0.0033145369961857
1,0,GCP-Mamba (random order),29,0.0016231386908802,0.0034087554085999
1,0,GCP-Mamba (random order),30,0.0014659197835683,0.0033714247401803
1,0,GCP-Mamba (random order),31,0.001473762506646,0.0035055242478847
1,0,GCP-Mamba (random order),32,0.0015076258746178,0.0030751880258321
1,0,GCP-Mamba (random order),33,0.0015439956627813,0.0034073302522301
1,0,GCP-Mamba (random order),34,0.0015196684592713,0.003568782703951
1,0,GCP-Mamba (random order),35,0.001821097108009,0.0029879477806389
1,0,GCP-Mamba (random order),36,0.0016453475320198,0.0033688878174871
1,0,GCP-Mamba (random order),37,0.0014844956028315,0.003456633305177
1,0,GCP-Mamba (random order),38,0.0014087748005176,0.0034576405305415
1,0,GCP-Mamba (random order),39,0.0013482956320344,0.003155889455229
1,0,GCP-Mamba (random order),40,0.0014259299479316,0.0032741345930844
1,0,GCP-Mamba (random order),41,0.0013565740588566,0.0031744479201734
1,0,GCP-Mamba (random order),42,0.0014385600537196,0.0034061097539961
1,0,GCP-Mamba (random order),43,0.0017994650423634,0.0044803195632994
1,0,GCP-Mamba (random order),44,0.0018925406477427,0.0030333260074257
1,0,GCP-Mamba (random order),45,0.0015874653000155,0.0030205571092665
1,0,GCP-Mamba (random order),46,0.001490898238009,0.002836778294295
1,0,GCP-Mamba (random order),47,0.0013859844631582,0.0032387948594987
1,0,GCP-Mamba (random order),48,0.001251995941435,0.0034081193152815
1,0,GCP-Mamba (random order),49,0.0012552775712548,0.00333490408957
1,0,GCP-Mamba (random order),50,0.0014156202070307,0.003049703547731
1,0,GCP-Mamba (random order),51,0.0012760868623339,0.0031177490018308
1,0,GCP-Mamba (random order),52,0.0012411715537039,0.0029395702295005
1,0,GCP-Mamba (random order),53,0.0013624186664684,0.002834593411535
1,0,GCP-Mamba (random order),54,0.0012996508039709,0.0030568616930395
1,0,GCP-Mamba (random order),55,0.0012935142461345,0.0030193547718226
1,0,GCP-Mamba (random order),56,0.0012225061233249,0.0031876212451606
1,0,GCP-Mamba (random order),57,0.0011581413285887,0.0028995794709771
1,0,GCP-Mamba (random order),58,0.0011099173765008,0.0028944038785994
1,0,GCP-Mamba (random order),59,0.0010970863142469,0.0028138845227658
1,0,GCP-Mamba (random order),60,0.0011190711368766,0.0027994173578917
1,0,GCP-Mamba (random order),61,0.0010708242703728,0.0027231771964579
1,0,GCP-Mamba (random order),62,0.0012224014996942,0.0031570943538099
1,0,GCP-Mamba (random order),63,0.0012510918921021,0.0033226045779883
1,0,GCP-Mamba (random order),64,0.001469135805762,0.0028029906097799
1,0,GCP-Mamba (random order),65,0.001201426434884,0.0032364344224333
1,0,GCP-Mamba (random order),66,0.0011661130807571,0.0031925085932016
1,0,GCP-Mamba (random order),67,0.0011606781964487,0.0030641923658549
1,0,GCP-Mamba (random order),68,0.0010808561498339,0.0032054595649242
1,0,GCP-Mamba (random order),69,0.0010743934426632,0.0028753508813679
1,0,GCP-Mamba (random order),70,0.0010583812946224,0.002896842546761
1,0,GCP-Mamba (random order),71,0.0011899886936273,0.0033234439324587
1,0,GCP-Mamba (random order),72,0.0011737981601955,0.0028076129965484
1,0,GCP-Mamba (random order),73,0.0012349352313111,0.0030157922301441
1,0,GCP-Mamba (random order),74,0.0011092928918146,0.0028897137381136
1,0,GCP-Mamba (random order),75,0.0011580681607154,0.0028770009521394
1,0,GCP-Mamba (random order),76,0.0010384770803679,0.0031947125680744
1,0,Mamba (no graph),0,0.0035953305719042,0.0037972896825522
1,0,Mamba (no graph),1,0.0034894224769179,0.0035846438258886
1,0,Mamba (no graph),2,0.0033682525913784,0.0035817141178995
1,0,Mamba (no graph),3,0.0031798127093824,0.00354103022255
1,0,Mamba (no graph),4,0.0029791027233274,0.0033907201141119
1,0,Mamba (no graph),5,0.0028659654376299,0.0034436136484146
1,0,Mamba (no graph),6,0.0026686864506885,0.0032653645612299
1,0,Mamba (no graph),7,0.0024850087044625,0.0033297452609986
1,0,Mamba (no graph),8,0.0024438105098417,0.0037226821295917
1,0,Mamba (no graph),9,0.0025427117100174,0.0031732888892292
1,0,Mamba (no graph),10,0.0023555674191996,0.0032023524399846
1,0,Mamba (no graph),11,0.0022642207078878,0.0039290059357881
1,0,Mamba (no graph),12,0.0023379159173455,0.0035216591786593
1,0,Mamba (no graph),13,0.002573225254942,0.0032919517252594
1,0,Mamba (no graph),14,0.0021236403980224,0.0031054085120558
1,0,Mamba (no graph),15,0.0019052513956051,0.0033203831408172
1,0,Mamba (no graph),16,0.0018898823359252,0.0030174062121659
1,0,Mamba (no graph),17,0.0019636318590357,0.0033112834207713
1,0,Mamba (no graph),18,0.00178305182498,0.0030123617034405
1,0,Mamba (no graph),19,0.001711684290954,0.00323604978621
1,0,Mamba (no graph),20,0.0016394291896427,0.0030775521881878
1,0,Mamba (no graph),21,0.0015638202793248,0.0029269778169691
1,0,Mamba (no graph),22,0.0017998236656674,0.0032451329752802
1,0,Mamba (no graph),23,0.0019457968140857,0.0031814761459827
1,0,Mamba (no graph),24,0.0017201423786742,0.0030043062288314
1,0,Mamba (no graph),25,0.0016096169044655,0.0028987668920308
1,0,Mamba (no graph),26,0.0015393907602444,0.0030083223246037
1,0,Mamba (no graph),27,0.0015877357673952,0.0029775709845125
1,0,Mamba (no graph),28,0.0015280203956206,0.0027608815580606
1,0,Mamba (no graph),29,0.0017318872977858,0.0034387479536235
1,0,Mamba (no graph),30,0.0016280215932056,0.0028894448187202
1,0,Mamba (no graph),31,0.0015158286972808,0.002713605761528
1,0,Mamba (no graph),32,0.0014528787148225,0.0030008940957486
1,0,Mamba (no graph),33,0.0014762235257059,0.0028116744942963
1,0,Mamba (no graph),34,0.0013983366501423,0.0028675515204668
1,0,Mamba (no graph),35,0.001354397390969,0.002850578399375
1,0,Mamba (no graph),36,0.0013359503894774,0.0027817580848932
1,0,Mamba (no graph),37,0.0013718219588686,0.0030624356586486
1,0,Mamba (no graph),38,0.0015435647000086,0.002950842725113
1,0,Mamba (no graph),39,0.0013838368467986,0.0026967993471771
1,0,Mamba (no graph),40,0.0012938616286112,0.0028901947662234
1,0,Mamba (no graph),41,0.0013253831952486,0.0027448346372693
1,0,Mamba (no graph),42,0.0012443673601239,0.002846008632332
1,0,Mamba (no graph),43,0.0011949933208255,0.0026528993621468
1,0,Mamba (no graph),44,0.0011606097552061,0.0026515023782849
1,0,Mamba (no graph),45,0.0011497306379327,0.0027224426157772
1,0,Mamba (no graph),46,0.0011401965832877,0.0026661651208996
1,0,Mamba (no graph),47,0.0012392160799894,0.0026280796155333
1,0,Mamba (no graph),48,0.0012103982364245,0.0027329961303621
1,0,Mamba (no graph),49,0.0012570996768772,0.0027233641594648
1,0,Mamba (no graph),50,0.0016463058629491,0.0037127123214304
1,0,Mamba (no graph),51,0.0016564602855646,0.0028636928182095
1,0,Mamba (no graph),52,0.0015286411870729,0.0027471471112221
1,0,Mamba (no graph),53,0.0012803108758711,0.0026207396294921
1,0,Mamba (no graph),54,0.001167392010625,0.0025878590531647
1,0,Mamba (no graph),55,0.0010869636822937,0.0026623297017067
1,0,Mamba (no graph),56,0.0010793596814872,0.0024763233959674
1,0,Mamba (no graph),57,0.0010406814597418,0.0025404857005923
1,0,Mamba (no graph),58,0.001165613113646,0.0026399430353194
1,0,Mamba (no graph),59,0.0012258510729567,0.0027951579540967
1,0,Mamba (no graph),60,0.0014498754011372,0.0028076793532818
1,0,Mamba (no graph),61,0.0011282545629132,0.0026385700330138
1,0,Mamba (no graph),62,0.001093145125829,0.0025088067632168
1,0,Mamba (no graph),63,0.0009984718521793,0.0026199561543762
1,0,Mamba (no graph),64,0.0009683293916379,0.0027199727483093
1,0,Mamba (no graph),65,0.0009480320209083,0.0026272104587405
1,0,Mamba (no graph),66,0.0009432561084817,0.0025306160096079
1,0,Mamba (no graph),67,0.0010431314990653,0.0024741326924413
1,0,Mamba (no graph),68,0.0010387068614363,0.0025708863977342
1,0,Mamba (no graph),69,0.0009905100459286,0.0025411623064428
1,0,Mamba (no graph),70,0.0009946765435481,0.0028159613721072
1,0,Mamba (no graph),71,0.0010228234333107,0.0026162189897149
1,0,Mamba (no graph),72,0.0009305139571644,0.0024386206641793
1,0,Mamba (no graph),73,0.0009076376918001,0.0025212455075234
1,0,Mamba (no graph),74,0.0009096770250386,0.0026060959789901
1,0,Mamba (no graph),75,0.0009028768319589,0.0025279596447944
1,0,Mamba (no graph),76,0.0009031552809587,0.0025771500077098
1,0,Mamba (no graph),77,0.000841746288959,0.0024530831724405
1,0,Mamba (no graph),78,0.0008385232877512,0.0025378298014402
1,0,Mamba (no graph),79,0.0008362985369614,0.002460112562403
1,0,Mamba (no graph),80,0.0008214494319754,0.0025898227468132
1,0,Mamba (no graph),81,0.0008452999577655,0.0026503081899136
1,0,Mamba (no graph),82,0.0008994067480882,0.0028466344811022
1,0,Mamba (no graph),83,0.0011401242067011,0.0025552187580615
1,0,Mamba (no graph),84,0.0009840173314433,0.0031563856173306
1,0,Mamba (no graph),85,0.0009721156304189,0.0026582970749586
1,0,Mamba (no graph),86,0.0009063756704141,0.0025652109179645
1,0,Mamba (no graph),87,0.0008681585220957,0.0026614700909703
1,0,Graph-MLP (no scan),0,0.003752707125808,0.003875110996887
1,0,Graph-MLP (no scan),1,0.0035307665483729,0.0036246497184038
1,0,Graph-MLP (no scan),2,0.0032729190146631,0.0035379363689571
1,0,Graph-MLP (no scan),3,0.0031124545527838,0.0034945663064718
1,0,Graph-MLP (no scan),4,0.003006611312942,0.0034608421847224
1,0,Graph-MLP (no scan),5,0.0029346129344101,0.0034963986836373
1,0,Graph-MLP (no scan),6,0.0027865803179641,0.0032524208072572
1,0,Graph-MLP (no scan),7,0.0026098832731013,0.0033833824563771
1,0,Graph-MLP (no scan),8,0.0023892834087482,0.0032768435776233
1,0,Graph-MLP (no scan),9,0.0022426371334417,0.0031717775855213
1,0,Graph-MLP (no scan),10,0.002140958941933,0.0033817128278315
1,0,Graph-MLP (no scan),11,0.0025916078323633,0.0032260816078633
1,0,Graph-MLP (no scan),12,0.0025950709452339,0.0034148138947784
1,0,Graph-MLP (no scan),13,0.0023410154803507,0.0034832947421818
1,0,Graph-MLP (no scan),14,0.0022729345111419,0.0039374232292175
1,0,Graph-MLP (no scan),15,0.0020213003128605,0.003353429492563
1,0,Graph-MLP (no scan),16,0.0019351399446284,0.003541394136846
1,0,Graph-MLP (no scan),17,0.0018166352326617,0.0032214978709816
1,0,Graph-MLP (no scan),18,0.0019298110096512,0.0033743965905159
1,0,Graph-MLP (no scan),19,0.0017604302231937,0.0033217838499695
1,0,Graph-MLP (no scan),20,0.0018158991166484,0.0031151953153312
1,0,Graph-MLP (no scan),21,0.0017697420224304,0.003156024031341
1,0,Graph-MLP (no scan),22,0.0016754314824736,0.0033307757694274
1,0,Graph-MLP (no scan),23,0.0017687590131401,0.0036627310328185
1,0,Graph-MLP (no scan),24,0.0019834185849227,0.0034577399492263
1,0,Graph-MLP (no scan),25,0.0017783392787627,0.0036551095545291
1,0,Graph-MLP (no scan),26,0.001700265849333,0.0032641040161252
1,0,Graph-MLP (no scan),27,0.0016095207243199,0.0035519073717296
1,0,Graph-MLP (no scan),28,0.0017020712046465,0.0034420057199895
1,0,Graph-MLP (no scan),29,0.0018136682515235,0.0035199732519686
1,0,Graph-MLP (no scan),30,0.0021448971811628,0.0033536201808601
1,0,Graph-MLP (no scan),31,0.0017333687544611,0.0031932359561324
1,0,Graph-MLP (no scan),32,0.0015710269875379,0.0031838568393141
1,0,Graph-MLP (no scan),33,0.001506697195852,0.0033401972614228
1,0,Graph-MLP (no scan),34,0.0015869699654749,0.0034911620896309
1,0,Graph-MLP (no scan),35,0.0014754568599501,0.0032317547593265
1,0,Graph-MLP (no scan),36,0.001527685476332,0.0037434045225381
1,0,Graph-MLP (no scan),37,0.001731196006733,0.003764477558434
1,0,Graph-MLP (no scan),38,0.0017861550964037,0.0035195935051888
1,0,Graph-MLP (no scan),39,0.001789381054392,0.003655623178929
1,0,"GCP-Mamba (Delta only, w_c~N(0,1))",0,0.0036225790002693,0.0036772605963051
1,0,"GCP-Mamba (Delta only, w_c~N(0,1))",1,0.0035087150737535,0.0036634237039834
1,0,"GCP-Mamba (Delta only, w_c~N(0,1))",2,0.0034195773667939,0.0035604150034487
1,0,"GCP-Mamba (Delta only, w_c~N(0,1))",3,0.0032787977859539,0.0035453566815704
1,0,"GCP-Mamba (Delta only, w_c~N(0,1))",4,0.0031471669916873,0.0036780431400984
1,0,"GCP-Mamba (Delta only, w_c~N(0,1))",5,0.0029599569169332,0.0034036959987133
1,0,"GCP-Mamba (Delta only, w_c~N(0,1))",6,0.0027140443638453,0.0035311987157911
1,0,"GCP-Mamba (Delta only, w_c~N(0,1))",7,0.0025616124899976,0.0033314384054392
1,0,"GCP-Mamba (Delta only, w_c~N(0,1))",8,0.0028891021493768,0.0033071741927415
1,0,"GCP-Mamba (Delta only, w_c~N(0,1))",9,0.0025719400373813,0.0032825334928929
1,0,"GCP-Mamba (Delta only, w_c~N(0,1))",10,0.0023974739892435,0.0031116739846765
1,0,"GCP-Mamba (Delta only, w_c~N(0,1))",11,0.0021714017071855,0.0032437313348054
1,0,"GCP-Mamba (Delta only, w_c~N(0,1))",12,0.0020848602711128,0.0032503148540854
1,0,"GCP-Mamba (Delta only, w_c~N(0,1))",13,0.0019095630462591,0.0029716787394136
1,0,"GCP-Mamba (Delta only, w_c~N(0,1))",14,0.0018901958288894,0.0033198199234902
1,0,"GCP-Mamba (Delta only, w_c~N(0,1))",15,0.0025433438873944,0.0031641635578125
1,0,"GCP-Mamba (Delta only, w_c~N(0,1))",16,0.0022142377405332,0.0032235686667263
1,0,"GCP-Mamba (Delta only, w_c~N(0,1))",17,0.0020648612593557,0.0030624929349869
1,0,"GCP-Mamba (Delta only, w_c~N(0,1))",18,0.0017694160578421,0.002960642799735
1,0,"GCP-Mamba (Delta only, w_c~N(0,1))",19,0.0016570144444299,0.0031149061396718
1,0,"GCP-Mamba (Delta only, w_c~N(0,1))",20,0.0016489485211238,0.0029717977158725
1,0,"GCP-Mamba (Delta only, w_c~N(0,1))",21,0.001634216506331,0.0030328480061143
1,0,"GCP-Mamba (Delta only, w_c~N(0,1))",22,0.001628786423311,0.0029788454994559
1,0,"GCP-Mamba (Delta only, w_c~N(0,1))",23,0.0015482175150427,0.0028243053238838
1,0,"GCP-Mamba (Delta only, w_c~N(0,1))",24,0.0015788794625078,0.0029032290913164
1,0,"GCP-Mamba (Delta only, w_c~N(0,1))",25,0.0015394209202486,0.0031584270764142
1,0,"GCP-Mamba (Delta only, w_c~N(0,1))",26,0.0014654205322427,0.0027057714760303
1,0,"GCP-Mamba (Delta only, w_c~N(0,1))",27,0.0014733452133942,0.0027363137342035
1,0,"GCP-Mamba (Delta only, w_c~N(0,1))",28,0.0014375670630808,0.0030672203283756
1,0,"GCP-Mamba (Delta only, w_c~N(0,1))",29,0.0018477386886091,0.0033440678380429
1,0,"GCP-Mamba (Delta only, w_c~N(0,1))",30,0.0016140519241478,0.0027675449382513
1,0,"GCP-Mamba (Delta only, w_c~N(0,1))",31,0.0014973464033876,0.0027608620002865
1,0,"GCP-Mamba (Delta only, w_c~N(0,1))",32,0.0014505580344331,0.0025932106655091
1,0,"GCP-Mamba (Delta only, w_c~N(0,1))",33,0.0014499458307197,0.0029351220000535
1,0,"GCP-Mamba (Delta only, w_c~N(0,1))",34,0.0016919075902821,0.0027219906914979
1,0,"GCP-Mamba (Delta only, w_c~N(0,1))",35,0.0014996200975408,0.0029358696192502
1,0,"GCP-Mamba (Delta only, w_c~N(0,1))",36,0.0016638992043832,0.002802099334076
1,0,"GCP-Mamba (Delta only, w_c~N(0,1))",37,0.0015369425240931,0.0026551594492048
1,0,"GCP-Mamba (Delta only, w_c~N(0,1))",38,0.0014293822088697,0.0027032042853534
1,0,"GCP-Mamba (Delta only, w_c~N(0,1))",39,0.0014532026075555,0.0028031822293996
1,0,"GCP-Mamba (Delta only, w_c~N(0,1))",40,0.0014042194402925,0.0025595990009605
1,0,"GCP-Mamba (Delta only, w_c~N(0,1))",41,0.0012592392791386,0.0025408945512026
1,0,"GCP-Mamba (Delta only, w_c~N(0,1))",42,0.001166910810423,0.0026009844150394
1,0,"GCP-Mamba (Delta only, w_c~N(0,1))",43,0.0011536834341392,0.0027240947820246
1,0,"GCP-Mamba (Delta only, w_c~N(0,1))",44,0.0011684307465802,0.0026698289439082
1,0,"GCP-Mamba (Delta only, w_c~N(0,1))",45,0.0010996174718509,0.0025371338706463
1,0,"GCP-Mamba (Delta only, w_c~N(0,1))",46,0.001142865407915,0.002565455622971
1,0,"GCP-Mamba (Delta only, w_c~N(0,1))",47,0.0011856765292274,0.0024300143122673
1,0,"GCP-Mamba (Delta only, w_c~N(0,1))",48,0.0011669115578431,0.0025521158240735
1,0,"GCP-Mamba (Delta only, w_c~N(0,1))",49,0.0010735858670449,0.0026224749162793
1,0,"GCP-Mamba (Delta only, w_c~N(0,1))",50,0.0010778811807487,0.0028259153477847
1,0,"GCP-Mamba (Delta only, w_c~N(0,1))",51,0.0011286022136514,0.0025011452380567
1,0,"GCP-Mamba (Delta only, w_c~N(0,1))",52,0.0010925205922145,0.0025676928926259
1,0,"GCP-Mamba (Delta only, w_c~N(0,1))",53,0.0010572896622445,0.0026300107128918
1,0,"GCP-Mamba (Delta only, w_c~N(0,1))",54,0.0011077055781809,0.0026778606697916
1,0,"GCP-Mamba (Delta only, w_c~N(0,1))",55,0.0013158268361028,0.0030110273510217
1,0,"GCP-Mamba (Delta only, w_c~N(0,1))",56,0.0012009454801665,0.0026087190490216
1,0,"GCP-Mamba (Delta only, w_c~N(0,1))",57,0.0011468767306591,0.0029176666866987
1,0,"GCP-Mamba (Delta only, w_c~N(0,1))",58,0.0011224468505225,0.0025905999355018
1,0,"GCP-Mamba (Delta only, w_c~N(0,1))",59,0.0013157679923756,0.003323248354718
1,0,"GCP-Mamba (Delta only, w_c~N(0,1))",60,0.0011719149728035,0.0025200606323778
1,0,"GCP-Mamba (Delta only, w_c~N(0,1))",61,0.0010109497402943,0.00247482676059
1,0,"GCP-Mamba (Delta only, w_c~N(0,1))",62,0.0009840440770199,0.0024209250696003
1,0,"GCP-Mamba (Delta only, w_c~N(0,1))",63,0.0010015699097994,0.0026432971935719
1,0,"GCP-Mamba (Delta only, w_c~N(0,1))",64,0.0010359217362154,0.0024976974818855
1,0,"GCP-Mamba (Delta only, w_c~N(0,1))",65,0.0010715190327955,0.0027199001051485
1,0,"GCP-Mamba (Delta only, w_c~N(0,1))",66,0.0010326608721895,0.0024780023377388
1,0,"GCP-Mamba (Delta only, w_c~N(0,1))",67,0.0009682653336853,0.0025386402849107
1,0,"GCP-Mamba (Delta only, w_c~N(0,1))",68,0.0009398461969913,0.002675050869584
1,0,"GCP-Mamba (Delta only, w_c~N(0,1))",69,0.0009763760068723,0.0025821826420724
1,0,"GCP-Mamba (Delta only, w_c~N(0,1))",70,0.0010080330758827,0.0023680895101279
1,0,"GCP-Mamba (Delta only, w_c~N(0,1))",71,0.0009286326644739,0.0024715377949178
1,0,"GCP-Mamba (Delta only, w_c~N(0,1))",72,0.0009889388979966,0.0025937994942069
1,0,"GCP-Mamba (Delta only, w_c~N(0,1))",73,0.0009234792255944,0.0024171720724552
1,0,"GCP-Mamba (Delta only, w_c~N(0,1))",74,0.0008800384618908,0.0025011026300489
1,0,"GCP-Mamba (Delta only, w_c~N(0,1))",75,0.0008861489123259,0.0024771511089056
1,0,"GCP-Mamba (Delta only, w_c~N(0,1))",76,0.0009247322323853,0.0027435757219791
1,0,"GCP-Mamba (Delta only, w_c~N(0,1))",77,0.0011422640856598,0.0030852551572024
1,0,"GCP-Mamba (Delta only, w_c~N(0,1))",78,0.0010093615906637,0.0024479832500219
1,0,"GCP-Mamba (Delta only, w_c~N(0,1))",79,0.0008792416867462,0.0025711511261761
1,0,"GCP-Mamba (Delta only, w_c~N(0,1))",80,0.0008682549350719,0.0024189266841858
1,0,"GCP-Mamba (Delta only, w_c~N(0,1))",81,0.0008390296868089,0.0023847522679716
1,0,"GCP-Mamba (Delta only, w_c~N(0,1))",82,0.0007941086111806,0.0024799457751214
1,0,"GCP-Mamba (Delta only, w_c~N(0,1))",83,0.0007911616264828,0.0025432032998651
1,0,"GCP-Mamba (Delta only, w_c~N(0,1))",84,0.0008106467776351,0.0024944001343101
1,0,"GCP-Mamba (Delta only, w_c~N(0,1))",85,0.0009834276979613,0.0024465315509587
1,0,GCP-Mamba (additive prior),0,0.0026346706765015,0.0017447406426072
1,0,GCP-Mamba (additive prior),1,0.0025838328444439,0.0016038815956562
1,0,GCP-Mamba (additive prior),2,0.0025181252824857,0.0016067039687186
1,0,GCP-Mamba (additive prior),3,0.0024562490980842,0.0016278328839689
1,0,GCP-Mamba (additive prior),4,0.0023991027610727,0.0017126374877989
1,0,GCP-Mamba (additive prior),5,0.0023516794173991,0.0018219769699499
1,0,GCP-Mamba (additive prior),6,0.0023776614512114,0.0018679797649383
1,0,GCP-Mamba (additive prior),7,0.002295091667253,0.0018929855432361
1,0,GCP-Mamba (additive prior),8,0.0022414387861752,0.0019665255676954
1,0,GCP-Mamba (additive prior),9,0.0021720577766983,0.0020959929097443
1,0,GCP-Mamba (additive prior),10,0.0021882710043691,0.002088539302349
1,0,GCP-Mamba (additive prior),11,0.0021634547316563,0.0022354614920914
1,0,GCP-Mamba (additive prior),12,0.0021140767831652,0.0021924884058535
1,0,GCP-Mamba (additive prior),13,0.0020960312390672,0.0021029338240623
1,0,GCP-Mamba (additive prior),14,0.0020500815986399,0.0022178688086569
1,0,GCP-Mamba (additive prior),15,0.0019777910834502,0.0023537504021078
1,0,GCP-Mamba (additive prior),16,0.0018883840353025,0.0022620889358222
1,0,GCP-Mamba (additive prior),17,0.001972633367573,0.0023630443029105
1,0,GCP-Mamba (additive prior),18,0.0019287827730084,0.002077663084492
1,0,GCP-Mamba (additive prior),19,0.0018444293122941,0.002434954047203
1,0,GCP-Mamba (additive prior),20,0.0017779332592381,0.0022664510179311
1,0,GCP-Mamba (additive prior),21,0.0017607229039666,0.0021313815377652
1,0,GCP-Mamba (additive prior),22,0.0018481443521391,0.0022872393019497
1,0,GCP-Mamba (additive prior),23,0.0017327602608534,0.0024043454322963
1,0,GCP-Mamba (additive prior),24,0.0018250273913482,0.0023929183371365
1,0,GCP-Mamba (additive prior),25,0.0017617835622766,0.0023756907321512
1,0,GCP-Mamba (additive prior),26,0.001667512435655,0.0026005718391388
1,0,GCP-Mamba (additive prior),27,0.0017224704219109,0.0022234297357499
1,0,GCP-Mamba (additive prior),28,0.0019597053625688,0.002235751831904
1,0,GCP-Mamba (additive prior),29,0.0017537921160945,0.0024508764035999
1,0,GCP-Mamba (additive prior),30,0.0018321845201316,0.0025244709104299
1,0,GCP-Mamba (additive prior),31,0.0016433038036811,0.0024947072379291
1,0,GCP-Mamba (additive prior),32,0.0016765878974473,0.0023596100509166
1,0,GCP-Mamba (additive prior),33,0.0015373735948452,0.0024874997325241
1,0,GCP-Mamba (additive prior),34,0.0014980287270863,0.0024245772510766
1,0,GCP-Mamba (additive prior),35,0.0015377830309064,0.002198388101533
1,0,GCP-Mamba (additive prior),36,0.0015540050302186,0.0027697191108018
1,0,GCP-Mamba (additive prior),37,0.0016040639298887,0.0025951019488275
1,0,GCP-Mamba (additive prior),38,0.001555082027166,0.0024041410069912
1,0,GCP-Mamba (additive prior),39,0.0014913576567356,0.0021330770105123
1,0,Mamba (additive prior),0,0.0026199943757197,0.0016560557996854
1,0,Mamba (additive prior),1,0.0025486620952901,0.0016512459842488
1,0,Mamba (additive prior),2,0.0024791336652107,0.0016468745889142
1,0,Mamba (additive prior),3,0.0024229174419103,0.0016895434819161
1,0,Mamba (additive prior),4,0.0023968933180541,0.0017553735524415
1,0,Mamba (additive prior),5,0.0023700376209951,0.0018177358433604
1,0,Mamba (additive prior),6,0.0023188517847354,0.0018011843785643
1,0,Mamba (additive prior),7,0.002236527721465,0.0019864905625581
1,0,Mamba (additive prior),8,0.0022514489803301,0.0020139666739851
1,0,Mamba (additive prior),9,0.0022374586019988,0.0019420963944867
1,0,Mamba (additive prior),10,0.0021753718880801,0.0020268184598535
1,0,Mamba (additive prior),11,0.0020783205020605,0.0021109690424054
1,0,Mamba (additive prior),12,0.0020246515624171,0.0021556206047534
1,0,Mamba (additive prior),13,0.0020047196282404,0.0021081464365124
1,0,Mamba (additive prior),14,0.0018961607863235,0.0023285446222871
1,0,Mamba (additive prior),15,0.0019820193942312,0.0020538023672997
1,0,Mamba (additive prior),16,0.0020290881823883,0.0020852191373705
1,0,Mamba (additive prior),17,0.0018903674478507,0.0021029652561992
1,0,Mamba (additive prior),18,0.0018370099959598,0.002068648347631
1,0,Mamba (additive prior),19,0.0017330603103787,0.0020847755949944
1,0,Mamba (additive prior),20,0.0017291938842179,0.0022576472256332
1,0,Mamba (additive prior),21,0.0016399639240209,0.0021971864625811
1,0,Mamba (additive prior),22,0.0018581808527823,0.0022157528437674
1,0,Mamba (additive prior),23,0.0020764057888932,0.0022291652858257
1,0,Mamba (additive prior),24,0.0018871024696399,0.0021006271708756
1,0,Mamba (additive prior),25,0.0017610812775682,0.0021853819489479
1,0,Mamba (additive prior),26,0.0015968416979455,0.0020768276881426
1,0,Mamba (additive prior),27,0.0015614281182406,0.0022240139078348
1,0,Mamba (additive prior),28,0.0015015783348539,0.0022446990478783
1,0,Mamba (additive prior),29,0.0014912144760128,0.0024670124985277
1,0,Mamba (additive prior),30,0.0015312092230263,0.0022263838909566
1,0,Mamba (additive prior),31,0.0014549324278841,0.0022952992003411
1,0,Mamba (additive prior),32,0.0015323260146112,0.0021340823732316
1,0,Mamba (additive prior),33,0.0016572361886231,0.0027957528363913
1,0,Mamba (additive prior),34,0.0017855291784592,0.0024781494867056
1,0,Mamba (additive prior),35,0.0017151802515044,0.00273431930691
1,0,Mamba (additive prior),36,0.001665354839634,0.0025040216278284
1,0,Mamba (additive prior),37,0.0015776443406534,0.0023824414238333
1,0,Mamba (additive prior),38,0.00147173327792,0.0022240849211812
1,0,Mamba (additive prior),39,0.0014245978259629,0.0022788264323025
2,0,GCP-Mamba,0,0.0031638373888814,0.0050985128618776
2,0,GCP-Mamba,1,0.0029689676426485,0.0050404411740601
2,0,GCP-Mamba,2,0.002859225714405,0.0049608144909143
2,0,GCP-Mamba,3,0.0027261680719047,0.0047518275678157
2,0,GCP-Mamba,4,0.0026214950275774,0.0049578729085624
2,0,GCP-Mamba,5,0.0024964824024078,0.0048366067931056
2,0,GCP-Mamba,6,0.0023684708155329,0.0049962098710238
2,0,GCP-Mamba,7,0.0022088112041568,0.0051112095825374
2,0,GCP-Mamba,8,0.0021754058928852,0.0057463287375867
2,0,GCP-Mamba,9,0.002160225481485,0.0050363959744572
2,0,GCP-Mamba,10,0.0020554622906601,0.0055138580501079
2,0,GCP-Mamba,11,0.0021376320706988,0.0051793381571769
2,0,GCP-Mamba,12,0.0020897961925152,0.0052386322058737
2,0,GCP-Mamba,13,0.0020906117295832,0.0045979646965861
2,0,GCP-Mamba,14,0.001911631244295,0.0049923271872103
2,0,GCP-Mamba,15,0.0019276686014419,0.0051711499691009
2,0,GCP-Mamba,16,0.0018641149069068,0.0047444920055568
2,0,GCP-Mamba,17,0.0018094723496465,0.0046715061180293
2,0,GCP-Mamba,18,0.0017880373253326,0.0052236071787774
2,0,GCP-Mamba,19,0.001799888496803,0.0044955289922654
2,0,GCP-Mamba,20,0.0018542824755255,0.0048117632977664
2,0,GCP-Mamba,21,0.0018564851539169,0.0045715197920799
2,0,GCP-Mamba,22,0.0017541555965004,0.0045073102228343
2,0,GCP-Mamba,23,0.0016174696874972,0.0045884130522608
2,0,GCP-Mamba,24,0.001569182309657,0.0048243594355881
2,0,GCP-Mamba,25,0.0015561427441995,0.0048529054038226
2,0,GCP-Mamba,26,0.0015739807725059,0.0046399212442338
2,0,GCP-Mamba,27,0.0015712502586702,0.0044043501839041
2,0,GCP-Mamba,28,0.0014792292373817,0.0044150534085929
2,0,GCP-Mamba,29,0.0014716607753837,0.004685906227678
2,0,GCP-Mamba,30,0.0014557327079358,0.0043140319176018
2,0,GCP-Mamba,31,0.0015067997432092,0.0045237238518893
2,0,GCP-Mamba,32,0.0015129834219223,0.0044567859731614
2,0,GCP-Mamba,33,0.0014365980570814,0.0044425907544791
2,0,GCP-Mamba,34,0.0014003597253518,0.0043507125228643
2,0,GCP-Mamba,35,0.0013972975660396,0.004531979560852
2,0,GCP-Mamba,36,0.0014562963193161,0.004758208990097
2,0,GCP-Mamba,37,0.0016159443729121,0.0044997916556894
2,0,GCP-Mamba,38,0.0015008172435726,0.0047426144592463
2,0,GCP-Mamba,39,0.0014775834262384,0.0044122827239334
2,0,GCP-Mamba,40,0.001398892324458,0.0042748027481138
2,0,GCP-Mamba,41,0.0013105582620482,0.0042573856189846
2,0,GCP-Mamba,42,0.0012908906528471,0.0042437580414116
2,0,GCP-Mamba,43,0.0013142727707385,0.0042720641940832
2,0,GCP-Mamba,44,0.0012593922086341,0.0041586551815271
2,0,GCP-Mamba,45,0.0012649521746726,0.0042326040565967
2,0,GCP-Mamba,46,0.0013067883543214,0.0043989927507936
2,0,GCP-Mamba,47,0.001230041502737,0.0043879612348973
2,0,GCP-Mamba,48,0.0012233493486988,0.0044465502724051
2,0,GCP-Mamba,49,0.0013194378547491,0.0043544312939047
2,0,GCP-Mamba,50,0.0013889337727789,0.0044196578674018
2,0,GCP-Mamba,51,0.0013104254947707,0.004269246943295
2,0,GCP-Mamba,52,0.0012287921418784,0.0042153880931437
2,0,GCP-Mamba,53,0.0012102383155402,0.0043086339719593
2,0,GCP-Mamba,54,0.0012233364667991,0.0042211092077195
2,0,GCP-Mamba,55,0.0011793206087414,0.0042794225737452
2,0,GCP-Mamba,56,0.0011203033734856,0.0041938894428312
2,0,GCP-Mamba,57,0.0011476609393579,0.0042747813276946
2,0,GCP-Mamba,58,0.0012282944663776,0.0042130411602556
2,0,GCP-Mamba,59,0.0013215291136272,0.0048249405808746
2,0,GCP-Mamba (Delta only),0,0.0031399624681823,0.0050415094010531
2,0,GCP-Mamba (Delta only),1,0.0030396551902158,0.0049594780430197
2,0,GCP-Mamba (Delta only),2,0.0029214843471112,0.0049457577988505
2,0,GCP-Mamba (Delta only),3,0.0028260607195334,0.0048620086163282
2,0,GCP-Mamba (Delta only),4,0.0027478618225712,0.004795559681952
2,0,GCP-Mamba (Delta only),5,0.0026397692414818,0.0048649641685187
2,0,GCP-Mamba (Delta only),6,0.0028041536742218,0.0056477040052413
2,0,GCP-Mamba (Delta only),7,0.0025779504392617,0.0052848639898002
2,0,GCP-Mamba (Delta only),8,0.0024304207374187,0.0053244205191731
2,0,GCP-Mamba (Delta only),9,0.0022819320283488,0.005055455956608
2,0,GCP-Mamba (Delta only),10,0.0021519639936322,0.0050041326321661
2,0,GCP-Mamba (Delta only),11,0.0021326396674614,0.0052986755035817
2,0,GCP-Mamba (Delta only),12,0.0022848450533523,0.0049105752259492
2,0,GCP-Mamba (Delta only),13,0.002075676970425,0.0047985976561903
2,0,GCP-Mamba (Delta only),14,0.0020027521272397,0.0047071818262338
2,0,GCP-Mamba (Delta only),15,0.0019786422217948,0.0048792050220072
2,0,GCP-Mamba (Delta only),16,0.001915384199564,0.0046824617311358
2,0,GCP-Mamba (Delta only),17,0.0018907460106014,0.0045735822059214
2,0,GCP-Mamba (Delta only),18,0.0018600034828987,0.0046663102693855
2,0,GCP-Mamba (Delta only),19,0.0017991245241849,0.0049035623669624
2,0,GCP-Mamba (Delta only),20,0.0018042737396983,0.0044842748902738
2,0,GCP-Mamba (Delta only),21,0.0017322317442501,0.0047014644369482
2,0,GCP-Mamba (Delta only),22,0.0016911548182113,0.004831257276237
2,0,GCP-Mamba (Delta only),23,0.0017610466754291,0.0046632317826151
2,0,GCP-Mamba (Delta only),24,0.0016907359265702,0.0046997107565402
2,0,GCP-Mamba (Delta only),25,0.0016573073581973,0.0045857024379074
2,0,GCP-Mamba (Delta only),26,0.0017238470705614,0.0047904402017593
2,0,GCP-Mamba (Delta only),27,0.0015921230007485,0.0045593651011586
2,0,GCP-Mamba (Delta only),28,0.0015636483607679,0.0044995155185461
2,0,GCP-Mamba (Delta only),29,0.0015181295545235,0.0044811517000198
2,0,GCP-Mamba (Delta only),30,0.001476262846841,0.004591716453433
2,0,GCP-Mamba (Delta only),31,0.0014837166946046,0.0045833941549062
2,0,GCP-Mamba (Delta only),32,0.0014671717164032,0.0045195994898676
2,0,GCP-Mamba (Delta only),33,0.0014998276011093,0.0043618385680019
2,0,GCP-Mamba (Delta only),34,0.0014271378012963,0.0046141850762069
2,0,GCP-Mamba (Delta only),35,0.001466463189304,0.0046465070918202
2,0,GCP-Mamba (Delta only),36,0.0015789506422596,0.0046317623928189
2,0,GCP-Mamba (Delta only),37,0.0014796702822723,0.0044483570381999
2,0,GCP-Mamba (Delta only),38,0.0014513490090093,0.0043717916123569
2,0,GCP-Mamba (Delta only),39,0.0013816521441054,0.0043379934504628
2,0,GCP-Mamba (Delta only),40,0.0013360018253983,0.0043820994906127
2,0,GCP-Mamba (Delta only),41,0.0013142732648755,0.0045438483357429
2,0,GCP-Mamba (Delta only),42,0.0012900289943736,0.0044629778712987
2,0,GCP-Mamba (Delta only),43,0.0012939617937269,0.0045036533847451
2,0,GCP-Mamba (Delta only),44,0.0012897193304551,0.004470822867006
2,0,GCP-Mamba (Delta only),45,0.0012400208540233,0.0044459006749093
2,0,GCP-Mamba (Delta only),46,0.0012341066608674,0.0046272538602352
2,0,GCP-Mamba (Delta only),47,0.0013783236240244,0.0045948252081871
2,0,GCP-Mamba (Delta only),48,0.001555552195235,0.0042594182305037
2,0,GCP-Mamba (Delta only),49,0.0014430328469937,0.004334301687777
2,0,GCP-Mamba (Delta only),50,0.0013264019675418,0.0043023545295
2,0,GCP-Mamba (Delta only),51,0.0012101058943679,0.0043958909809589
2,0,GCP-Mamba (Delta only),52,0.0012159741520479,0.004514267668128
2,0,GCP-Mamba (Delta only),53,0.0012363941063635,0.0043202964588999
2,0,GCP-Mamba (Delta only),54,0.0012155518391363,0.0044237924739718
2,0,GCP-Mamba (Delta only),55,0.001672454066943,0.0046212575398385
2,0,GCP-Mamba (Delta only),56,0.0017060591393693,0.0044587538577616
2,0,GCP-Mamba (Delta only),57,0.0013711119234803,0.0044553275220096
2,0,GCP-Mamba (Delta only),58,0.0012379275825839,0.0043851532973349
2,0,GCP-Mamba (Delta only),59,0.0011395987327605,0.0044702165760099
2,0,GCP-Mamba (Delta only),60,0.0010901959085327,0.0044211875647306
2,0,GCP-Mamba (Delta only),61,0.0010769121338807,0.004363730084151
2,0,GCP-Mamba (Delta only),62,0.0011049683617005,0.0045685274526476
2,0,GCP-Mamba (Delta only),63,0.0011064603232959,0.0043238066136837
2,0,GCP-Mamba (perm. graph),0,0.003164408470524,0.0051094042137265
2,0,GCP-Mamba (perm. graph),1,0.0029622300698844,0.0049841059371829
2,0,GCP-Mamba (perm. graph),2,0.0028592821666233,0.0050096516497433
2,0,GCP-Mamba (perm. graph),3,0.0027553941828379,0.0048139281570911
2,0,GCP-Mamba (perm. graph),4,0.0025961620133477,0.0048666996881365
2,0,GCP-Mamba (perm. graph),5,0.0024360830731448,0.0048868423327803
2,0,GCP-Mamba (perm. graph),6,0.0023026682299112,0.0051950267516076
2,0,GCP-Mamba (perm. graph),7,0.002221625068781,0.0052378689870238
2,0,GCP-Mamba (perm. graph),8,0.0021056286528331,0.0059745577163994
2,0,GCP-Mamba (perm. graph),9,0.0021332090790886,0.0050328602083027
2,0,GCP-Mamba (perm. graph),10,0.00207795694524,0.0060853254981338
2,0,GCP-Mamba (perm. graph),11,0.0023358606694855,0.0050995042547583
2,0,GCP-Mamba (perm. graph),12,0.0020617358353015,0.0051857959479093
2,0,GCP-Mamba (perm. graph),13,0.0019496170562698,0.0053368159569799
2,0,GCP-Mamba (perm. graph),14,0.0018453939328733,0.0049154716543853
2,0,GCP-Mamba (perm. graph),15,0.002090019954489,0.005210199393332
2,0,GCP-Mamba (perm. graph),16,0.0020995507814097,0.0048991744406521
2,0,GCP-Mamba (perm. graph),17,0.0019089466885482,0.0046930550597608
2,0,GCP-Mamba (perm. graph),18,0.0018639627910259,0.0047191930934786
2,0,GCP-Mamba (perm. graph),19,0.0017318910761676,0.0047074751928448
2,0,GCP-Mamba (perm. graph),20,0.0016572001564363,0.0048361881636083
2,0,GCP-Mamba (perm. graph),21,0.0016707807491205,0.0048005213029682
2,0,GCP-Mamba (perm. graph),22,0.0017399325344557,0.0048010116443037
2,0,GCP-Mamba (perm. graph),23,0.0016293123769808,0.004656427539885
2,0,GCP-Mamba (perm. graph),24,0.0016184867361372,0.0049098161980509
2,0,GCP-Mamba (perm. graph),25,0.0016635307558919,0.0047224904410541
2,0,GCP-Mamba (perm. graph),26,0.0015985748107484,0.0047447001561522
2,0,GCP-Mamba (perm. graph),27,0.0015611792780566,0.0043856156989932
2,0,GCP-Mamba (perm. graph),28,0.0014954570056066,0.0044570728205144
2,0,GCP-Mamba (perm. graph),29,0.0015287524312835,0.0047367480583488
2,0,GCP-Mamba (perm. graph),30,0.0014927663183737,0.0043751844204962
2,0,GCP-Mamba (perm. graph),31,0.0015093798710622,0.0044223829172551
2,0,GCP-Mamba (perm. graph),32,0.0014535774503626,0.0045503797009587
2,0,GCP-Mamba (perm. graph),33,0.0014715739282973,0.0046310704201459
2,0,GCP-Mamba (perm. graph),34,0.0015189595195538,0.0046567749232053
2,0,GCP-Mamba (perm. graph),35,0.0015436191875621,0.0045241573825478
2,0,GCP-Mamba (perm. graph),36,0.0015065936797144,0.0042501986026763
2,0,GCP-Mamba (perm. graph),37,0.0013962855642969,0.0044331531971693
2,0,GCP-Mamba (perm. graph),38,0.0014012352003977,0.0044984160922467
2,0,GCP-Mamba (perm. graph),39,0.0013359401755289,0.0044287433847785
2,0,GCP-Mamba (perm. graph),40,0.0013537841209163,0.004377061035484
2,0,GCP-Mamba (perm. graph),41,0.0013880842041204,0.0045551713556051
2,0,GCP-Mamba (perm. graph),42,0.0015132179912581,0.0044886581599712
2,0,GCP-Mamba (perm. graph),43,0.0015369297717965,0.004668581765145
2,0,GCP-Mamba (perm. graph),44,0.001380686319882,0.0041600535623729
2,0,GCP-Mamba (perm. graph),45,0.0012777007805525,0.0042884079739451
2,0,GCP-Mamba (perm. graph),46,0.0012690742808333,0.0043317298404872
2,0,GCP-Mamba (perm. graph),47,0.0012319255180543,0.0043923775665462
2,0,GCP-Mamba (perm. graph),48,0.001259723186188,0.0044125961139798
2,0,GCP-Mamba (perm. graph),49,0.0012660024071232,0.0045181647874414
2,0,GCP-Mamba (perm. graph),50,0.0013548432181006,0.0044661611318588
2,0,GCP-Mamba (perm. graph),51,0.0014293310056581,0.004402766469866
2,0,GCP-Mamba (perm. graph),52,0.0012350165253344,0.0042454306967556
2,0,GCP-Mamba (perm. graph),53,0.001208350340427,0.0042482777498662
2,0,GCP-Mamba (perm. graph),54,0.0012140640226383,0.00434903614223
2,0,GCP-Mamba (perm. graph),55,0.0012537281518038,0.0045324019156396
2,0,GCP-Mamba (perm. graph),56,0.0012949936472134,0.0043561207130551
2,0,GCP-Mamba (perm. graph),57,0.0013028526336973,0.0045225536450743
2,0,GCP-Mamba (perm. graph),58,0.0012496645983623,0.0044391602277755
2,0,GCP-Mamba (perm. graph),59,0.0011280612231118,0.0042459676042199
2,0,GCP-Mamba (random order),0,0.0031326662434144,0.0050954399630427
2,0,GCP-Mamba (random order),1,0.0030008809182042,0.0049639740027487
2,0,GCP-Mamba (random order),2,0.0028384107721152,0.0049888910725712
2,0,GCP-Mamba (random order),3,0.0027052493533119,0.0049126748926937
2,0,GCP-Mamba (random order),4,0.0026782908662818,0.0048944945447146
2,0,GCP-Mamba (random order),5,0.0024520945819027,0.0049801059067249
2,0,GCP-Mamba (random order),6,0.0023251542923704,0.0049159582704305
2,0,GCP-Mamba (random order),7,0.0022911515887558,0.0050346148200333
2,0,GCP-Mamba (random order),8,0.0021645089732014,0.0050657228566706
2,0,GCP-Mamba (random order),9,0.0020446428642172,0.0049675363115966
2,0,GCP-Mamba (random order),10,0.0020047956700738,0.0051942891441285
2,0,GCP-Mamba (random order),11,0.0029283220822782,0.0054404293186962
2,0,GCP-Mamba (random order),12,0.0025117632132291,0.0048929820768535
2,0,GCP-Mamba (random order),13,0.0020840811390737,0.0050737871788442
2,0,GCP-Mamba (random order),14,0.0019289875342745,0.0049568959511816
2,0,GCP-Mamba (random order),15,0.0018760926331386,0.0058665457181632
2,0,GCP-Mamba (random order),16,0.0020782524240772,0.0046503217890858
2,0,GCP-Mamba (random order),17,0.0019047156498908,0.0049075433053076
2,0,GCP-Mamba (random order),18,0.0019810207509737,0.0049458742141723
2,0,GCP-Mamba (random order),19,0.0019012379021176,0.0048166527412831
2,0,GCP-Mamba (random order),20,0.0017860332200732,0.0045093498192727
2,0,GCP-Mamba (random order),21,0.0017215637104893,0.0046332636848092
2,0,GCP-Mamba (random order),22,0.001665338380145,0.00464857975021
2,0,GCP-Mamba (random order),23,0.0016015168143731,0.0047296886332333
2,0,GCP-Mamba (random order),24,0.0017709185347537,0.004676257725805
2,0,GCP-Mamba (random order),25,0.0016774592578592,0.0046906541101634
2,0,GCP-Mamba (random order),26,0.0016442913890367,0.0046443464234471
2,0,GCP-Mamba (random order),27,0.001590014731833,0.004553941078484
2,0,GCP-Mamba (random order),28,0.0015021066278514,0.0044637448154389
2,0,GCP-Mamba (random order),29,0.0014787545204062,0.0045911045745015
2,0,GCP-Mamba (random order),30,0.0014781382893004,0.0044538271613419
2,0,GCP-Mamba (random order),31,0.0014775483475381,0.0044618695974349
2,0,GCP-Mamba (random order),32,0.001568371994528,0.0045177713036537
2,0,GCP-Mamba (random order),33,0.0014565890921252,0.004363743122667
2,0,GCP-Mamba (random order),34,0.0014066907825122,0.0042513636872172
2,0,GCP-Mamba (random order),35,0.0013527294625896,0.004355177283287
2,0,GCP-Mamba (random order),36,0.0013715871969881,0.0043385834433138
2,0,GCP-Mamba (random order),37,0.0014270745794014,0.004294526297599
2,0,GCP-Mamba (random order),38,0.0014368899370938,0.0045118411071598
2,0,GCP-Mamba (random order),39,0.0014429877113497,0.0042706956155598
2,0,GCP-Mamba (random order),40,0.0014015340569543,0.0042563173919916
2,0,GCP-Mamba (random order),41,0.0013567258370621,0.0043856925331056
2,0,GCP-Mamba (random order),42,0.0013173785204697,0.0041555543430149
2,0,GCP-Mamba (random order),43,0.0013680143835418,0.0043965517543256
2,0,GCP-Mamba (random order),44,0.0012730820483038,0.0040609696879982
2,0,GCP-Mamba (random order),45,0.0012926332951563,0.004198738373816
2,0,GCP-Mamba (random order),46,0.0012698771830701,0.0044970256276428
2,0,GCP-Mamba (random order),47,0.0012443108553663,0.0042578070424497
2,0,GCP-Mamba (random order),48,0.0012100121963655,0.0042195352725684
2,0,GCP-Mamba (random order),49,0.0012233699688674,0.0042021567933261
2,0,GCP-Mamba (random order),50,0.0011936885502822,0.004152406938374
2,0,GCP-Mamba (random order),51,0.0011618017275958,0.0042967176996171
2,0,GCP-Mamba (random order),52,0.0011470951688502,0.0041616498492658
2,0,GCP-Mamba (random order),53,0.0011952671941818,0.0045444606803357
2,0,GCP-Mamba (random order),54,0.0012922347912718,0.004455205053091
2,0,GCP-Mamba (random order),55,0.001536544949225,0.0041072182357311
2,0,GCP-Mamba (random order),56,0.0014979143764341,0.0042683975771069
2,0,GCP-Mamba (random order),57,0.0014662685001724,0.004737630020827
2,0,GCP-Mamba (random order),58,0.001440822665258,0.0041635702364146
2,0,GCP-Mamba (random order),59,0.0012770644824603,0.004093712195754
2,0,Mamba (no graph),0,0.0030570816677465,0.0054272422567009
2,0,Mamba (no graph),1,0.0030663782863026,0.005186135880649
2,0,Mamba (no graph),2,0.0029705946866369,0.004862361587584
2,0,Mamba (no graph),3,0.0028435897296495,0.0048999972641468
2,0,Mamba (no graph),4,0.0026460045097703,0.0048481910489499
2,0,Mamba (no graph),5,0.0026056275924118,0.0046491906978189
2,0,Mamba (no graph),6,0.0024437426954588,0.0048208669759333
2,0,Mamba (no graph),7,0.0022943503786173,0.0048929490149021
2,0,Mamba (no graph),8,0.0022195472345158,0.0051631415262818
2,0,Mamba (no graph),9,0.0021786576843813,0.0050145778805017
2,0,Mamba (no graph),10,0.0021324741273863,0.0047247875481843
2,0,Mamba (no graph),11,0.002005658916067,0.0048169237561523
2,0,Mamba (no graph),12,0.0019053907021411,0.0048839915543794
2,0,Mamba (no graph),13,0.0018145913055515,0.0047548813745379
2,0,Mamba (no graph),14,0.0018355112335235,0.0052339285612106
2,0,Mamba (no graph),15,0.0021504700073315,0.0047487476840615
2,0,Mamba (no graph),16,0.0020259965794067,0.0048972805961966
2,0,Mamba (no graph),17,0.0018577191219899,0.0047283945605158
2,0,Mamba (no graph),18,0.0017866932555845,0.004764755256474
2,0,Mamba (no graph),19,0.0016853079365619,0.0045485002920031
2,0,Mamba (no graph),20,0.0016384825475594,0.0044823964126408
2,0,Mamba (no graph),21,0.0016190937113874,0.0046803886070847
2,0,Mamba (no graph),22,0.001593912428198,0.0045336303301155
2,0,Mamba (no graph),23,0.001629513856727,0.0045519047416746
2,0,Mamba (no graph),24,0.0016433919918984,0.004550960380584
2,0,Mamba (no graph),25,0.0016074637847235,0.0045777419582009
2,0,Mamba (no graph),26,0.0015266654885662,0.0045421705581247
2,0,Mamba (no graph),27,0.0015159125319219,0.0045181652531027
2,0,Mamba (no graph),28,0.0015205940834276,0.0045391633175313
2,0,Mamba (no graph),29,0.0015836252777321,0.0043456498533487
2,0,Mamba (no graph),30,0.0017113749619586,0.0044684642925858
2,0,Mamba (no graph),31,0.0016221243497855,0.0045976797118783
2,0,Mamba (no graph),32,0.0014642079146377,0.0045306337997317
2,0,Mamba (no graph),33,0.0013838844095765,0.0045661088079214
2,0,Mamba (no graph),34,0.0013542053752022,0.0045504863373935
2,0,Mamba (no graph),35,0.0013561042749302,0.0044426131062209
2,0,Mamba (no graph),36,0.0013128757868766,0.0043074078857898
2,0,Mamba (no graph),37,0.0014045079181761,0.0044492268934845
2,0,Mamba (no graph),38,0.0013408813137299,0.0042957230471074
2,0,Mamba (no graph),39,0.0012767743101517,0.004453501664102
2,0,Mamba (no graph),40,0.001263201325502,0.0043051475659012
2,0,Mamba (no graph),41,0.001367255016029,0.0045821219682693
2,0,Mamba (no graph),42,0.0012993061544018,0.0045675700530409
2,0,Mamba (no graph),43,0.0012191171927893,0.0042680222541093
2,0,Mamba (no graph),44,0.0012188555652664,0.0043137148022651
2,0,Mamba (no graph),45,0.0011570187086212,0.004185942467302
2,0,Mamba (no graph),46,0.0011602379059211,0.0044880034402012
2,0,Mamba (no graph),47,0.0012311905366201,0.0043537560850381
2,0,Mamba (no graph),48,0.0013619316582695,0.00443133758381
2,0,Mamba (no graph),49,0.0012671868224701,0.004280662164092
2,0,Mamba (no graph),50,0.0011507918017165,0.0043434062972664
2,0,Mamba (no graph),51,0.0011423747733623,0.0042251688428223
2,0,Mamba (no graph),52,0.0010875262351029,0.0043328749015927
2,0,Mamba (no graph),53,0.0010326842975504,0.004295312333852
2,0,Mamba (no graph),54,0.0010193735469976,0.0042535807006061
2,0,Mamba (no graph),55,0.0010590144584253,0.0043859845027327
2,0,Mamba (no graph),56,0.0009949717255269,0.0042009106837213
2,0,Mamba (no graph),57,0.0009673157122267,0.0043180831708014
2,0,Mamba (no graph),58,0.0009939608163294,0.0043736696243286
2,0,Mamba (no graph),59,0.0010011252656532,0.0041988850571215
2,0,Mamba (no graph),60,0.0009633307671844,0.0041499393992125
2,0,Mamba (no graph),61,0.0010103447942344,0.0043380856513977
2,0,Mamba (no graph),62,0.0012126850661915,0.0045353565365076
2,0,Mamba (no graph),63,0.0011512212745892,0.0045094820670783
2,0,Mamba (no graph),64,0.0011740901085326,0.0044173211790621
2,0,Mamba (no graph),65,0.0010927499225028,0.0043476941064
2,0,Mamba (no graph),66,0.0010548036159418,0.0041900430805981
2,0,Mamba (no graph),67,0.0009549660825927,0.0042908214963972
2,0,Mamba (no graph),68,0.0009600809212479,0.0043140230700373
2,0,Mamba (no graph),69,0.0009878303764786,0.0042959530837833
2,0,Mamba (no graph),70,0.0009381808160482,0.0043582720682024
2,0,Mamba (no graph),71,0.0008800817710488,0.0042959819547832
2,0,Mamba (no graph),72,0.0008505479229125,0.004278948996216
2,0,Mamba (no graph),73,0.0008198069014901,0.0043202433735132
2,0,Mamba (no graph),74,0.0008483011863469,0.004461177624762
2,0,Mamba (no graph),75,0.0008845478652226,0.0043638525530695
2,0,Graph-MLP (no scan),0,0.0031363586685787,0.0051056784577667
2,0,Graph-MLP (no scan),1,0.0029288260333186,0.0049014287069439
2,0,Graph-MLP (no scan),2,0.0028917219451286,0.0050181839615106
2,0,Graph-MLP (no scan),3,0.0028027076937472,0.004776217509061
2,0,Graph-MLP (no scan),4,0.0026142473948998,0.0047311764210462
2,0,Graph-MLP (no scan),5,0.0024948790468436,0.0048786886036396
2,0,Graph-MLP (no scan),6,0.0023756409323566,0.0046675484627485
2,0,Graph-MLP (no scan),7,0.0023235341436866,0.0049628349952399
2,0,Graph-MLP (no scan),8,0.0022900810987829,0.005174599122256
2,0,Graph-MLP (no scan),9,0.0022936144043028,0.0051798657514154
2,0,Graph-MLP (no scan),10,0.0022109332021238,0.0053279264830052
2,0,Graph-MLP (no scan),11,0.0020799201363764,0.0052427612245082
2,0,Graph-MLP (no scan),12,0.0020074795114157,0.005294403526932
2,0,Graph-MLP (no scan),13,0.0019429581811008,0.0053952452726662
2,0,Graph-MLP (no scan),14,0.0021570892016262,0.0051068882457911
2,0,Graph-MLP (no scan),15,0.0022158275472281,0.0053580747917294
2,0,Graph-MLP (no scan),16,0.0020334360687222,0.0045115500688552
2,0,Graph-MLP (no scan),17,0.0018915816297312,0.004816002678126
2,0,Graph-MLP (no scan),18,0.0017792133031506,0.0046168635599315
2,0,Graph-MLP (no scan),19,0.0017684537862099,0.004739249125123
2,0,Graph-MLP (no scan),20,0.0018716430477462,0.0046607148833572
2,0,Graph-MLP (no scan),21,0.0018428830955874,0.0048966486938297
2,0,Graph-MLP (no scan),22,0.0017633070505941,0.0046182763762772
2,0,Graph-MLP (no scan),23,0.0016738758355432,0.0046162940561771
2,0,Graph-MLP (no scan),24,0.0017239224984772,0.005029724445194
2,0,Graph-MLP (no scan),25,0.0017933251718126,0.0045898286625742
2,0,Graph-MLP (no scan),26,0.0018040062650274,0.0048915357328951
2,0,Graph-MLP (no scan),27,0.0018717531917161,0.0045770788565278
2,0,Graph-MLP (no scan),28,0.0017196534464484,0.004894545301795
2,0,Graph-MLP (no scan),29,0.0016916452826623,0.0046112271957099
2,0,Graph-MLP (no scan),30,0.0016089518196049,0.0045163282193243
2,0,Graph-MLP (no scan),31,0.0015606640087668,0.004432441201061
2,0,Graph-MLP (no scan),32,0.0014945300490253,0.0043935803696513
2,0,Graph-MLP (no scan),33,0.0014726744308102,0.0043772817589342
2,0,Graph-MLP (no scan),34,0.0014466939380111,0.0044812732376158
2,0,Graph-MLP (no scan),35,0.0014071887804583,0.0042347856797277
2,0,Graph-MLP (no scan),36,0.0014392678280823,0.004393994808197
2,0,Graph-MLP (no scan),37,0.0014571816029811,0.0044209295883774
2,0,Graph-MLP (no scan),38,0.0014995459053437,0.0043236082419753
2,0,Graph-MLP (no scan),39,0.0014710116129797,0.0044067078270018
2,0,Graph-MLP (no scan),40,0.0014724419192618,0.0047213123179972
2,0,Graph-MLP (no scan),41,0.0016788926730166,0.0043438174761831
2,0,Graph-MLP (no scan),42,0.0017329962026301,0.0045233131386339
2,0,Graph-MLP (no scan),43,0.0015232798202874,0.0043056444264948
2,0,Graph-MLP (no scan),44,0.001422618825672,0.0043212133459746
2,0,Graph-MLP (no scan),45,0.0013628091517393,0.0042692604474723
2,0,Graph-MLP (no scan),46,0.0013728808601581,0.0041726399213075
2,0,Graph-MLP (no scan),47,0.0014679981881364,0.0043179546482861
2,0,Graph-MLP (no scan),48,0.0013957109508312,0.0043720197863876
2,0,Graph-MLP (no scan),49,0.0013272725548193,0.0041982480324804
2,0,Graph-MLP (no scan),50,0.0013002158015323,0.0043497076258063
2,0,Graph-MLP (no scan),51,0.001420466312234,0.004266451112926
2,0,Graph-MLP (no scan),52,0.0013830942920871,0.0042064622975885
2,0,Graph-MLP (no scan),53,0.0016590847031601,0.0048421160317957
2,0,Graph-MLP (no scan),54,0.0015928087841464,0.0045180837623775
2,0,Graph-MLP (no scan),55,0.0014366509289005,0.0042360024526715
2,0,Graph-MLP (no scan),56,0.0012811196904307,0.0041605350561439
2,0,Graph-MLP (no scan),57,0.0013242598728564,0.0042346720583736
2,0,Graph-MLP (no scan),58,0.0012917797246163,0.0042118742130696
2,0,Graph-MLP (no scan),59,0.0012786652902878,0.0041680787689983
2,0,Graph-MLP (no scan),60,0.0012810156335585,0.0042295698076486
2,0,Graph-MLP (no scan),61,0.0012248260364365,0.0042743165977299
2,0,Graph-MLP (no scan),62,0.0012319238543202,0.0041307508945465
2,0,Graph-MLP (no scan),63,0.0012490411218684,0.0042468979954719
2,0,Graph-MLP (no scan),64,0.0018901703895987,0.0047118030488491
2,0,Graph-MLP (no scan),65,0.0018278401857576,0.00436796201393
2,0,Graph-MLP (no scan),66,0.0016138778594087,0.0042570014484226
2,0,Graph-MLP (no scan),67,0.0013843234234804,0.0040319026447832
2,0,Graph-MLP (no scan),68,0.0012602705748001,0.0040814946405589
2,0,Graph-MLP (no scan),69,0.001218943342419,0.0039861691184341
2,0,Graph-MLP (no scan),70,0.0011818111051718,0.0041903150267899
2,0,Graph-MLP (no scan),71,0.0011321414938772,0.0041247294284403
2,0,Graph-MLP (no scan),72,0.0011739174537226,0.0041088787838816
2,0,Graph-MLP (no scan),73,0.0011922961868104,0.0040440610609948
2,0,Graph-MLP (no scan),74,0.0012207207045511,0.004113589413464
2,0,Graph-MLP (no scan),75,0.0011844373778808,0.0040202918462455
2,0,Graph-MLP (no scan),76,0.0011501990569832,0.0040776757523417
2,0,Graph-MLP (no scan),77,0.0011378093631,0.0039670094847679
2,0,Graph-MLP (no scan),78,0.001108989269027,0.0040962882339954
2,0,Graph-MLP (no scan),79,0.0011041545252174,0.0039574592374265
2,0,Graph-MLP (no scan),80,0.0011005565790432,0.0042313658632338
2,0,Graph-MLP (no scan),81,0.0010773142776284,0.0040412913076579
2,0,Graph-MLP (no scan),82,0.0010446435721631,0.0040853745304048
2,0,Graph-MLP (no scan),83,0.0010740837926487,0.0041268216446042
2,0,Graph-MLP (no scan),84,0.0011360967132303,0.0042573283426463
2,0,Graph-MLP (no scan),85,0.0012142543995873,0.0041880384087562
2,0,Graph-MLP (no scan),86,0.0011093301569587,0.0040200864896178
2,0,Graph-MLP (no scan),87,0.0010485149997038,0.0040871179662644
2,0,Graph-MLP (no scan),88,0.0010463177090805,0.0040732412599027
2,0,Graph-MLP (no scan),89,0.0010341186354459,0.0042270692065358
2,0,Graph-MLP (no scan),90,0.0010719810530422,0.004192822612822
2,0,Graph-MLP (no scan),91,0.0010723432914601,0.0040712510235607
2,0,Graph-MLP (no scan),92,0.0010574073823865,0.004174755886197
2,0,Graph-MLP (no scan),93,0.0009823498557315,0.0040977224707603
2,0,Graph-MLP (no scan),94,0.0009777183299415,0.0041700680740177
2,0,"GCP-Mamba (Delta only, w_c~N(0,1))",0,0.0031399628316661,0.0050415685400366
2,0,"GCP-Mamba (Delta only, w_c~N(0,1))",1,0.0030397423275029,0.0049594519659876
2,0,"GCP-Mamba (Delta only, w_c~N(0,1))",2,0.0029214515029151,0.0049459906294941
2,0,"GCP-Mamba (Delta only, w_c~N(0,1))",3,0.0028262803114937,0.0048617329448461
2,0,"GCP-Mamba (Delta only, w_c~N(0,1))",4,0.0027474340574025,0.0047953794710338
2,0,"GCP-Mamba (Delta only, w_c~N(0,1))",5,0.0026401777738343,0.0048631019890308
2,0,"GCP-Mamba (Delta only, w_c~N(0,1))",6,0.0027916839935903,0.0056352303363382
2,0,"GCP-Mamba (Delta only, w_c~N(0,1))",7,0.0025722454436016,0.0052963919006288
2,0,"GCP-Mamba (Delta only, w_c~N(0,1))",8,0.002429294808627,0.0053244833834469
2,0,"GCP-Mamba (Delta only, w_c~N(0,1))",9,0.002280356074355,0.0050542559474706
2,0,"GCP-Mamba (Delta only, w_c~N(0,1))",10,0.0021493232435473,0.0049950843676924
2,0,"GCP-Mamba (Delta only, w_c~N(0,1))",11,0.0021322816627086,0.0052992035634815
2,0,"GCP-Mamba (Delta only, w_c~N(0,1))",12,0.0022852290162093,0.0049178255721926
2,0,"GCP-Mamba (Delta only, w_c~N(0,1))",13,0.0020735043188114,0.0047901473008096
2,0,"GCP-Mamba (Delta only, w_c~N(0,1))",14,0.0020023896367282,0.0047109685838222
2,0,"GCP-Mamba (Delta only, w_c~N(0,1))",15,0.001977300896182,0.0048842877149581
2,0,"GCP-Mamba (Delta only, w_c~N(0,1))",16,0.0019163393680167,0.0046868049539625
2,0,"GCP-Mamba (Delta only, w_c~N(0,1))",17,0.0018918685641863,0.0045697642490267
2,0,"GCP-Mamba (Delta only, w_c~N(0,1))",18,0.0018584976917494,0.0046610841527581
2,0,"GCP-Mamba (Delta only, w_c~N(0,1))",19,0.0017983697173889,0.0048989648930728
2,0,"GCP-Mamba (Delta only, w_c~N(0,1))",20,0.0018044916088793,0.0044846055097877
2,0,"GCP-Mamba (Delta only, w_c~N(0,1))",21,0.0017320895349781,0.0047003575600683
2,0,"GCP-Mamba (Delta only, w_c~N(0,1))",22,0.0016932984120581,0.0048236022703349
2,0,"GCP-Mamba (Delta only, w_c~N(0,1))",23,0.0017607013004825,0.0046550165861845
2,0,"GCP-Mamba (Delta only, w_c~N(0,1))",24,0.001694538667396,0.0046938508749008
2,0,"GCP-Mamba (Delta only, w_c~N(0,1))",25,0.0016579977136185,0.0045790392905473
2,0,"GCP-Mamba (Delta only, w_c~N(0,1))",26,0.0017229143811537,0.0047816955484449
2,0,"GCP-Mamba (Delta only, w_c~N(0,1))",27,0.0015925024627714,0.0045615853741765
2,0,"GCP-Mamba (Delta only, w_c~N(0,1))",28,0.0015646152109537,0.0044884900562465
2,0,"GCP-Mamba (Delta only, w_c~N(0,1))",29,0.0015137013677748,0.0044672912918031
2,0,"GCP-Mamba (Delta only, w_c~N(0,1))",30,0.0014744807677946,0.004585638642311
2,0,"GCP-Mamba (Delta only, w_c~N(0,1))",31,0.0014749197163719,0.0045878970995545
2,0,"GCP-Mamba (Delta only, w_c~N(0,1))",32,0.0014617889751043,0.0045127049088478
2,0,"GCP-Mamba (Delta only, w_c~N(0,1))",33,0.0014929469413519,0.0043273805640637
2,0,"GCP-Mamba (Delta only, w_c~N(0,1))",34,0.0014138082720727,0.0045808651484549
2,0,"GCP-Mamba (Delta only, w_c~N(0,1))",35,0.0014767253322513,0.0046605453826487
2,0,"GCP-Mamba (Delta only, w_c~N(0,1))",36,0.0015645361239117,0.0046260384842753
2,0,"GCP-Mamba (Delta only, w_c~N(0,1))",37,0.0014691354711908,0.0044607678428292
2,0,"GCP-Mamba (Delta only, w_c~N(0,1))",38,0.001437774682652,0.0043595838360488
2,0,"GCP-Mamba (Delta only, w_c~N(0,1))",39,0.0013678059335329,0.0043380516581237
2,0,"GCP-Mamba (Delta only, w_c~N(0,1))",40,0.0013314351354048,0.0043840524740517
2,0,"GCP-Mamba (Delta only, w_c~N(0,1))",41,0.0013128276085213,0.0045369020663201
2,0,"GCP-Mamba (Delta only, w_c~N(0,1))",42,0.001283674870229,0.0044452059082686
2,0,"GCP-Mamba (Delta only, w_c~N(0,1))",43,0.0012865124298376,0.0044921855442225
2,0,"GCP-Mamba (Delta only, w_c~N(0,1))",44,0.0012745054952947,0.0044489558786153
2,0,"GCP-Mamba (Delta only, w_c~N(0,1))",45,0.0012206306882879,0.0044368016533553
2,0,"GCP-Mamba (Delta only, w_c~N(0,1))",46,0.0012054993970346,0.0046547539532184
2,0,"GCP-Mamba (Delta only, w_c~N(0,1))",47,0.0013316301595446,0.0045104846358299
2,0,"GCP-Mamba (Delta only, w_c~N(0,1))",48,0.0014779992944313,0.0042709275148808
2,0,"GCP-Mamba (Delta only, w_c~N(0,1))",49,0.001396832633395,0.0044198264367878
2,0,"GCP-Mamba (Delta only, w_c~N(0,1))",50,0.0012723512448397,0.0043001766316592
2,0,"GCP-Mamba (Delta only, w_c~N(0,1))",51,0.001173631002098,0.0044014174491167
2,0,"GCP-Mamba (Delta only, w_c~N(0,1))",52,0.0011946479815038,0.0044732238166034
2,0,"GCP-Mamba (Delta only, w_c~N(0,1))",53,0.0011888877413295,0.004378649406135
2,0,"GCP-Mamba (Delta only, w_c~N(0,1))",54,0.0011944332421361,0.0045563597232103
2,0,"GCP-Mamba (Delta only, w_c~N(0,1))",55,0.0015995099281275,0.0044961478561162
2,0,"GCP-Mamba (Delta only, w_c~N(0,1))",56,0.0015820289791139,0.0044503910467028
2,0,"GCP-Mamba (Delta only, w_c~N(0,1))",57,0.0012936241348548,0.0044153677299618
2,0,"GCP-Mamba (Delta only, w_c~N(0,1))",58,0.001161162506139,0.0043336087837815
2,0,"GCP-Mamba (Delta only, w_c~N(0,1))",59,0.001058258498992,0.0044575706124305
2,0,"GCP-Mamba (Delta only, w_c~N(0,1))",60,0.0010164349696686,0.004424481652677
2,0,"GCP-Mamba (Delta only, w_c~N(0,1))",61,0.0009971054868853,0.0043868506327271
2,0,"GCP-Mamba (Delta only, w_c~N(0,1))",62,0.0010355365481026,0.0046105845831334
2,0,"GCP-Mamba (Delta only, w_c~N(0,1))",63,0.0010663580740701,0.0043194480240345
2,0,GCP-Mamba (additive prior),0,0.0023408098658881,0.0020968969911336
2,0,GCP-Mamba (additive prior),1,0.0021873342439451,0.0021050551440566
2,0,GCP-Mamba (additive prior),2,0.0021335479548777,0.0020601446740329
2,0,GCP-Mamba (additive prior),3,0.0020986157218195,0.0020739510655403
2,0,GCP-Mamba (additive prior),4,0.0020596404742489,0.0022475773002952
2,0,GCP-Mamba (additive prior),5,0.0020148823148296,0.0022355171386152
2,0,GCP-Mamba (additive prior),6,0.0020127598164442,0.0023306256625801
2,0,GCP-Mamba (additive prior),7,0.0019692473997958,0.0025270355399698
2,0,GCP-Mamba (additive prior),8,0.0019374581944974,0.0026521030813455
2,0,GCP-Mamba (additive prior),9,0.0019151442156595,0.00261295074597
2,0,GCP-Mamba (additive prior),10,0.0019114256020729,0.0027751342859119
2,0,GCP-Mamba (additive prior),11,0.0018649654929432,0.0025800582952797
2,0,GCP-Mamba (additive prior),12,0.0018042908427004,0.0028327496256679
2,0,GCP-Mamba (additive prior),13,0.0017779092538914,0.0028019426390528
2,0,GCP-Mamba (additive prior),14,0.0017557284550191,0.0030170974787324
2,0,GCP-Mamba (additive prior),15,0.0017176237729505,0.0030168208759278
2,0,GCP-Mamba (additive prior),16,0.0017116115287803,0.0029924400150775
2,0,GCP-Mamba (additive prior),17,0.0017568390102882,0.0031066632363945
2,0,GCP-Mamba (additive prior),18,0.0019898925612265,0.002583818975836
2,0,GCP-Mamba (additive prior),19,0.0018475338977446,0.0026503521949052
2,0,GCP-Mamba (additive prior),20,0.0018547854366169,0.0027271481230854
2,0,GCP-Mamba (additive prior),21,0.001760523059412,0.0029304979834705
2,0,GCP-Mamba (additive prior),22,0.0016705964452406,0.003178211627528
2,0,GCP-Mamba (additive prior),23,0.0016588521350791,0.0030516770202666
2,0,GCP-Mamba (additive prior),24,0.0016308202770062,0.0030355248600244
2,0,GCP-Mamba (additive prior),25,0.0016358166479961,0.0030981909949332
2,0,GCP-Mamba (additive prior),26,0.0016045709351653,0.0029482333920896
2,0,GCP-Mamba (additive prior),27,0.0015938527205382,0.0033737681806087
2,0,GCP-Mamba (additive prior),28,0.0016109263490912,0.0030081162694841
2,0,GCP-Mamba (additive prior),29,0.00160485749148,0.0031662201508879
2,0,GCP-Mamba (additive prior),30,0.0015658676882254,0.0030165661592036
2,0,GCP-Mamba (additive prior),31,0.0015760527843301,0.0034234626218676
2,0,GCP-Mamba (additive prior),32,0.0015773879935321,0.0032230906654149
2,0,GCP-Mamba (additive prior),33,0.0015380386373684,0.0031599297653883
2,0,GCP-Mamba (additive prior),34,0.0015047461953576,0.0031123540829867
2,0,GCP-Mamba (additive prior),35,0.001510932174739,0.0033783672843128
2,0,GCP-Mamba (additive prior),36,0.0014723802333791,0.0031356399413198
2,0,GCP-Mamba (additive prior),37,0.0014491115056862,0.003635766217485
2,0,GCP-Mamba (additive prior),38,0.0014268967813792,0.003336378140375
2,0,GCP-Mamba (additive prior),39,0.0014016365091376,0.003347271354869
2,0,Mamba (additive prior),0,0.0022516056942157,0.0021603542845696
2,0,Mamba (additive prior),1,0.0022456035141082,0.002223735442385
2,0,Mamba (additive prior),2,0.00220317524362,0.0020969524048268
2,0,Mamba (additive prior),3,0.0021313531977533,0.0021377888042479
2,0,Mamba (additive prior),4,0.0021068012315056,0.0021802026312798
2,0,Mamba (additive prior),5,0.0020605104241734,0.0023034664336591
2,0,Mamba (additive prior),6,0.0020017203415924,0.0024913207162171
2,0,Mamba (additive prior),7,0.0019608114129133,0.0025722396094352
2,0,Mamba (additive prior),8,0.001952461370689,0.0024932101368904
2,0,Mamba (additive prior),9,0.0019108570087031,0.0026263336185365
2,0,Mamba (additive prior),10,0.0019005003239517,0.0026639159768819
2,0,Mamba (additive prior),11,0.0018134344718419,0.0029539773240685
2,0,Mamba (additive prior),12,0.0018011220335531,0.0029309531673789
2,0,Mamba (additive prior),13,0.0018018822440301,0.0029408009722828
2,0,Mamba (additive prior),14,0.0018082425859254,0.0029830227140337
2,0,Mamba (additive prior),15,0.0017405566993913,0.0029303317423909
2,0,Mamba (additive prior),16,0.0017313209015594,0.0028018674347549
2,0,Mamba (additive prior),17,0.0016983684618026,0.0031882612966001
2,0,Mamba (additive prior),18,0.0016876152941032,0.0030536383856087
2,0,Mamba (additive prior),19,0.0017169159234052,0.0028539700433611
2,0,Mamba (additive prior),20,0.001675264325693,0.0031467778608202
2,0,Mamba (additive prior),21,0.001638638684794,0.0031819299329072
2,0,Mamba (additive prior),22,0.0015966938347924,0.0031045486684888
2,0,Mamba (additive prior),23,0.0016182426081822,0.0035435531754046
2,0,Mamba (additive prior),24,0.0016955600418284,0.003136291867122
2,0,Mamba (additive prior),25,0.0016003543981719,0.0031350583303719
2,0,Mamba (additive prior),26,0.0015486237532693,0.0033909152261912
2,0,Mamba (additive prior),27,0.0016045334259811,0.002980823861435
2,0,Mamba (additive prior),28,0.0015923743518973,0.0032330781687051
2,0,Mamba (additive prior),29,0.0016751804794419,0.0033784515690058
2,0,Mamba (additive prior),30,0.0016083164666544,0.003124090610072
2,0,Mamba (additive prior),31,0.0014958441342903,0.0028784642927348
2,0,Mamba (additive prior),32,0.0014558411680711,0.0030173340346664
2,0,Mamba (additive prior),33,0.0014123600730069,0.0028844329062849
2,0,Mamba (additive prior),34,0.0013896230090637,0.003073233179748
2,0,Mamba (additive prior),35,0.0014035090646646,0.0035775636788457
2,0,Mamba (additive prior),36,0.0014039438650038,0.0030936710536479
2,0,Mamba (additive prior),37,0.0013455799236397,0.0030037257820367
2,0,Mamba (additive prior),38,0.0012686073063142,0.0030589676462113
2,0,Mamba (additive prior),39,0.0012907773991644,0.0031002073083072
3,0,GCP-Mamba,0,0.0040178424114304,0.0039707734249532
3,0,GCP-Mamba,1,0.0039514043001514,0.0038124392740428
3,0,GCP-Mamba,2,0.0036490438223788,0.0037577219773083
3,0,GCP-Mamba,3,0.0034170439960717,0.00426676729694
3,0,GCP-Mamba,4,0.0032795928841964,0.0041984198614954
3,0,GCP-Mamba,5,0.003431275783276,0.0038323779590427
3,0,GCP-Mamba,6,0.0032430368009954,0.0038886412512511
3,0,GCP-Mamba,7,0.0029643331160486,0.0039403866976499
3,0,GCP-Mamba,8,0.0026488470082933,0.0039953598752617
3,0,GCP-Mamba,9,0.0024621713356199,0.0037802378647029
3,0,GCP-Mamba,10,0.0026024060930605,0.0046724244020879
3,0,GCP-Mamba,11,0.0029319262654153,0.0037414303515106
3,0,GCP-Mamba,12,0.002662834534986,0.0037635951302945
3,0,GCP-Mamba,13,0.0024298478136629,0.0038287572097033
3,0,GCP-Mamba,14,0.0022532085440065,0.0037285119760781
3,0,GCP-Mamba,15,0.002254236023873,0.0038555853534489
3,0,GCP-Mamba,16,0.0021465823026091,0.0036060244310647
3,0,GCP-Mamba,17,0.0020543378848356,0.0038174889050424
3,0,GCP-Mamba,18,0.0021721507972952,0.0039570396766066
3,0,GCP-Mamba,19,0.0021210853786518,0.0035435426980257
3,0,GCP-Mamba,20,0.0019728591503349,0.003636107314378
3,0,GCP-Mamba,21,0.0019119943643807,0.0037703649140894
3,0,GCP-Mamba,22,0.0018860609976179,0.0037949543911963
3,0,GCP-Mamba,23,0.001834358317975,0.0033326104748994
3,0,GCP-Mamba,24,0.0019605916388558,0.0036751625593751
3,0,GCP-Mamba,25,0.0018879260345729,0.0035433096345514
3,0,GCP-Mamba,26,0.0018575868329428,0.0034773785155266
3,0,GCP-Mamba,27,0.0018134417548549,0.0034007292706519
3,0,GCP-Mamba,28,0.0019843422694865,0.0037576418835669
3,0,GCP-Mamba,29,0.001793803103889,0.0038327521178871
3,0,GCP-Mamba,30,0.0017967753140538,0.0038527422584593
3,0,GCP-Mamba,31,0.0017854904466675,0.0038373817224055
3,0,GCP-Mamba,32,0.0016712661282244,0.0034028191585093
3,0,GCP-Mamba,33,0.0015845447073154,0.0034459515009075
3,0,GCP-Mamba,34,0.0015388692298791,0.0037438091821968
3,0,GCP-Mamba,35,0.0015290921102419,0.0031254782807081
3,0,GCP-Mamba,36,0.0015153038795247,0.003392597194761
3,0,GCP-Mamba,37,0.0015438049220282,0.0034088338725268
3,0,GCP-Mamba,38,0.0015514008559738,0.0032062157988548
3,0,GCP-Mamba,39,0.0015065724869738,0.003197876503691
3,0,GCP-Mamba,40,0.0015600632142388,0.0034176942426711
3,0,GCP-Mamba,41,0.0015579502302871,0.0035842950455844
3,0,GCP-Mamba,42,0.00167310725065,0.0041528269648551
3,0,GCP-Mamba,43,0.0017342169232892,0.0033318393398076
3,0,GCP-Mamba,44,0.0015893812488877,0.0035277742426842
3,0,GCP-Mamba,45,0.0014360138024626,0.0033605000935494
3,0,GCP-Mamba,46,0.001378062378728,0.0031180412042886
3,0,GCP-Mamba,47,0.0014057984737905,0.0034863045439124
3,0,GCP-Mamba,48,0.001626373910712,0.003262496786192
3,0,GCP-Mamba,49,0.0014226043660363,0.003241047495976
3,0,GCP-Mamba,50,0.001362943619659,0.0033259743358939
3,0,GCP-Mamba,51,0.0012878440637988,0.0033482890576124
3,0,GCP-Mamba,52,0.0012571993654339,0.0031096679158508
3,0,GCP-Mamba,53,0.0012657061275659,0.0032646174076944
3,0,GCP-Mamba,54,0.0012425274207172,0.0032758535817265
3,0,GCP-Mamba,55,0.0012826561807852,0.0034562645014375
3,0,GCP-Mamba,56,0.0012964421872642,0.0031528994441032
3,0,GCP-Mamba,57,0.0013598345509363,0.0034309150651097
3,0,GCP-Mamba,58,0.0013914982590711,0.0034392047673463
3,0,GCP-Mamba,59,0.0013519855477198,0.0034134599845856
3,0,GCP-Mamba,60,0.001209581859946,0.0031968345865607
3,0,GCP-Mamba,61,0.0011897238507641,0.0034690380562096
3,0,GCP-Mamba,62,0.0012300841291576,0.0035295181442052
3,0,GCP-Mamba,63,0.0012540582648591,0.0031840780284255
3,0,GCP-Mamba,64,0.0012028881694387,0.0032074975315481
3,0,GCP-Mamba,65,0.0011555135539365,0.0031357707921415
3,0,GCP-Mamba,66,0.0011546713419992,0.0035575211513787
3,0,GCP-Mamba,67,0.0011500284343845,0.0031146148685365
3,0,GCP-Mamba (Delta only),0,0.0040150206451388,0.0040578250773251
3,0,GCP-Mamba (Delta only),1,0.0039554084933391,0.0038560351822525
3,0,GCP-Mamba (Delta only),2,0.0037956473022473,0.0038731875829398
3,0,GCP-Mamba (Delta only),3,0.0035613439271621,0.0038162635173648
3,0,GCP-Mamba (Delta only),4,0.0033165045209567,0.0038464330136775
3,0,GCP-Mamba (Delta only),5,0.0031791358981563,0.0039331507869064
3,0,GCP-Mamba (Delta only),6,0.0031373382785893,0.003954364452511
3,0,GCP-Mamba (Delta only),7,0.0033677493250279,0.0045572421513497
3,0,GCP-Mamba (Delta only),8,0.003173076268991,0.0041056885384023
3,0,GCP-Mamba (Delta only),9,0.0027628857466025,0.003812382929027
3,0,GCP-Mamba (Delta only),10,0.0024740648364196,0.003581873839721
3,0,GCP-Mamba (Delta only),11,0.0022636926662402,0.0035665852483361
3,0,GCP-Mamba (Delta only),12,0.0021706377438297,0.0038498421199619
3,0,GCP-Mamba (Delta only),13,0.0021571829477607,0.0036820550449192
3,0,GCP-Mamba (Delta only),14,0.0024854144518912,0.00401774328202
3,0,GCP-Mamba (Delta only),15,0.0025599453612371,0.0035389177501201
3,0,GCP-Mamba (Delta only),16,0.0023483275929748,0.0034136881586164
3,0,GCP-Mamba (Delta only),17,0.0020996936963814,0.0033379544038325
3,0,GCP-Mamba (Delta only),18,0.00193398443728,0.0036106195766478
3,0,GCP-Mamba (Delta only),19,0.0019235228273001,0.0029397974722087
3,0,GCP-Mamba (Delta only),20,0.0019636324952554,0.0032256939448416
3,0,GCP-Mamba (Delta only),21,0.0018554672415396,0.0031911674886941
3,0,GCP-Mamba (Delta only),22,0.001895000544292,0.0031783687882125
3,0,GCP-Mamba (Delta only),23,0.0018725249436542,0.003292080014944
3,0,GCP-Mamba (Delta only),24,0.0017817667156288,0.0033065206371247
3,0,GCP-Mamba (Delta only),25,0.0017242472950425,0.0030163680203258
3,0,GCP-Mamba (Delta only),26,0.0016819899548974,0.0030498057603836
3,0,GCP-Mamba (Delta only),27,0.0017173731643142,0.0032092733308672
3,0,GCP-Mamba (Delta only),28,0.0019786240617659,0.0034869362134486
3,0,GCP-Mamba (Delta only),29,0.0020795221454605,0.0037090051919221
3,0,GCP-Mamba (Delta only),30,0.002051981395308,0.0030526046175509
3,0,GCP-Mamba (Delta only),31,0.0018463635069289,0.0032047447748482
3,0,GCP-Mamba (Delta only),32,0.0017022221511455,0.002976264571771
3,0,GCP-Mamba (Delta only),33,0.0016212884308488,0.0029815314337611
3,0,GCP-Mamba (Delta only),34,0.0016129719178107,0.0030985800549387
3,0,GCP-Mamba (Delta only),35,0.0015097084017752,0.0030219997279345
3,0,GCP-Mamba (Delta only),36,0.0014702727185618,0.0028818994760513
3,0,GCP-Mamba (Delta only),37,0.0014858015946987,0.0028512072749435
3,0,GCP-Mamba (Delta only),38,0.001470386567455,0.0029191316571086
3,0,GCP-Mamba (Delta only),39,0.0015658759159233,0.0032205847091972
3,0,GCP-Mamba (Delta only),40,0.0018584622144275,0.0028776181861758
3,0,GCP-Mamba (Delta only),41,0.0015701970057279,0.0030059306882321
3,0,GCP-Mamba (Delta only),42,0.0014325434828854,0.0029155022930353
3,0,GCP-Mamba (Delta only),43,0.0015056933960736,0.0027724492829293
3,0,GCP-Mamba (Delta only),44,0.0014116308602476,0.0030829382594674
3,0,GCP-Mamba (Delta only),45,0.0014015239236565,0.0026366147212684
3,0,GCP-Mamba (Delta only),46,0.0013445048543596,0.0027487818151712
3,0,GCP-Mamba (Delta only),47,0.0012629536001689,0.0027803701814264
3,0,GCP-Mamba (Delta only),48,0.0012534644602882,0.0027928620111197
3,0,GCP-Mamba (Delta only),49,0.0013055410553616,0.0029481071978807
3,0,GCP-Mamba (Delta only),50,0.0012751991391379,0.002768418053165
3,0,GCP-Mamba (Delta only),51,0.0012555544786719,0.0030133109539747
3,0,GCP-Mamba (Delta only),52,0.0012643530146416,0.0026792222633957
3,0,GCP-Mamba (Delta only),53,0.0013588341993674,0.0031045807991176
3,0,GCP-Mamba (Delta only),54,0.0013897243894241,0.0026782692875713
3,0,GCP-Mamba (Delta only),55,0.0015172400885741,0.0035135499201714
3,0,GCP-Mamba (Delta only),56,0.0018453030974011,0.0028414854314178
3,0,GCP-Mamba (Delta only),57,0.0015844100782873,0.0030701491050422
3,0,GCP-Mamba (Delta only),58,0.0015287367895132,0.0027218128088861
3,0,GCP-Mamba (Delta only),59,0.0014746180439198,0.0027225823141634
3,0,GCP-Mamba (Delta only),60,0.0012735717534793,0.0027455147355794
3,0,GCP-Mamba (perm. graph),0,0.0040209622997226,0.0039374749176204
3,0,GCP-Mamba (perm. graph),1,0.0040099509695375,0.0037678242661058
3,0,GCP-Mamba (perm. graph),2,0.0036807934838262,0.0037625378463417
3,0,GCP-Mamba (perm. graph),3,0.0034872345753352,0.0039719641208648
3,0,GCP-Mamba (perm. graph),4,0.0033600345804271,0.0038769405800849
3,0,GCP-Mamba (perm. graph),5,0.0033128743737258,0.0038666119799017
3,0,GCP-Mamba (perm. graph),6,0.002996079129816,0.0037347141187638
3,0,GCP-Mamba (perm. graph),7,0.0027821203834857,0.0036849433090537
3,0,GCP-Mamba (perm. graph),8,0.0026824613750884,0.003908569458872
3,0,GCP-Mamba (perm. graph),9,0.0026795913564097,0.0038655449170619
3,0,GCP-Mamba (perm. graph),10,0.0026283409996804,0.0037558649200946
3,0,GCP-Mamba (perm. graph),11,0.0028346985169319,0.003580227959901
3,0,GCP-Mamba (perm. graph),12,0.0028997477546164,0.0040586721152067
3,0,GCP-Mamba (perm. graph),13,0.0026365873001685,0.0039059976115822
3,0,GCP-Mamba (perm. graph),14,0.0023349554094514,0.0037381970323622
3,0,GCP-Mamba (perm. graph),15,0.002208828474536,0.0037572712171822
3,0,GCP-Mamba (perm. graph),16,0.0021291128641953,0.0036264436785131
3,0,GCP-Mamba (perm. graph),17,0.0020760356582644,0.0044181081466376
3,0,GCP-Mamba (perm. graph),18,0.0025673030494627,0.003847662359476
3,0,GCP-Mamba (perm. graph),19,0.0022040171986163,0.0038204865995794
3,0,GCP-Mamba (perm. graph),20,0.0020567719069676,0.0037463761400431
3,0,GCP-Mamba (perm. graph),21,0.0019833685223464,0.0037140706554055
3,0,GCP-Mamba (perm. graph),22,0.0018730899954045,0.0036523493472486
3,0,GCP-Mamba (perm. graph),23,0.0018335125042182,0.003396333893761
3,0,GCP-Mamba (perm. graph),24,0.0019533528318402,0.0035342487972229
3,0,GCP-Mamba (perm. graph),25,0.0018844917437738,0.0037629795260727
3,0,GCP-Mamba (perm. graph),26,0.0019151205091144,0.0034388604108244
3,0,GCP-Mamba (perm. graph),27,0.0018117669511191,0.0035516864154487
3,0,GCP-Mamba (perm. graph),28,0.0017895421090846,0.0036961750593036
3,0,GCP-Mamba (perm. graph),29,0.0017072558156073,0.0036230683326721
3,0,GCP-Mamba (perm. graph),30,0.0016872197156772,0.0034743330907076
3,0,GCP-Mamba (perm. graph),31,0.0016731151527809,0.0038705805782228
3,0,GCP-Mamba (perm. graph),32,0.0018200326929659,0.0034217685461044
3,0,GCP-Mamba (perm. graph),33,0.0017316788823033,0.0037406601477414
3,0,GCP-Mamba (perm. graph),34,0.0017035501148325,0.0037971592973917
3,0,GCP-Mamba (perm. graph),35,0.0016693554776297,0.003267033258453
3,0,GCP-Mamba (perm. graph),36,0.0015954190096112,0.0034728031605482
3,0,GCP-Mamba (perm. graph),37,0.0015563058285889,0.0034099500626325
3,0,GCP-Mamba (perm. graph),38,0.0015262468633326,0.0030848202295601
3,0,GCP-Mamba (perm. graph),39,0.0015697563825542,0.0032917871139943
3,0,GCP-Mamba (perm. graph),40,0.0015968088462779,0.0037956528831273
3,0,GCP-Mamba (perm. graph),41,0.0017153688417183,0.0038179331459105
3,0,GCP-Mamba (perm. graph),42,0.0018543063726445,0.0036385697312653
3,0,GCP-Mamba (perm. graph),43,0.0017169413975242,0.0035813632421195
3,0,GCP-Mamba (perm. graph),44,0.0016383805954264,0.0032937843352556
3,0,GCP-Mamba (perm. graph),45,0.0015506317034702,0.0034624671097844
3,0,GCP-Mamba (perm. graph),46,0.0014848727874006,0.0031760905403643
3,0,GCP-Mamba (perm. graph),47,0.0014273597908234,0.0035803702194243
3,0,GCP-Mamba (perm. graph),48,0.0014361543210477,0.0034220938105136
3,0,GCP-Mamba (perm. graph),49,0.0013373934268725,0.0032021896913647
3,0,GCP-Mamba (perm. graph),50,0.001334197630499,0.0033326067496091
3,0,GCP-Mamba (perm. graph),51,0.0012889615662226,0.0034030734095722
3,0,GCP-Mamba (perm. graph),52,0.0013150372595356,0.0031806176993995
3,0,GCP-Mamba (perm. graph),53,0.0014793183654546,0.0035476048942655
3,0,GCP-Mamba (random order),0,0.004036958470489,0.0038651474751532
3,0,GCP-Mamba (random order),1,0.0038473666927805,0.003789213951677
3,0,GCP-Mamba (random order),2,0.003598546037789,0.0037374880630522
3,0,GCP-Mamba (random order),3,0.003399451100973,0.0039341091178357
3,0,GCP-Mamba (random order),4,0.0031882150479677,0.0046244598925113
3,0,GCP-Mamba (random order),5,0.0032321862227311,0.0039184503257274
3,0,GCP-Mamba (random order),6,0.0032146485508278,0.0039015428628772
3,0,GCP-Mamba (random order),7,0.0031200579692129,0.0034989132545888
3,0,GCP-Mamba (random order),8,0.0027488894852329,0.0039632148109376
3,0,GCP-Mamba (random order),9,0.0026117974370153,0.0036712114233523
3,0,GCP-Mamba (random order),10,0.0024620824930907,0.0040828082710504
3,0,GCP-Mamba (random order),11,0.002586881249127,0.0035644206218421
3,0,GCP-Mamba (random order),12,0.0023522769192685,0.003801172832027
3,0,GCP-Mamba (random order),13,0.0023038213381148,0.0044739698059856
3,0,GCP-Mamba (random order),14,0.002203107107727,0.0037878323346376
3,0,GCP-Mamba (random order),15,0.0021352803010041,0.0037216371856629
3,0,GCP-Mamba (random order),16,0.002232644565855,0.0035295095294713
3,0,GCP-Mamba (random order),17,0.002221547486966,0.0054726651869714
3,0,GCP-Mamba (random order),18,0.003464507884487,0.0040709101594984
3,0,GCP-Mamba (random order),19,0.0027622930409217,0.0038950112648308
3,0,GCP-Mamba (random order),20,0.0022934420584616,0.0038248412311077
3,0,GCP-Mamba (random order),21,0.0020941311024326,0.0039198142476379
3,0,GCP-Mamba (random order),22,0.0019631157100031,0.0039636590518057
3,0,GCP-Mamba (random order),23,0.0019725687646617,0.0041462932713329
3,0,GCP-Mamba (random order),24,0.0018625747920437,0.0040903002955019
3,0,GCP-Mamba (random order),25,0.0019433140881698,0.0039162100292742
3,0,GCP-Mamba (random order),26,0.0020652030185429,0.0037922491319477
3,0,GCP-Mamba (random order),27,0.0020927924338276,0.0038544575218111
3,0,GCP-Mamba (random order),28,0.0025954302647292,0.0035514952614903
3,0,GCP-Mamba (random order),29,0.0020953199939068,0.0036380239762365
3,0,GCP-Mamba (random order),30,0.0018820358920052,0.0038772765547037
3,0,GCP-Mamba (random order),31,0.0017557715023444,0.0039395345374941
3,0,GCP-Mamba (random order),32,0.0016859464777746,0.0036398791708052
3,0,GCP-Mamba (random order),33,0.0016636959961474,0.0036655100993812
3,0,GCP-Mamba (random order),34,0.0016498166333996,0.0034758590627461
3,0,GCP-Mamba (random order),35,0.0016340348361568,0.0034262128174304
3,0,GCP-Mamba (random order),36,0.0016354662366211,0.0035082099493592
3,0,GCP-Mamba (random order),37,0.0015783808934925,0.003499143756926
3,0,GCP-Mamba (random order),38,0.0015277804200057,0.0037010291125625
3,0,GCP-Mamba (random order),39,0.001567392294281,0.0035029831342399
3,0,GCP-Mamba (random order),40,0.0015038866726117,0.0033774119801819
3,0,GCP-Mamba (random order),41,0.0015075630614195,0.003367202123627
3,0,GCP-Mamba (random order),42,0.0015471863567434,0.0036405615974217
3,0,GCP-Mamba (random order),43,0.0015170143345709,0.0037077039014548
3,0,GCP-Mamba (random order),44,0.001465416813241,0.0034128611441701
3,0,GCP-Mamba (random order),45,0.0014940681161754,0.0038907181005924
3,0,GCP-Mamba (random order),46,0.0017385228826297,0.0035532461479306
3,0,GCP-Mamba (random order),47,0.0016845717327669,0.0044433656148612
3,0,GCP-Mamba (random order),48,0.0025446998505768,0.0033165016211569
3,0,GCP-Mamba (random order),49,0.0023282815095488,0.0032233516685664
3,0,GCP-Mamba (random order),50,0.0018244553022227,0.003691503079608
3,0,GCP-Mamba (random order),51,0.0015459446603375,0.0037121328059583
3,0,GCP-Mamba (random order),52,0.001443979623163,0.0034044028725475
3,0,GCP-Mamba (random order),53,0.0013616205559987,0.0034008757211267
3,0,GCP-Mamba (random order),54,0.0013335135828872,0.0033292672596871
3,0,GCP-Mamba (random order),55,0.0013337301365523,0.0035247020423412
3,0,GCP-Mamba (random order),56,0.0012855876191293,0.0032712658867239
3,0,GCP-Mamba (random order),57,0.0012917553646151,0.0034325090236961
3,0,GCP-Mamba (random order),58,0.0014523469109201,0.0035967084113508
3,0,GCP-Mamba (random order),59,0.0014528093337448,0.0033421940170228
3,0,GCP-Mamba (random order),60,0.0013171315799947,0.0033543270546942
3,0,GCP-Mamba (random order),61,0.0012542061916919,0.0034645770210772
3,0,GCP-Mamba (random order),62,0.001209480779697,0.0035368741955608
3,0,GCP-Mamba (random order),63,0.0012410075375528,0.0034367821644991
3,0,GCP-Mamba (random order),64,0.0012106584688422,0.0034520730841904
3,0,Mamba (no graph),0,0.0039733910128812,0.003927384968847
3,0,Mamba (no graph),1,0.0040276116889083,0.0038319625891745
3,0,Mamba (no graph),2,0.0038142810067669,0.0037666505668312
3,0,Mamba (no graph),3,0.003536835651506,0.003882490331307
3,0,Mamba (no graph),4,0.0033434595503477,0.0037978617474436
3,0,Mamba (no graph),5,0.0030820450152863,0.0040977504104375
3,0,Mamba (no graph),6,0.0036883585394896,0.0040544876828789
3,0,Mamba (no graph),7,0.0034479299052195,0.0038037616759538
3,0,Mamba (no graph),8,0.0030068360290236,0.0038146725855767
3,0,Mamba (no graph),9,0.0026586508858158,0.0035065133124589
3,0,Mamba (no graph),10,0.0025246633202627,0.0035912834573537
3,0,Mamba (no graph),11,0.0023428275687337,0.0037377974949777
3,0,Mamba (no graph),12,0.0023974128928261,0.00417200056836
3,0,Mamba (no graph),13,0.0029516424489856,0.0040489910170435
3,0,Mamba (no graph),14,0.0026103654932795,0.0039771827869117
3,0,Mamba (no graph),15,0.0022510761028212,0.0036818562075495
3,0,Mamba (no graph),16,0.0021131144215663,0.0040204869583249
3,0,Mamba (no graph),17,0.0023583210863624,0.0033497314434498
3,0,Mamba (no graph),18,0.0021470152264968,0.0035617114044725
3,0,Mamba (no graph),19,0.002000633214431,0.0033650009427219
3,0,Mamba (no graph),20,0.0019199978736596,0.0034516544546931
3,0,Mamba (no graph),21,0.0018923183811376,0.0034017495345324
3,0,Mamba (no graph),22,0.0018618545992384,0.0033836560323834
3,0,Mamba (no graph),23,0.0017885028060074,0.0033482536673545
3,0,Mamba (no graph),24,0.0017730379900471,0.0033099995926022
3,0,Mamba (no graph),25,0.0018089674307372,0.0033329215366393
3,0,Mamba (no graph),26,0.001688979139241,0.0032572133932262
3,0,Mamba (no graph),27,0.0017858280405176,0.0032564944121986
3,0,Mamba (no graph),28,0.0018078901304044,0.003362318733707
3,0,Mamba (no graph),29,0.0017442167701312,0.0033133516553789
3,0,Mamba (no graph),30,0.0018393553116104,0.0034626859705895
3,0,Mamba (no graph),31,0.0024357211324527,0.0034028806257992
3,0,Mamba (no graph),32,0.0020306826018812,0.0032417480833828
3,0,Mamba (no graph),33,0.0018086390583917,0.0030594512354582
3,0,Mamba (no graph),34,0.0016622674125811,0.0031333139631897
3,0,Mamba (no graph),35,0.0015615386690831,0.002934091258794
3,0,Mamba (no graph),36,0.0014952579301527,0.0031561751384288
3,0,Mamba (no graph),37,0.001490348699559,0.0028870129026472
3,0,Mamba (no graph),38,0.0015812438566971,0.0032952309120446
3,0,Mamba (no graph),39,0.0015083925999616,0.002991322427988
3,0,Mamba (no graph),40,0.0015144275085097,0.003302052617073
3,0,Mamba (no graph),41,0.0013781724441232,0.0029813307337462
3,0,Mamba (no graph),42,0.0013530279657888,0.0029483111575245
3,0,Mamba (no graph),43,0.0014319832112188,0.0031608319841325
3,0,Mamba (no graph),44,0.0014408678804157,0.0029878658242523
3,0,Mamba (no graph),45,0.0013705076593341,0.0030669423285871
3,0,Mamba (no graph),46,0.0014167288953269,0.0032334432471543
3,0,Mamba (no graph),47,0.001398859538533,0.0029802832286804
3,0,Mamba (no graph),48,0.0016199457953034,0.003175898687914
3,0,Mamba (no graph),49,0.001598616815031,0.0029116342775523
3,0,Mamba (no graph),50,0.0014792921931736,0.0031572279985994
3,0,Mamba (no graph),51,0.0014291209112288,0.0027523224707692
3,0,Mamba (no graph),52,0.00132715080646,0.0028824964538216
3,0,Mamba (no graph),53,0.0012700405592719,0.0029074081685394
3,0,Mamba (no graph),54,0.0012715655505995,0.0031042108312249
3,0,Mamba (no graph),55,0.001240309472478,0.0029318260494619
3,0,Mamba (no graph),56,0.0013237943675256,0.0030479573179036
3,0,Mamba (no graph),57,0.001248763969422,0.0030057574622333
3,0,Mamba (no graph),58,0.0012031109142822,0.002929876325652
3,0,Mamba (no graph),59,0.0011857857462018,0.0028824671171605
3,0,Mamba (no graph),60,0.0011496054587151,0.0030320873484015
3,0,Mamba (no graph),61,0.001146086791502,0.0028976765461266
3,0,Mamba (no graph),62,0.0012465127810807,0.0028863088227808
3,0,Mamba (no graph),63,0.0011872365774417,0.0028644590638577
3,0,Mamba (no graph),64,0.001147961968937,0.0029620009008795
3,0,Mamba (no graph),65,0.0012481337956463,0.0028819467406719
3,0,Mamba (no graph),66,0.0012161189506789,0.0028190112207084
3,0,Graph-MLP (no scan),0,0.0041182932768468,0.0039415690116584
3,0,Graph-MLP (no scan),1,0.0040235870207349,0.0040687746368348
3,0,Graph-MLP (no scan),2,0.0038506839226818,0.003765206085518
3,0,Graph-MLP (no scan),3,0.0035690922558194,0.0044900309294462
3,0,Graph-MLP (no scan),4,0.0036182816803568,0.0040048663504421
3,0,Graph-MLP (no scan),5,0.0033282164385485,0.0039140502922236
3,0,Graph-MLP (no scan),6,0.003125689309937,0.0043183732777833
3,0,Graph-MLP (no scan),7,0.0030877390932856,0.0041496213525533
3,0,Graph-MLP (no scan),8,0.0029077732893214,0.0041122580878436
3,0,Graph-MLP (no scan),9,0.0025583511098485,0.0039883009158074
3,0,Graph-MLP (no scan),10,0.0024070311196599,0.0040211235173046
3,0,Graph-MLP (no scan),11,0.0031073314109534,0.0039438996464014
3,0,Graph-MLP (no scan),12,0.0034073139329186,0.003530750516802
3,0,Graph-MLP (no scan),13,0.0029737329054059,0.0035824184305965
3,0,Graph-MLP (no scan),14,0.0025302691060598,0.004146262537688
3,0,Graph-MLP (no scan),15,0.0022757302362923,0.0040969299152493
3,0,Graph-MLP (no scan),16,0.0022711259891476,0.003969051875174
3,0,Graph-MLP (no scan),17,0.002141817084824,0.0040859724394977
3,0,Graph-MLP (no scan),18,0.0021709322428443,0.0038426222745329
3,0,Graph-MLP (no scan),19,0.0022088686625162,0.0072183371521532
3,0,Graph-MLP (no scan),20,0.0034322902757787,0.0045980415306985
3,0,Graph-MLP (no scan),21,0.0029328506101261,0.004076185170561
3,0,Graph-MLP (no scan),22,0.0023602705279534,0.004291461315006
3,0,Graph-MLP (no scan),23,0.0022200622003186,0.0037677357904613
3,0,Graph-MLP (no scan),24,0.0020140875624774,0.0039872080087661
3,0,Graph-MLP (no scan),25,0.0019545930324856,0.0038201045244932
3,0,Graph-MLP (no scan),26,0.0020783070093867,0.0037839477881789
3,0,Graph-MLP (no scan),27,0.0020661294163966,0.0039190524257719
3,0,Graph-MLP (no scan),28,0.0021681198285836,0.0037483221385627
3,0,Graph-MLP (no scan),29,0.0020127991482502,0.0044886004179716
3,0,Graph-MLP (no scan),30,0.0018654531291262,0.003730705473572
3,0,Graph-MLP (no scan),31,0.0018032571180921,0.0038640676066279
3,0,Graph-MLP (no scan),32,0.0018073518189008,0.0037578265182673
3,0,Graph-MLP (no scan),33,0.0017314646816389,0.0040557859465479
3,0,Graph-MLP (no scan),34,0.001748875157456,0.0037695956416428
3,0,Graph-MLP (no scan),35,0.0017635566429376,0.0038192819338291
3,0,Graph-MLP (no scan),36,0.0017402995991605,0.0035201688297092
3,0,Graph-MLP (no scan),37,0.0016900779975747,0.0037646365817636
3,0,Graph-MLP (no scan),38,0.0017255327706648,0.0038221648428589
3,0,Graph-MLP (no scan),39,0.0018409638185844,0.0035452095326036
3,0,Graph-MLP (no scan),40,0.001732166927082,0.0036407771985977
3,0,Graph-MLP (no scan),41,0.0016282395438545,0.0037116950843483
3,0,Graph-MLP (no scan),42,0.0016533107934237,0.0039963312447071
3,0,Graph-MLP (no scan),43,0.0016335088329276,0.0032128805760294
3,0,Graph-MLP (no scan),44,0.0015968968386225,0.0036269172560423
3,0,Graph-MLP (no scan),45,0.0019462724131616,0.0037941171322017
3,0,Graph-MLP (no scan),46,0.0021544258660552,0.0042822058312594
3,0,Graph-MLP (no scan),47,0.0019517863331588,0.003843737533316
3,0,Graph-MLP (no scan),48,0.0017764374903036,0.0037294714711606
3,0,Graph-MLP (no scan),49,0.001699701075047,0.0039884815923869
3,0,Graph-MLP (no scan),50,0.0016670300498266,0.0032251977827399
3,0,Graph-MLP (no scan),51,0.0015561336609111,0.0034090890549123
3,0,Graph-MLP (no scan),52,0.0015590829337297,0.0038157803937792
3,0,Graph-MLP (no scan),53,0.0015787984999461,0.0035827127285301
3,0,Graph-MLP (no scan),54,0.0016239251884998,0.0033316093031316
3,0,Graph-MLP (no scan),55,0.0015856951411644,0.0039238235913217
3,0,Graph-MLP (no scan),56,0.0015528613249912,0.0032392519060522
3,0,Graph-MLP (no scan),57,0.0014617793000952,0.0040840888395905
3,0,Graph-MLP (no scan),58,0.0014783310400547,0.0032327757216989
3,0,"GCP-Mamba (Delta only, w_c~N(0,1))",0,0.0040150066188564,0.0040579745545983
3,0,"GCP-Mamba (Delta only, w_c~N(0,1))",1,0.0039555628247784,0.0038562356494367
3,0,"GCP-Mamba (Delta only, w_c~N(0,1))",2,0.0037957276852632,0.0038731908425688
3,0,"GCP-Mamba (Delta only, w_c~N(0,1))",3,0.003561386923221,0.0038157876115292
3,0,"GCP-Mamba (Delta only, w_c~N(0,1))",4,0.0033159410637436,0.0038463862147182
3,0,"GCP-Mamba (Delta only, w_c~N(0,1))",5,0.0031787209763106,0.0039328541606664
3,0,"GCP-Mamba (Delta only, w_c~N(0,1))",6,0.0031392745476103,0.0039580091834068
3,0,"GCP-Mamba (Delta only, w_c~N(0,1))",7,0.003363684581762,0.0045646023936569
3,0,"GCP-Mamba (Delta only, w_c~N(0,1))",8,0.0031683682887391,0.004113754723221
3,0,"GCP-Mamba (Delta only, w_c~N(0,1))",9,0.0027608868602493,0.0038129691965878
3,0,"GCP-Mamba (Delta only, w_c~N(0,1))",10,0.0024712006032297,0.0035761876497417
3,0,"GCP-Mamba (Delta only, w_c~N(0,1))",11,0.0022618319437077,0.0035670259967446
3,0,"GCP-Mamba (Delta only, w_c~N(0,1))",12,0.0021677568103327,0.0038476586341857
3,0,"GCP-Mamba (Delta only, w_c~N(0,1))",13,0.0021515017248351,0.0036724943201988
3,0,"GCP-Mamba (Delta only, w_c~N(0,1))",14,0.0024781806507345,0.0040227994322776
3,0,"GCP-Mamba (Delta only, w_c~N(0,1))",15,0.0025618437988062,0.0035335344728082
3,0,"GCP-Mamba (Delta only, w_c~N(0,1))",16,0.002347083508291,0.0034221543464809
3,0,"GCP-Mamba (Delta only, w_c~N(0,1))",17,0.0020942224267249,0.0033321687951684
3,0,"GCP-Mamba (Delta only, w_c~N(0,1))",18,0.0019335189559073,0.0036288015544414
3,0,"GCP-Mamba (Delta only, w_c~N(0,1))",19,0.0019246448522828,0.0029357990715652
3,0,"GCP-Mamba (Delta only, w_c~N(0,1))",20,0.0019561913231331,0.0032232159283012
3,0,"GCP-Mamba (Delta only, w_c~N(0,1))",21,0.0018489791934068,0.0031660674139857
3,0,"GCP-Mamba (Delta only, w_c~N(0,1))",22,0.0018795006873198,0.0031978031620383
3,0,"GCP-Mamba (Delta only, w_c~N(0,1))",23,0.0019025433681566,0.0033172755502164
3,0,"GCP-Mamba (Delta only, w_c~N(0,1))",24,0.0018015993109932,0.0033508399501442
3,0,"GCP-Mamba (Delta only, w_c~N(0,1))",25,0.0017408680445937,0.0030153568368405
3,0,"GCP-Mamba (Delta only, w_c~N(0,1))",26,0.0017033640161213,0.0030983095057308
3,0,"GCP-Mamba (Delta only, w_c~N(0,1))",27,0.0017271448406531,0.0032382020726799
3,0,"GCP-Mamba (Delta only, w_c~N(0,1))",28,0.0019344421258817,0.0034221520181745
3,0,"GCP-Mamba (Delta only, w_c~N(0,1))",29,0.0020024193606028,0.0036268546245992
3,0,"GCP-Mamba (Delta only, w_c~N(0,1))",30,0.0019193698376925,0.0029824785888195
3,0,"GCP-Mamba (Delta only, w_c~N(0,1))",31,0.0018116438295692,0.0031372450757771
3,0,"GCP-Mamba (Delta only, w_c~N(0,1))",32,0.0017160665963522,0.0031064299400895
3,0,"GCP-Mamba (Delta only, w_c~N(0,1))",33,0.001610939394485,0.0029286509379744
3,0,"GCP-Mamba (Delta only, w_c~N(0,1))",34,0.0016294864472001,0.0031789760105311
3,0,"GCP-Mamba (Delta only, w_c~N(0,1))",35,0.0015152371312124,0.0029549580067396
3,0,"GCP-Mamba (Delta only, w_c~N(0,1))",36,0.001495361716176,0.0028610927984118
3,0,"GCP-Mamba (Delta only, w_c~N(0,1))",37,0.0014848938232965,0.0028481020126491
3,0,"GCP-Mamba (Delta only, w_c~N(0,1))",38,0.0014492990078658,0.0028379624709486
3,0,"GCP-Mamba (Delta only, w_c~N(0,1))",39,0.0014994416110725,0.0031401060987263
3,0,"GCP-Mamba (Delta only, w_c~N(0,1))",40,0.0017794737042012,0.0027930377982556
3,0,"GCP-Mamba (Delta only, w_c~N(0,1))",41,0.0015418179065101,0.0029686309862881
3,0,"GCP-Mamba (Delta only, w_c~N(0,1))",42,0.0013733274924258,0.0027707109693437
3,0,"GCP-Mamba (Delta only, w_c~N(0,1))",43,0.0013450110211234,0.0027398937381803
3,0,"GCP-Mamba (Delta only, w_c~N(0,1))",44,0.00132430567773,0.0030552295502275
3,0,"GCP-Mamba (Delta only, w_c~N(0,1))",45,0.0013346500204396,0.0026815629098564
3,0,"GCP-Mamba (Delta only, w_c~N(0,1))",46,0.0013000176951402,0.002761241979897
3,0,"GCP-Mamba (Delta only, w_c~N(0,1))",47,0.0012435661558287,0.0027488151099532
3,0,"GCP-Mamba (Delta only, w_c~N(0,1))",48,0.0012361625047174,0.0029213377274572
3,0,"GCP-Mamba (Delta only, w_c~N(0,1))",49,0.001401138149738,0.0029289843514561
3,0,"GCP-Mamba (Delta only, w_c~N(0,1))",50,0.0013899226817584,0.0028288883622735
3,0,"GCP-Mamba (Delta only, w_c~N(0,1))",51,0.0012853201125946,0.0028253246564418
3,0,"GCP-Mamba (Delta only, w_c~N(0,1))",52,0.0012559198887284,0.002698405412957
3,0,"GCP-Mamba (Delta only, w_c~N(0,1))",53,0.001307483864807,0.0030960619915276
3,0,"GCP-Mamba (Delta only, w_c~N(0,1))",54,0.001397577304901,0.0026347187813371
3,0,"GCP-Mamba (Delta only, w_c~N(0,1))",55,0.001422999326182,0.0032092863693833
3,0,"GCP-Mamba (Delta only, w_c~N(0,1))",56,0.0014584691609453,0.002717463299632
3,0,"GCP-Mamba (Delta only, w_c~N(0,1))",57,0.0013308273645992,0.002833783859387
3,0,"GCP-Mamba (Delta only, w_c~N(0,1))",58,0.0013040773372984,0.0026967306621372
3,0,"GCP-Mamba (Delta only, w_c~N(0,1))",59,0.0013121019583195,0.0028038409072905
3,0,"GCP-Mamba (Delta only, w_c~N(0,1))",60,0.0012088845868482,0.0029118887614458
3,0,"GCP-Mamba (Delta only, w_c~N(0,1))",61,0.0011459155110501,0.0026905655395239
3,0,"GCP-Mamba (Delta only, w_c~N(0,1))",62,0.0011521622566788,0.0028126621618866
3,0,"GCP-Mamba (Delta only, w_c~N(0,1))",63,0.0011470498989872,0.0028618902433663
3,0,"GCP-Mamba (Delta only, w_c~N(0,1))",64,0.0010946179479078,0.002786973491311
3,0,"GCP-Mamba (Delta only, w_c~N(0,1))",65,0.0010628498752008,0.0027830936014652
3,0,"GCP-Mamba (Delta only, w_c~N(0,1))",66,0.0010860745378798,0.0028535642195492
3,0,"GCP-Mamba (Delta only, w_c~N(0,1))",67,0.0010826569861929,0.0027660164050757
3,0,"GCP-Mamba (Delta only, w_c~N(0,1))",68,0.0010924926909589,0.0028322541620582
3,0,"GCP-Mamba (Delta only, w_c~N(0,1))",69,0.0010821734286957,0.0029496552888303
3,0,GCP-Mamba (additive prior),0,0.0028865173402609,0.0015877436380833
3,0,GCP-Mamba (additive prior),1,0.0029866436468155,0.0015802631387487
3,0,GCP-Mamba (additive prior),2,0.0027897577436471,0.0015609241090714
3,0,GCP-Mamba (additive prior),3,0.0027468994852494,0.0015801293775439
3,0,GCP-Mamba (additive prior),4,0.0027192837530464,0.0016164309345185
3,0,GCP-Mamba (additive prior),5,0.0026929198736042,0.0016370045486837
3,0,GCP-Mamba (additive prior),6,0.0026867435398426,0.001670183497481
3,0,GCP-Mamba (additive prior),7,0.0026664081255369,0.0017275980208069
3,0,GCP-Mamba (additive prior),8,0.0025945649955026,0.0017936014337465
3,0,GCP-Mamba (additive prior),9,0.0025605815674432,0.0019038855098187
3,0,GCP-Mamba (additive prior),10,0.0025820962548481,0.0018113134428858
3,0,GCP-Mamba (additive prior),11,0.0025490360002908,0.0018984919879585
3,0,GCP-Mamba (additive prior),12,0.0024932948396202,0.0019440439064055
3,0,GCP-Mamba (additive prior),13,0.0024715757533682,0.0020260012242943
3,0,GCP-Mamba (additive prior),14,0.0025464539260913,0.0020795597229152
3,0,GCP-Mamba (additive prior),15,0.002521596348026,0.0021232394501566
3,0,GCP-Mamba (additive prior),16,0.0024257007682921,0.0019970824941992
3,0,GCP-Mamba (additive prior),17,0.0023684789264348,0.0021329538431018
3,0,GCP-Mamba (additive prior),18,0.0023104341940559,0.0022555727045983
3,0,GCP-Mamba (additive prior),19,0.0023224431859103,0.0022834842093288
3,0,GCP-Mamba (additive prior),20,0.0022877622184089,0.0023550081532448
3,0,GCP-Mamba (additive prior),21,0.0023006226295943,0.0026942144613713
3,0,GCP-Mamba (additive prior),22,0.0022723520929558,0.0027101358864456
3,0,GCP-Mamba (additive prior),23,0.0022513855418021,0.0024336560163646
3,0,GCP-Mamba (additive prior),24,0.0023023716533895,0.00334810372442
3,0,GCP-Mamba (additive prior),25,0.0022559207511331,0.002345509128645
3,0,GCP-Mamba (additive prior),26,0.002076895547692,0.0028828335925936
3,0,GCP-Mamba (additive prior),27,0.0021642278385997,0.0022766976617276
3,0,GCP-Mamba (additive prior),28,0.0021972116365125,0.0024616406299173
3,0,GCP-Mamba (additive prior),29,0.0019422527402639,0.0026853214949369
3,0,GCP-Mamba (additive prior),30,0.001946106990517,0.0030024731531739
3,0,GCP-Mamba (additive prior),31,0.0019862163762533,0.002877046354115
3,0,GCP-Mamba (additive prior),32,0.0018567786883619,0.0025354959070682
3,0,GCP-Mamba (additive prior),33,0.0017717045019239,0.0029056014027446
3,0,GCP-Mamba (additive prior),34,0.0018655501948105,0.00335622462444
3,0,GCP-Mamba (additive prior),35,0.001829329003213,0.0027191094122827
3,0,GCP-Mamba (additive prior),36,0.0018089616840535,0.0029870236758142
3,0,GCP-Mamba (additive prior),37,0.0017727853705626,0.0033213526476174
3,0,GCP-Mamba (additive prior),38,0.0016521480195506,0.0034176385961472
3,0,GCP-Mamba (additive prior),39,0.001600636643795,0.0036026155576109
3,0,Mamba (additive prior),0,0.0029048226900737,0.0018320603994652
3,0,Mamba (additive prior),1,0.0028894170483743,0.001602251199074
3,0,Mamba (additive prior),2,0.002818406115032,0.001857565017417
3,0,Mamba (additive prior),3,0.0029650628002304,0.0017364309169352
3,0,Mamba (additive prior),4,0.0027818053812635,0.0018035426037386
3,0,Mamba (additive prior),5,0.0028122344731607,0.0017529120668768
3,0,Mamba (additive prior),6,0.0027252407109534,0.0017068574670702
3,0,Mamba (additive prior),7,0.0026783629137119,0.0017552692443132
3,0,Mamba (additive prior),8,0.0026606881327814,0.001823196420446
3,0,Mamba (additive prior),9,0.0026332437850986,0.0017738003516569
3,0,Mamba (additive prior),10,0.0026255510218272,0.001859315438196
3,0,Mamba (additive prior),11,0.0025418420237573,0.0019753868691623
3,0,Mamba (additive prior),12,0.0025099512669398,0.0019914451986551
3,0,Mamba (additive prior),13,0.0024886572112639,0.0019955860916525
3,0,Mamba (additive prior),14,0.0024620128767282,0.0021600588224828
3,0,Mamba (additive prior),15,0.002387990483619,0.0021592993289232
3,0,Mamba (additive prior),16,0.0024167923397864,0.0020920019596815
3,0,Mamba (additive prior),17,0.002387353444867,0.0021775113418698
3,0,Mamba (additive prior),18,0.0024290398066637,0.001889304141514
3,0,Mamba (additive prior),19,0.0023945627494178,0.0019076922908425
3,0,Mamba (additive prior),20,0.0023420083364754,0.0021451136562973
3,0,Mamba (additive prior),21,0.0022880627322151,0.0020283053163439
3,0,Mamba (additive prior),22,0.0022333691154155,0.0023693901021033
3,0,Mamba (additive prior),23,0.0022040902086618,0.0022333378437906
3,0,Mamba (additive prior),24,0.0022116238709934,0.0021557537838816
3,0,Mamba (additive prior),25,0.0021784476826503,0.0021895552054047
3,0,Mamba (additive prior),26,0.0020427130952929,0.002277527237311
3,0,Mamba (additive prior),27,0.0020071741398141,0.0021003987640142
3,0,Mamba (additive prior),28,0.0019545544884308,0.0020105396397411
3,0,Mamba (additive prior),29,0.0019535815756005,0.0021098686847835
3,0,Mamba (additive prior),30,0.0018445462284779,0.0019861089531332
3,0,Mamba (additive prior),31,0.0018013117404541,0.0018012946238741
3,0,Mamba (additive prior),32,0.0018150345351772,0.0027837334200739
3,0,Mamba (additive prior),33,0.0021188861838626,0.0019410678651183
3,0,Mamba (additive prior),34,0.0019866005715095,0.0022403914481401
3,0,Mamba (additive prior),35,0.0017130680622137,0.0019645632710307
3,0,Mamba (additive prior),36,0.0017818265142991,0.0023382629733532
3,0,Mamba (additive prior),37,0.001992001374619,0.0023001048248261
3,0,Mamba (additive prior),38,0.0018399200388089,0.0021761707030236
3,0,Mamba (additive prior),39,0.0017240835868781,0.0022183377295732
4,0,GCP-Mamba,0,0.0043114712193822,0.0036508915945887
4,0,GCP-Mamba,1,0.0040250733300453,0.003256794065237
4,0,GCP-Mamba,2,0.0037666590073608,0.0029080230742692
4,0,GCP-Mamba,3,0.0035436283914278,0.0028314848896116
4,0,GCP-Mamba,4,0.0033149428920244,0.0026757130399346
4,0,GCP-Mamba,5,0.003181716283991,0.0025144058745354
4,0,GCP-Mamba,6,0.0029907866930522,0.0025951205752789
4,0,GCP-Mamba,7,0.0028178840758372,0.00294905831106
4,0,GCP-Mamba,8,0.0027571198456793,0.0023010813165456
4,0,GCP-Mamba,9,0.0029458499600668,0.0028299645055085
4,0,GCP-Mamba,10,0.0025408044809194,0.0022537191398441
4,0,GCP-Mamba,11,0.0023711373993503,0.0021695550531148
4,0,GCP-Mamba,12,0.0021958032358276,0.0020780574996024
4,0,GCP-Mamba,13,0.0025115943063224,0.0024686984252184
4,0,GCP-Mamba,14,0.002292997315995,0.0023697325959801
4,0,GCP-Mamba,15,0.0023088602151507,0.0020980855915695
4,0,GCP-Mamba,16,0.0022136101025163,0.0020440039224922
4,0,GCP-Mamba,17,0.0021523833576348,0.002081440994516
4,0,GCP-Mamba,18,0.0021770819083606,0.0021632798016071
4,0,GCP-Mamba,19,0.0022819658536999,0.0020110155455768
4,0,GCP-Mamba,20,0.0019826829858901,0.002004584763199
4,0,GCP-Mamba,21,0.0020892030815761,0.0020225446205586
4,0,GCP-Mamba,22,0.00186940664995,0.0019409307278692
4,0,GCP-Mamba,23,0.0018874689427425,0.0019979421049356
4,0,GCP-Mamba,24,0.0018571535520684,0.0019831091631203
4,0,GCP-Mamba,25,0.0018966637079423,0.0020308431703597
4,0,GCP-Mamba,26,0.0018251163938598,0.0019935346208512
4,0,GCP-Mamba,27,0.0017130531545681,0.0018835215596482
4,0,GCP-Mamba,28,0.0016613141139433,0.0020249260123819
4,0,GCP-Mamba,29,0.0016545365922983,0.0019008251838386
4,0,GCP-Mamba,30,0.0016363771035999,0.001922866795212
4,0,GCP-Mamba,31,0.0016067440340148,0.0019562374800443
4,0,GCP-Mamba,32,0.0015967037870461,0.0018914156826213
4,0,GCP-Mamba,33,0.0015123677238982,0.0018511954694986
4,0,GCP-Mamba,34,0.0015254690631781,0.0018811818445101
4,0,GCP-Mamba,35,0.0014995763383189,0.0018597411690279
4,0,GCP-Mamba,36,0.0014712196756355,0.0018740872619673
4,0,GCP-Mamba,37,0.0019276057354931,0.0024281786754727
4,0,GCP-Mamba,38,0.0022364158866752,0.0026113672647625
4,0,GCP-Mamba,39,0.0020256266064888,0.0019212861079722
4,0,GCP-Mamba,40,0.0016592396335281,0.0019600640516728
4,0,GCP-Mamba,41,0.0015224879398178,0.0018253969028592
4,0,GCP-Mamba,42,0.0014568469286125,0.0018458483973518
4,0,GCP-Mamba,43,0.0013913198620442,0.0018943651812151
4,0,GCP-Mamba,44,0.001358400803334,0.0017737270100042
4,0,GCP-Mamba,45,0.0013233376599901,0.0017858044011518
4,0,GCP-Mamba,46,0.0013137118699926,0.0018130978569388
4,0,GCP-Mamba,47,0.0015001408471022,0.00216416711919
4,0,GCP-Mamba,48,0.0014485230287469,0.0021552194375544
4,0,GCP-Mamba,49,0.0014692006713087,0.0018242767546325
4,0,GCP-Mamba,50,0.0014025392295564,0.0018162261694669
4,0,GCP-Mamba,51,0.0012828892485486,0.0017816125182434
4,0,GCP-Mamba,52,0.0012991540494086,0.0018832091009244
4,0,GCP-Mamba,53,0.0013532189890179,0.0018256644252687
4,0,GCP-Mamba,54,0.0013158851145706,0.0018837641691789
4,0,GCP-Mamba,55,0.00139784865021,0.0019556656479835
4,0,GCP-Mamba,56,0.0013753479646465,0.0018882453441619
4,0,GCP-Mamba,57,0.0015131836684199,0.0019896333105862
4,0,GCP-Mamba,58,0.001390972721186,0.0017488047014921
4,0,GCP-Mamba,59,0.0012707908959429,0.0017591010546311
4,0,GCP-Mamba,60,0.0011932609842339,0.0018701938679441
4,0,GCP-Mamba,61,0.0011933430821614,0.0017397464253008
4,0,GCP-Mamba,62,0.0011569999138281,0.001699935644865
4,0,GCP-Mamba,63,0.0011387564201685,0.0017825736431404
4,0,GCP-Mamba,64,0.0012493082539935,0.0019224121933802
4,0,GCP-Mamba,65,0.0012424439568702,0.0017819431377574
4,0,GCP-Mamba,66,0.0011496008968436,0.0017561443382874
4,0,GCP-Mamba,67,0.0011185309950181,0.0017372665461152
4,0,GCP-Mamba,68,0.0011194227941722,0.0017011151649057
4,0,GCP-Mamba,69,0.0012191626010462,0.0018126531504094
4,0,GCP-Mamba,70,0.0011361890670126,0.0017736096633598
4,0,GCP-Mamba,71,0.0010864868786909,0.0018245852552354
4,0,GCP-Mamba,72,0.0010657936963587,0.0017772116698324
4,0,GCP-Mamba,73,0.0010663459040626,0.0017313929274678
4,0,GCP-Mamba,74,0.001015136619735,0.0017110096523538
4,0,GCP-Mamba,75,0.0009892107726228,0.0017013864126056
4,0,GCP-Mamba,76,0.0009773090764839,0.0016618671361356
4,0,GCP-Mamba,77,0.001047010291887,0.0019105251412838
4,0,GCP-Mamba,78,0.0011154946049494,0.0018395450897514
4,0,GCP-Mamba,79,0.0011472155376866,0.0018399133114144
4,0,GCP-Mamba,80,0.0012039464890869,0.0017662822501733
4,0,GCP-Mamba,81,0.0011386134428903,0.0020927803125232
4,0,GCP-Mamba,82,0.0011722107062772,0.0017516580410301
4,0,GCP-Mamba,83,0.0010274447971392,0.0017233651597052
4,0,GCP-Mamba,84,0.000985868480358,0.001721124863252
4,0,GCP-Mamba,85,0.0009771568588443,0.0017475247150287
4,0,GCP-Mamba,86,0.0010196642494566,0.0017476743087172
4,0,GCP-Mamba,87,0.0009645386900511,0.0017160271527245
4,0,GCP-Mamba,88,0.0009584086319002,0.0017073499038815
4,0,GCP-Mamba,89,0.0009533829326245,0.0017911664908751
4,0,GCP-Mamba,90,0.0010943200402363,0.0016826842911541
4,0,GCP-Mamba,91,0.0011049578420268,0.0017066776053979
4,0,GCP-Mamba (Delta only),0,0.0042433868808899,0.0035820570774376
4,0,GCP-Mamba (Delta only),1,0.0040411150498355,0.0033853473141789
4,0,GCP-Mamba (Delta only),2,0.0038175128313223,0.0029760801699012
4,0,GCP-Mamba (Delta only),3,0.0037590717903519,0.0030931609217077
4,0,GCP-Mamba (Delta only),4,0.0036601316294358,0.0028948164544999
4,0,GCP-Mamba (Delta only),5,0.0033220933823973,0.002693201880902
4,0,GCP-Mamba (Delta only),6,0.0030795877410782,0.0026764255017042
4,0,GCP-Mamba (Delta only),7,0.0028582576456272,0.0023447328712791
4,0,GCP-Mamba (Delta only),8,0.0026985015678252,0.0024033873341977
4,0,GCP-Mamba (Delta only),9,0.002637270770183,0.0026421470101922
4,0,GCP-Mamba (Delta only),10,0.0028631984685018,0.0028747306205332
4,0,GCP-Mamba (Delta only),11,0.003054762810214,0.0025519803166389
4,0,GCP-Mamba (Delta only),12,0.0027232132617571,0.0025540092028677
4,0,GCP-Mamba (Delta only),13,0.0025745884937455,0.002213857602328
4,0,GCP-Mamba (Delta only),14,0.0025531011064061,0.0023192134685814
4,0,GCP-Mamba (Delta only),15,0.0022595952861279,0.0021513365209102
4,0,GCP-Mamba (Delta only),16,0.0021025271886932,0.0020538598764687
4,0,GCP-Mamba (Delta only),17,0.0020612119102394,0.0020292049739509
4,0,GCP-Mamba (Delta only),18,0.0019903056844465,0.0020427869167178
4,0,GCP-Mamba (Delta only),19,0.0020203392051508,0.0021445895545184
4,0,GCP-Mamba (Delta only),20,0.0021440495097031,0.0021405923180282
4,0,GCP-Mamba (Delta only),21,0.0019825931886385,0.0020177974365651
4,0,GCP-Mamba (Delta only),22,0.001903637369304,0.0019996424671262
4,0,GCP-Mamba (Delta only),23,0.0018333986622663,0.0020603581797331
4,0,GCP-Mamba (Delta only),24,0.0017954918200806,0.0019659996032714
4,0,GCP-Mamba (Delta only),25,0.001887750446716,0.0020162563305348
4,0,GCP-Mamba (Delta only),26,0.0017804457331176,0.0019377534044906
4,0,GCP-Mamba (Delta only),27,0.0017603332086352,0.0019852207042276
4,0,GCP-Mamba (Delta only),28,0.001793915553273,0.0019720802083611
4,0,GCP-Mamba (Delta only),29,0.0017562161648659,0.0020918762311339
4,0,GCP-Mamba (Delta only),30,0.0017022134429647,0.0018498445861041
4,0,GCP-Mamba (Delta only),31,0.0016209486467435,0.0018969435477629
4,0,GCP-Mamba (Delta only),32,0.0016931109716646,0.002063246211037
4,0,GCP-Mamba (Delta only),33,0.0019151988454337,0.0021865048911422
4,0,GCP-Mamba (Delta only),34,0.0019504393089944,0.0023273213300853
4,0,GCP-Mamba (Delta only),35,0.0017806056082054,0.0020678651053458
4,0,GCP-Mamba (Delta only),36,0.0017322833036749,0.0019200035603716
4,0,GCP-Mamba (Delta only),37,0.0015780235114741,0.0019308552145957
4,0,GCP-Mamba (Delta only),38,0.001506964444089,0.0019915858283638
4,0,GCP-Mamba (Delta only),39,0.0014837019383344,0.0018436062382534
4,0,GCP-Mamba (Delta only),40,0.0014657455717595,0.0018354353960603
4,0,GCP-Mamba (Delta only),41,0.0014099883570556,0.0018606713274493
4,0,GCP-Mamba (Delta only),42,0.0014230117742843,0.001774757169187
4,0,GCP-Mamba (Delta only),43,0.0014004164820088,0.0018350010504946
4,0,GCP-Mamba (Delta only),44,0.0013316773387382,0.0018483222229406
4,0,GCP-Mamba (Delta only),45,0.0016058800773855,0.0019127056002616
4,0,GCP-Mamba (Delta only),46,0.0016604051833114,0.0021379343234002
4,0,GCP-Mamba (Delta only),47,0.0015722138978031,0.0019436684669926
4,0,GCP-Mamba (Delta only),48,0.0014160157628558,0.0017953930655494
4,0,GCP-Mamba (Delta only),49,0.0013107809258236,0.0017967366147786
4,0,GCP-Mamba (Delta only),50,0.0013503887022262,0.0018127532675862
4,0,GCP-Mamba (Delta only),51,0.0013129655556525,0.0019627748988568
4,0,GCP-Mamba (Delta only),52,0.0013019028450563,0.0018576096044853
4,0,GCP-Mamba (Delta only),53,0.0013217051268937,0.001963343238458
4,0,GCP-Mamba (Delta only),54,0.0012910415078412,0.0019632996991276
4,0,GCP-Mamba (Delta only),55,0.001285581563921,0.0018299348885193
4,0,GCP-Mamba (Delta only),56,0.0012018286108823,0.0019110456341877
4,0,GCP-Mamba (Delta only),57,0.0012308886197643,0.0018538599833846
4,0,GCP-Mamba (perm. graph),0,0.0043077651300742,0.0036665548104792
4,0,GCP-Mamba (perm. graph),1,0.0040190304753457,0.0032380274496972
4,0,GCP-Mamba (perm. graph),2,0.0037480817752615,0.002895169192925
4,0,GCP-Mamba (perm. graph),3,0.0035591785454278,0.0028641752433031
4,0,GCP-Mamba (perm. graph),4,0.0033367324332378,0.002633761614561
4,0,GCP-Mamba (perm. graph),5,0.00312270166808,0.0025407045613974
4,0,GCP-Mamba (perm. graph),6,0.0029540245384379,0.0023865331895649
4,0,GCP-Mamba (perm. graph),7,0.0026850682187477,0.002524877898395
4,0,GCP-Mamba (perm. graph),8,0.0026386107298002,0.0022037478629499
4,0,GCP-Mamba (perm. graph),9,0.0031977956511562,0.0030840479303151
4,0,GCP-Mamba (perm. graph),10,0.0029045004102823,0.0025987850967794
4,0,GCP-Mamba (perm. graph),11,0.0026972162882335,0.0022167931310832
4,0,GCP-Mamba (perm. graph),12,0.0023121062193816,0.002102899365127
4,0,GCP-Mamba (perm. graph),13,0.0023187426992578,0.0022343180608004
4,0,GCP-Mamba (perm. graph),14,0.0023351270728912,0.0021860036067664
4,0,GCP-Mamba (perm. graph),15,0.002336888460161,0.0021554541308432
4,0,GCP-Mamba (perm. graph),16,0.0023045799018238,0.002332423813641
4,0,GCP-Mamba (perm. graph),17,0.0021631842874419,0.0021026430185884
4,0,GCP-Mamba (perm. graph),18,0.0021634005351836,0.0021668763365596
4,0,GCP-Mamba (perm. graph),19,0.0021449852024586,0.0020177953410893
4,0,GCP-Mamba (perm. graph),20,0.001994423541448,0.0019865708891302
4,0,GCP-Mamba (perm. graph),21,0.0021485811503094,0.0019978208001703
4,0,GCP-Mamba (perm. graph),22,0.0019206344476639,0.0020679642912
4,0,GCP-Mamba (perm. graph),23,0.0018955587908598,0.0019658147357404
4,0,GCP-Mamba (perm. graph),24,0.0017912602588105,0.0019233155762776
4,0,GCP-Mamba (perm. graph),25,0.0018461361266136,0.0019997002091258
4,0,GCP-Mamba (perm. graph),26,0.0018067873600642,0.0019778925925493
4,0,GCP-Mamba (perm. graph),27,0.001738973813242,0.0019054242875427
4,0,GCP-Mamba (perm. graph),28,0.0016587939893947,0.0019596377387642
4,0,GCP-Mamba (perm. graph),29,0.0017884176386949,0.0021226399112492
4,0,GCP-Mamba (perm. graph),30,0.0018156384471334,0.0020163350272923
4,0,GCP-Mamba (perm. graph),31,0.0017801005386566,0.0020712872501462
4,0,GCP-Mamba (perm. graph),32,0.0017494602621325,0.0019894035067409
4,0,GCP-Mamba (perm. graph),33,0.0016175969830452,0.0019856616854667
4,0,GCP-Mamba (perm. graph),34,0.0017406467881,0.0019796916749328
4,0,GCP-Mamba (perm. graph),35,0.0019124642076479,0.0020121205598115
4,0,GCP-Mamba (perm. graph),36,0.0020903343127089,0.0022759533021599
4,0,GCP-Mamba (perm. graph),37,0.0017465022886707,0.0019448462408035
4,0,GCP-Mamba (perm. graph),38,0.0015795781736081,0.0019596642814576
4,0,GCP-Mamba (perm. graph),39,0.0015793592684145,0.0018818696262314
4,0,GCP-Mamba (perm. graph),40,0.0014796255055057,0.0018583764322102
4,0,GCP-Mamba (perm. graph),41,0.00142259914897,0.0018222416983917
4,0,GCP-Mamba (perm. graph),42,0.0014110093956424,0.0018312787869945
4,0,GCP-Mamba (perm. graph),43,0.0013752367469756,0.0019062518840655
4,0,GCP-Mamba (perm. graph),44,0.0013643030718759,0.0017955679213628
4,0,GCP-Mamba (perm. graph),45,0.0013481900627765,0.001833877293393
4,0,GCP-Mamba (perm. graph),46,0.0013582518277354,0.0018656325992196
4,0,GCP-Mamba (perm. graph),47,0.0016568071081591,0.0024352753534913
4,0,GCP-Mamba (perm. graph),48,0.0015014615286771,0.0019467542879283
4,0,GCP-Mamba (perm. graph),49,0.0014321295286548,0.0018661299254745
4,0,GCP-Mamba (perm. graph),50,0.0013188842638804,0.0018095967825502
4,0,GCP-Mamba (perm. graph),51,0.0012733534785831,0.0017413698369637
4,0,GCP-Mamba (perm. graph),52,0.0013048420099059,0.0018426395254209
4,0,GCP-Mamba (perm. graph),53,0.0013237759661894,0.0018163486383855
4,0,GCP-Mamba (perm. graph),54,0.0012715475712467,0.0019423211924731
4,0,GCP-Mamba (perm. graph),55,0.0013110207857751,0.0017836092738434
4,0,GCP-Mamba (perm. graph),56,0.0012430258173991,0.0018632289720699
4,0,GCP-Mamba (perm. graph),57,0.0015691706153611,0.00200632866472
4,0,GCP-Mamba (perm. graph),58,0.0014805624327662,0.001874096924439
4,0,GCP-Mamba (perm. graph),59,0.0013990316551728,0.0017745002405717
4,0,GCP-Mamba (perm. graph),60,0.0013202128348965,0.0018134465208277
4,0,GCP-Mamba (perm. graph),61,0.001274811189367,0.001764663029462
4,0,GCP-Mamba (perm. graph),62,0.0012567246888878,0.001798118581064
4,0,GCP-Mamba (perm. graph),63,0.0011992598657677,0.0018142937915399
4,0,GCP-Mamba (perm. graph),64,0.0012222746413924,0.0018263366073369
4,0,GCP-Mamba (perm. graph),65,0.00116423256243,0.0017407250124961
4,0,GCP-Mamba (perm. graph),66,0.0011103670502235,0.0017478592926636
4,0,GCP-Mamba (random order),0,0.0042876330825748,0.0035617402754724
4,0,GCP-Mamba (random order),1,0.0039902738389297,0.0031960888300091
4,0,GCP-Mamba (random order),2,0.0036775338322781,0.0032439935021102
4,0,GCP-Mamba (random order),3,0.0037864469521069,0.003088830737397
4,0,GCP-Mamba (random order),4,0.0034913800693646,0.0027467161417007
4,0,GCP-Mamba (random order),5,0.0032401717386858,0.0027913537342101
4,0,GCP-Mamba (random order),6,0.0030557713102844,0.0024758309591561
4,0,GCP-Mamba (random order),7,0.0028799196065356,0.0026452168822288
4,0,GCP-Mamba (random order),8,0.0031233531818222,0.0029256190173327
4,0,GCP-Mamba (random order),9,0.0028774960154144,0.0024838116951286
4,0,GCP-Mamba (random order),10,0.0026287170848976,0.0023161449935287
4,0,GCP-Mamba (random order),11,0.0023812766487562,0.0022366279736161
4,0,GCP-Mamba (random order),12,0.0023042003644241,0.0021719734650105
4,0,GCP-Mamba (random order),13,0.002362482692785,0.0021320239175111
4,0,GCP-Mamba (random order),14,0.0022111635834394,0.0021831367630511
4,0,GCP-Mamba (random order),15,0.0021150992921948,0.0020792244467884
4,0,GCP-Mamba (random order),16,0.0021157424056085,0.0020793757867068
4,0,GCP-Mamba (random order),17,0.0021154987257268,0.0022057015448808
4,0,GCP-Mamba (random order),18,0.0022960150239171,0.0024138763546943
4,0,GCP-Mamba (random order),19,0.0024517274347783,0.0022546639665961
4,0,GCP-Mamba (random order),20,0.0020946013295634,0.0020096274092793
4,0,GCP-Mamba (random order),21,0.0025147452762873,0.0024244985543191
4,0,GCP-Mamba (random order),22,0.0022700323820408,0.0022103157825767
4,0,GCP-Mamba (random order),23,0.0020545904303518,0.0019598035141825
4,0,GCP-Mamba (random order),24,0.0018811069040311,0.0019501708447933
4,0,GCP-Mamba (random order),25,0.0019705615629502,0.0019835678394883
4,0,GCP-Mamba (random order),26,0.001892810966317,0.0020172896329313
4,0,GCP-Mamba (random order),27,0.0018378186027901,0.0019956300966441
4,0,GCP-Mamba (random order),28,0.0018168394935397,0.0020301209297031
4,0,GCP-Mamba (random order),29,0.0017909346041169,0.001940686488524
4,0,GCP-Mamba (random order),30,0.0017427101324265,0.0019459635950624
4,0,GCP-Mamba (random order),31,0.0017582997629459,0.0019489323021844
4,0,GCP-Mamba (random order),32,0.0016732978904217,0.0018772226758301
4,0,GCP-Mamba (random order),33,0.001628950244928,0.00187382416334
4,0,GCP-Mamba (random order),34,0.0016184819296082,0.0019281455315649
4,0,GCP-Mamba (random order),35,0.0015557652260612,0.0018845640588551
4,0,GCP-Mamba (random order),36,0.0015463619626951,0.0018698582425713
4,0,GCP-Mamba (random order),37,0.0015718926794545,0.0019374358234927
4,0,GCP-Mamba (random order),38,0.0016548250242397,0.0019173036562278
4,0,GCP-Mamba (random order),39,0.0015432419173298,0.0018713240278884
4,0,GCP-Mamba (random order),40,0.0014501648214679,0.0018633010331541
4,0,GCP-Mamba (random order),41,0.0014237345174531,0.0018191930139437
4,0,GCP-Mamba (random order),42,0.0014020133019833,0.0018381042173132
4,0,GCP-Mamba (random order),43,0.0016047438027055,0.0020685826893895
4,0,GCP-Mamba (random order),44,0.0018203454276399,0.0019564619287848
4,0,GCP-Mamba (random order),45,0.0016241333055437,0.0018573044799268
4,0,GCP-Mamba (random order),46,0.0014514756211407,0.0018513756804168
4,0,GCP-Mamba (random order),47,0.0015891386780606,0.0019006588263437
4,0,GCP-Mamba (random order),48,0.0014030667517682,0.0019591145683079
4,0,GCP-Mamba (random order),49,0.0013882066005934,0.002017923630774
4,0,GCP-Mamba (random order),50,0.0013451969297937,0.0018015939276665
4,0,GCP-Mamba (random order),51,0.0012991221088969,0.0017580256098881
4,0,GCP-Mamba (random order),52,0.0013404531360824,0.001846065162681
4,0,GCP-Mamba (random order),53,0.0013178679011695,0.0018180494662374
4,0,GCP-Mamba (random order),54,0.0012738005645077,0.0020147471223026
4,0,GCP-Mamba (random order),55,0.001356575543416,0.0019547580741345
4,0,GCP-Mamba (random order),56,0.0013420206466153,0.0020379025954753
4,0,GCP-Mamba (random order),57,0.0014177924951726,0.0018618145259097
4,0,GCP-Mamba (random order),58,0.0013490928950042,0.0018452362855896
4,0,GCP-Mamba (random order),59,0.0013293539100199,0.0018957845168188
4,0,GCP-Mamba (random order),60,0.0012544846788665,0.0019113461021333
4,0,GCP-Mamba (random order),61,0.0012243391239091,0.0018454191740602
4,0,GCP-Mamba (random order),62,0.0012608173557912,0.0017462453106418
4,0,GCP-Mamba (random order),63,0.0011970865399503,0.001861615339294
4,0,GCP-Mamba (random order),64,0.0012416331744049,0.0018236781470477
4,0,GCP-Mamba (random order),65,0.0012344359554243,0.0017991743516176
4,0,GCP-Mamba (random order),66,0.0011597026002144,0.0018864606972783
4,0,GCP-Mamba (random order),67,0.0011464833087629,0.0017857750644907
4,0,GCP-Mamba (random order),68,0.001151595256298,0.0017169354250654
4,0,GCP-Mamba (random order),69,0.0010958767107439,0.0019495512824505
4,0,GCP-Mamba (random order),70,0.0012572303216689,0.0017740908078849
4,0,GCP-Mamba (random order),71,0.0011140012807085,0.0018737327773123
4,0,GCP-Mamba (random order),72,0.0010923803327504,0.00174597336445
4,0,GCP-Mamba (random order),73,0.0010637594169179,0.0017777258763089
4,0,GCP-Mamba (random order),74,0.0011131106716707,0.0019874549470841
4,0,GCP-Mamba (random order),75,0.0010918142230471,0.0017188342753797
4,0,GCP-Mamba (random order),76,0.0010182577907275,0.0016777841374278
4,0,GCP-Mamba (random order),77,0.0010066885943357,0.0017124250298365
4,0,GCP-Mamba (random order),78,0.0010219265015045,0.0017689311644062
4,0,GCP-Mamba (random order),79,0.0010236548385482,0.0017418427160009
4,0,GCP-Mamba (random order),80,0.0010503615443628,0.0018238666234537
4,0,GCP-Mamba (random order),81,0.0010920099025464,0.0018897335976362
4,0,GCP-Mamba (random order),82,0.0013614443278194,0.0019117682240903
4,0,GCP-Mamba (random order),83,0.0012508196515037,0.0019542300142347
4,0,GCP-Mamba (random order),84,0.00144562878723,0.0021369960159063
4,0,GCP-Mamba (random order),85,0.0015483168372549,0.0020208184141665
4,0,GCP-Mamba (random order),86,0.0012439699188585,0.0018890118226408
4,0,GCP-Mamba (random order),87,0.0011162502999357,0.0017255211714655
4,0,GCP-Mamba (random order),88,0.001048228831161,0.0017412143060937
4,0,GCP-Mamba (random order),89,0.0010026694152323,0.0018058267887681
4,0,GCP-Mamba (random order),90,0.0009869920054665,0.0017371190479025
4,0,GCP-Mamba (random order),91,0.0009271003575593,0.0017400232609361
4,0,Mamba (no graph),0,0.0044311458469375,0.0036540222354233
4,0,Mamba (no graph),1,0.0040791686825293,0.0032958195079118
4,0,Mamba (no graph),2,0.0038063542736466,0.003160968190059
4,0,Mamba (no graph),3,0.0037061721321007,0.0029424324166029
4,0,Mamba (no graph),4,0.0034088715274396,0.002856456907466
4,0,Mamba (no graph),5,0.003241616076783,0.002576652681455
4,0,Mamba (no graph),6,0.0034180764249599,0.0030429996550083
4,0,Mamba (no graph),7,0.0032143974056963,0.0026149263139814
4,0,Mamba (no graph),8,0.0028300301922257,0.0023465203121304
4,0,Mamba (no graph),9,0.0026878451228329,0.0022780068684369
4,0,Mamba (no graph),10,0.0025109031653071,0.0022865096107125
4,0,Mamba (no graph),11,0.002449301527076,0.0034501540940254
4,0,Mamba (no graph),12,0.002695120457332,0.0022345455363392
4,0,Mamba (no graph),13,0.0024018236620204,0.0021749776788055
4,0,Mamba (no graph),14,0.0023023069504541,0.0021702346857637
4,0,Mamba (no graph),15,0.0023591229993608,0.0023053281474858
4,0,Mamba (no graph),16,0.00219235397882,0.0020511257462203
4,0,Mamba (no graph),17,0.0021651484023632,0.0022414517588913
4,0,Mamba (no graph),18,0.0021199725531443,0.0020013402681797
4,0,Mamba (no graph),19,0.0020418525874453,0.002286589005962
4,0,Mamba (no graph),20,0.0020282820868808,0.0020658283028751
4,0,Mamba (no graph),21,0.0019377236348315,0.0019994983449578
4,0,Mamba (no graph),22,0.0019235852787525,0.0019903860520571
4,0,Mamba (no graph),23,0.0018199570728264,0.0019414598355069
4,0,Mamba (no graph),24,0.0017731622315393,0.0018582135671749
4,0,Mamba (no graph),25,0.0017263732830451,0.0018362626433372
4,0,Mamba (no graph),26,0.0017099695120227,0.001941334689036
4,0,Mamba (no graph),27,0.00166397314249,0.0017989531625062
4,0,Mamba (no graph),28,0.0017043453483782,0.0029375066515058
4,0,Mamba (no graph),29,0.0018765251788732,0.0018992148106917
4,0,Mamba (no graph),30,0.0018154867093929,0.0020012075547128
4,0,Mamba (no graph),31,0.0018500721713581,0.002555901184678
4,0,Mamba (no graph),32,0.0023633778629583,0.0026725635398179
4,0,Mamba (no graph),33,0.0022129108501169,0.002115850104019
4,0,Mamba (no graph),34,0.0019492517391273,0.002126655774191
4,0,Mamba (no graph),35,0.0016150660260091,0.0018663159571588
4,0,Mamba (no graph),36,0.0015104973609994,0.0019142040982842
4,0,Mamba (no graph),37,0.001482725533717,0.001844567246735
4,0,Mamba (no graph),38,0.0014305613120924,0.0018397500971332
4,0,Mamba (no graph),39,0.0013993789103525,0.0018272700253874
4,0,Mamba (no graph),40,0.0014404380549978,0.0018348654266446
4,0,Mamba (no graph),41,0.001403340131376,0.0017625420587137
4,0,Mamba (no graph),42,0.00137912286881,0.0018377081723883
4,0,Mamba (no graph),43,0.0013971002780825,0.0018387691816315
4,0,Mamba (no graph),44,0.001341937989643,0.0018132246332243
4,0,Mamba (no graph),45,0.0013414293551891,0.0017942928243428
4,0,Mamba (no graph),46,0.0013364284331139,0.0018042088486254
4,0,Mamba (no graph),47,0.0013894782470298,0.0017887449357658
4,0,Mamba (no graph),48,0.0012917061647896,0.0018027225742116
4,0,Mamba (no graph),49,0.0012750146498488,0.0017704692436382
4,0,Mamba (no graph),50,0.00125346984128,0.0017465157434344
4,0,Mamba (no graph),51,0.0012500400574569,0.0017754362197592
4,0,Mamba (no graph),52,0.0012629319207655,0.0017589007038623
4,0,Mamba (no graph),53,0.0012211001841619,0.0017381329089403
4,0,Mamba (no graph),54,0.0012125716437485,0.001752987736836
4,0,Mamba (no graph),55,0.0011787571682152,0.0017667844658717
4,0,Mamba (no graph),56,0.0012471694415502,0.001814943854697
4,0,Mamba (no graph),57,0.0014750716902932,0.0025303759612143
4,0,Mamba (no graph),58,0.0027655098979234,0.0025055613368749
4,0,Mamba (no graph),59,0.0020765774948656,0.0019561303779482
4,0,Mamba (no graph),60,0.0015364415129552,0.001892200903967
4,0,Mamba (no graph),61,0.0013156881875847,0.0018001219723373
4,0,Mamba (no graph),62,0.001262201639914,0.0018156128935515
4,0,Mamba (no graph),63,0.0012700337909912,0.0018174285069108
4,0,Mamba (no graph),64,0.0011892510073849,0.0018338675145059
4,0,Mamba (no graph),65,0.0012043699766207,0.0018504267791286
4,0,Mamba (no graph),66,0.0011707627953184,0.001798502751626
4,0,Mamba (no graph),67,0.0011379286109154,0.001753584947437
4,0,Mamba (no graph),68,0.0010995426903673,0.001712973928079
4,0,Mamba (no graph),69,0.0010697559634451,0.0017807972617447
4,0,Mamba (no graph),70,0.0010512566198963,0.001789423986338
4,0,Mamba (no graph),71,0.0010956309462743,0.0017852918244898
4,0,Mamba (no graph),72,0.0011260281584942,0.001826275140047
4,0,Mamba (no graph),73,0.0013248069310668,0.0018510362133383
4,0,Mamba (no graph),74,0.0011434243780915,0.0017421767115592
4,0,Mamba (no graph),75,0.001044719272273,0.0019205124117434
4,0,Mamba (no graph),76,0.0011502480161168,0.0018358317902311
4,0,Mamba (no graph),77,0.0011464601370887,0.0019853308331221
4,0,Mamba (no graph),78,0.001307140699112,0.0021068609785288
4,0,Mamba (no graph),79,0.0016029145746163,0.0024918378330767
4,0,Mamba (no graph),80,0.0017281105857436,0.0021610939875245
4,0,Mamba (no graph),81,0.0012785967702394,0.0019058908801525
4,0,Mamba (no graph),82,0.0011058249669953,0.0017829536227509
4,0,Mamba (no graph),83,0.0010209512334022,0.0017745200311765
4,0,Graph-MLP (no scan),0,0.0043676802168245,0.0037421572487801
4,0,Graph-MLP (no scan),1,0.004101906283323,0.0034644119441509
4,0,Graph-MLP (no scan),2,0.0038432307849577,0.0031579604838043
4,0,Graph-MLP (no scan),3,0.003723924650422,0.0032472680322825
4,0,Graph-MLP (no scan),4,0.0036380788673171,0.0030337225180119
4,0,Graph-MLP (no scan),5,0.0034687445622955,0.0028242787811905
4,0,Graph-MLP (no scan),6,0.0030288699630768,0.002622450236231
4,0,Graph-MLP (no scan),7,0.0027484776847493,0.0025260401889681
4,0,Graph-MLP (no scan),8,0.0025832811261614,0.0022966009564697
4,0,Graph-MLP (no scan),9,0.0025801257391145,0.0023912584874778
4,0,Graph-MLP (no scan),10,0.0038061381883838,0.0031212563626468
4,0,Graph-MLP (no scan),11,0.0037198562506693,0.0034654536284506
4,0,Graph-MLP (no scan),12,0.0031312695183462,0.002507792552933
4,0,Graph-MLP (no scan),13,0.0026945589996351,0.0022600293159484
4,0,Graph-MLP (no scan),14,0.0024041502180395,0.0022473377175629
4,0,Graph-MLP (no scan),15,0.0022631775036708,0.0021801919210702
4,0,Graph-MLP (no scan),16,0.00218588164036,0.0021197162568569
4,0,Graph-MLP (no scan),17,0.0021212502297268,0.0021811744663864
4,0,Graph-MLP (no scan),18,0.0021139955593661,0.0022301119752228
4,0,Graph-MLP (no scan),19,0.0023310553222197,0.0021143725607544
4,0,Graph-MLP (no scan),20,0.0023386659663465,0.0021081836894154
4,0,Graph-MLP (no scan),21,0.002407594191969,0.002180740237236
4,0,Graph-MLP (no scan),22,0.0021921725652227,0.0021238524932414
4,0,Graph-MLP (no scan),23,0.0020090128268322,0.0021236592438071
4,0,Graph-MLP (no scan),24,0.0019350402700386,0.0020456281490623
4,0,Graph-MLP (no scan),25,0.0019088511559576,0.0020558633841574
4,0,Graph-MLP (no scan),26,0.0019139934250776,0.0020882037933915
4,0,Graph-MLP (no scan),27,0.001900991830278,0.0021413110662251
4,0,Graph-MLP (no scan),28,0.0019285180873954,0.0021376213990151
4,0,Graph-MLP (no scan),29,0.0020912981704346,0.0021996323484927
4,0,Graph-MLP (no scan),30,0.0019190370745072,0.0020442460663616
4,0,Graph-MLP (no scan),31,0.0017459691466978,0.0020205455366522
4,0,Graph-MLP (no scan),32,0.0017744012113338,0.0022255305666476
4,0,Graph-MLP (no scan),33,0.0017635514448805,0.0020180470310151
4,0,Graph-MLP (no scan),34,0.0018192269954924,0.0021717390045523
4,0,Graph-MLP (no scan),35,0.0018095109945082,0.0020234794355928
4,0,Graph-MLP (no scan),36,0.0017156788020682,0.0020946681033819
4,0,Graph-MLP (no scan),37,0.0017168776889284,0.0019624279811978
4,0,Graph-MLP (no scan),38,0.0016686055120817,0.0019650973845273
4,0,Graph-MLP (no scan),39,0.0017197315309786,0.0021209469996392
4,0,Graph-MLP (no scan),40,0.0018914076131132,0.0023842048831284
4,0,Graph-MLP (no scan),41,0.0019549243001387,0.0025656756479293
4,0,Graph-MLP (no scan),42,0.0018896323012308,0.0021110232919454
4,0,Graph-MLP (no scan),43,0.0016748409771876,0.0019675164949148
4,0,Graph-MLP (no scan),44,0.0016100665239496,0.0019958736374974
4,0,Graph-MLP (no scan),45,0.0014999183648594,0.0019615893252193
4,0,Graph-MLP (no scan),46,0.0016912437647517,0.0019915613811463
4,0,Graph-MLP (no scan),47,0.0015870555573672,0.0020395973697304
4,0,Graph-MLP (no scan),48,0.0016568994422597,0.0021483625750988
4,0,Graph-MLP (no scan),49,0.0015651870379894,0.0019654540810734
4,0,Graph-MLP (no scan),50,0.0014537397525842,0.0019851496908813
4,0,Graph-MLP (no scan),51,0.001451700328675,0.0018624347867444
4,0,Graph-MLP (no scan),52,0.0013973159772484,0.0019604689441621
4,0,Graph-MLP (no scan),53,0.0015866367528282,0.0019585699774324
4,0,Graph-MLP (no scan),54,0.0015485947583165,0.001961474539712
4,0,Graph-MLP (no scan),55,0.0022942911016523,0.002600367879495
4,0,Graph-MLP (no scan),56,0.0022991222560593,0.0021954076364636
4,0,Graph-MLP (no scan),57,0.0017345110381611,0.0021282674279063
4,0,Graph-MLP (no scan),58,0.0018465260400523,0.0021075243130326
4,0,Graph-MLP (no scan),59,0.0018563159111646,0.0023568570613861
4,0,Graph-MLP (no scan),60,0.0016772339912801,0.0020473634358495
4,0,Graph-MLP (no scan),61,0.0016835511196404,0.0019923541694879
4,0,Graph-MLP (no scan),62,0.0015991314560536,0.0020811792928725
4,0,Graph-MLP (no scan),63,0.0015127859957743,0.0019943206571042
4,0,Graph-MLP (no scan),64,0.0014528578742769,0.0020095254294574
4,0,Graph-MLP (no scan),65,0.0013874296773988,0.0018902777228504
4,0,Graph-MLP (no scan),66,0.0013826751592401,0.0019623760599642
4,0,"GCP-Mamba (Delta only, w_c~N(0,1))",0,0.0042433842108752,0.0035820736084133
4,0,"GCP-Mamba (Delta only, w_c~N(0,1))",1,0.0040410802223913,0.003385177347809
4,0,"GCP-Mamba (Delta only, w_c~N(0,1))",2,0.0038174534410827,0.00297597120516
4,0,"GCP-Mamba (Delta only, w_c~N(0,1))",3,0.0037590302761456,0.0030930116772651
4,0,"GCP-Mamba (Delta only, w_c~N(0,1))",4,0.0036601698588874,0.0028946946840733
4,0,"GCP-Mamba (Delta only, w_c~N(0,1))",5,0.0033222826770607,0.0026927085127681
4,0,"GCP-Mamba (Delta only, w_c~N(0,1))",6,0.0030796142720463,0.0026768695097416
4,0,"GCP-Mamba (Delta only, w_c~N(0,1))",7,0.0028583521891063,0.0023451608140021
4,0,"GCP-Mamba (Delta only, w_c~N(0,1))",8,0.0026975923608117,0.0024059549905359
4,0,"GCP-Mamba (Delta only, w_c~N(0,1))",9,0.0026336097880434,0.0026362056378275
4,0,"GCP-Mamba (Delta only, w_c~N(0,1))",10,0.0028612053326645,0.002891743555665
4,0,"GCP-Mamba (Delta only, w_c~N(0,1))",11,0.0030619225250356,0.0025558245833963
4,0,"GCP-Mamba (Delta only, w_c~N(0,1))",12,0.0027339999595817,0.0025590329896658
4,0,"GCP-Mamba (Delta only, w_c~N(0,1))",13,0.002575172275546,0.0022106661926954
4,0,"GCP-Mamba (Delta only, w_c~N(0,1))",14,0.0025490567711242,0.0023100962862372
4,0,"GCP-Mamba (Delta only, w_c~N(0,1))",15,0.002254932825688,0.0021493146196007
4,0,"GCP-Mamba (Delta only, w_c~N(0,1))",16,0.0021010123372493,0.0020542643032968
4,0,"GCP-Mamba (Delta only, w_c~N(0,1))",17,0.0020609612961085,0.0020284135825932
4,0,"GCP-Mamba (Delta only, w_c~N(0,1))",18,0.0019901698930926,0.0020415582694113
4,0,"GCP-Mamba (Delta only, w_c~N(0,1))",19,0.0020170380368078,0.0021400041878223
4,0,"GCP-Mamba (Delta only, w_c~N(0,1))",20,0.0021394504436874,0.0021373848430812
4,0,"GCP-Mamba (Delta only, w_c~N(0,1))",21,0.0019811561411554,0.0020190246868878
4,0,"GCP-Mamba (Delta only, w_c~N(0,1))",22,0.0019034076827115,0.0019978955388069
4,0,"GCP-Mamba (Delta only, w_c~N(0,1))",23,0.0018314391712946,0.0020630669314414
4,0,"GCP-Mamba (Delta only, w_c~N(0,1))",24,0.0017941583654836,0.0019621441606432
4,0,"GCP-Mamba (Delta only, w_c~N(0,1))",25,0.0018860281976073,0.0020133883226662
4,0,"GCP-Mamba (Delta only, w_c~N(0,1))",26,0.0017791017730847,0.0019352976232767
4,0,"GCP-Mamba (Delta only, w_c~N(0,1))",27,0.0017565429636123,0.0019817671272903
4,0,"GCP-Mamba (Delta only, w_c~N(0,1))",28,0.0017859668373766,0.001959032844752
4,0,"GCP-Mamba (Delta only, w_c~N(0,1))",29,0.0017417363400349,0.0020676902495324
4,0,"GCP-Mamba (Delta only, w_c~N(0,1))",30,0.0016893954267524,0.0018452483927831
4,0,"GCP-Mamba (Delta only, w_c~N(0,1))",31,0.0016178773383596,0.0019470663974061
4,0,"GCP-Mamba (Delta only, w_c~N(0,1))",32,0.0016839619501487,0.0020807504188269
4,0,"GCP-Mamba (Delta only, w_c~N(0,1))",33,0.0018664476295879,0.0022441823966801
4,0,"GCP-Mamba (Delta only, w_c~N(0,1))",34,0.0019651810783497,0.0023920789826661
4,0,"GCP-Mamba (Delta only, w_c~N(0,1))",35,0.0017706154453695,0.0020795201417058
4,0,"GCP-Mamba (Delta only, w_c~N(0,1))",36,0.0017584220249969,0.0019128888379782
4,0,"GCP-Mamba (Delta only, w_c~N(0,1))",37,0.0016061084674966,0.001954787177965
4,0,"GCP-Mamba (Delta only, w_c~N(0,1))",38,0.0015243230983882,0.0020090576726943
4,0,"GCP-Mamba (Delta only, w_c~N(0,1))",39,0.0015036324466236,0.0018478434067219
4,0,"GCP-Mamba (Delta only, w_c~N(0,1))",40,0.0014756793782731,0.0018270355649292
4,0,"GCP-Mamba (Delta only, w_c~N(0,1))",41,0.0014126208785036,0.0018502980237826
4,0,"GCP-Mamba (Delta only, w_c~N(0,1))",42,0.0014179876767661,0.0017689828528091
4,0,"GCP-Mamba (Delta only, w_c~N(0,1))",43,0.0014083776786327,0.0018353670602664
4,0,"GCP-Mamba (Delta only, w_c~N(0,1))",44,0.0013405857415092,0.0018670476274564
4,0,"GCP-Mamba (Delta only, w_c~N(0,1))",45,0.0017258894802305,0.0018973348196595
4,0,"GCP-Mamba (Delta only, w_c~N(0,1))",46,0.0017160361878935,0.0022259012330323
4,0,"GCP-Mamba (Delta only, w_c~N(0,1))",47,0.0016640780565643,0.0019822595641016
4,0,"GCP-Mamba (Delta only, w_c~N(0,1))",48,0.0014730028853343,0.001834021997638
4,0,"GCP-Mamba (Delta only, w_c~N(0,1))",49,0.0013539397053876,0.0017938566161319
4,0,"GCP-Mamba (Delta only, w_c~N(0,1))",50,0.0013776628523328,0.0018432028591632
4,0,"GCP-Mamba (Delta only, w_c~N(0,1))",51,0.0013373502741212,0.00193585769739
4,0,"GCP-Mamba (Delta only, w_c~N(0,1))",52,0.0013041527038976,0.0018350462196394
4,0,"GCP-Mamba (Delta only, w_c~N(0,1))",53,0.0013163291569464,0.0019899932667613
4,0,"GCP-Mamba (Delta only, w_c~N(0,1))",54,0.0013092841346674,0.0020742567721754
4,0,"GCP-Mamba (Delta only, w_c~N(0,1))",55,0.0013750266575207,0.0018418910913169
4,0,"GCP-Mamba (Delta only, w_c~N(0,1))",56,0.0012940919234437,0.0020551341585814
4,0,"GCP-Mamba (Delta only, w_c~N(0,1))",57,0.0013754853422639,0.001891377964057
4,0,GCP-Mamba (additive prior),0,0.0029316720227784,0.0019028583774343
4,0,GCP-Mamba (additive prior),1,0.0028464070474393,0.0018474279204383
4,0,GCP-Mamba (additive prior),2,0.0027971439894369,0.0018302130047231
4,0,GCP-Mamba (additive prior),3,0.0027636136966857,0.0018367510056123
4,0,GCP-Mamba (additive prior),4,0.0027360949186246,0.0018749192822724
4,0,GCP-Mamba (additive prior),5,0.0027008449161264,0.0019275466911494
4,0,GCP-Mamba (additive prior),6,0.0026662666702361,0.0019463242497295
4,0,GCP-Mamba (additive prior),7,0.002639751554728,0.0018805097788572
4,0,GCP-Mamba (additive prior),8,0.002645980318834,0.0019300058484077
4,0,GCP-Mamba (additive prior),9,0.0026320713872036,0.0020278636366128
4,0,GCP-Mamba (additive prior),10,0.0026144155874017,0.0019353399984538
4,0,GCP-Mamba (additive prior),11,0.0025313185882191,0.0019748255144804
4,0,GCP-Mamba (additive prior),12,0.0025133824029521,0.002057431731373
4,0,GCP-Mamba (additive prior),13,0.0025142673310897,0.00188169546891
4,0,GCP-Mamba (additive prior),14,0.0024658920303683,0.0019232503836974
4,0,GCP-Mamba (additive prior),15,0.0024746455345972,0.002025144174695
4,0,GCP-Mamba (additive prior),16,0.0025139643112197,0.0019389601657167
4,0,GCP-Mamba (additive prior),17,0.0024376230066467,0.0019261551788076
4,0,GCP-Mamba (additive prior),18,0.0023310089420205,0.0018989136442542
4,0,GCP-Mamba (additive prior),19,0.0022605499219176,0.0018770853057503
4,0,GCP-Mamba (additive prior),20,0.0022129740954624,0.0020006613340228
4,0,GCP-Mamba (additive prior),21,0.0022630911695657,0.0030443493742495
4,0,GCP-Mamba (additive prior),22,0.0026846698069904,0.0026211005169898
4,0,GCP-Mamba (additive prior),23,0.0025046157513296,0.0019850400276482
4,0,GCP-Mamba (additive prior),24,0.0022185241347915,0.0019821375608444
4,0,GCP-Mamba (additive prior),25,0.0020902498370612,0.0019465592922642
4,0,GCP-Mamba (additive prior),26,0.0021469050175811,0.0020115312654525
4,0,GCP-Mamba (additive prior),27,0.0020055183864419,0.0020115280058234
4,0,GCP-Mamba (additive prior),28,0.0019108764998943,0.0019971278961747
4,0,GCP-Mamba (additive prior),29,0.0018494578661303,0.0019116915063932
4,0,GCP-Mamba (additive prior),30,0.0018633102730968,0.0020591309294104
4,0,GCP-Mamba (additive prior),31,0.0018267938565704,0.0020913630723953
4,0,GCP-Mamba (additive prior),32,0.0019082791513676,0.0021790529135614
4,0,GCP-Mamba (additive prior),33,0.0020031105247895,0.0020369577687233
4,0,GCP-Mamba (additive prior),34,0.0019174578663283,0.0020114574581384
4,0,GCP-Mamba (additive prior),35,0.0018070564101108,0.0020585528109222
4,0,GCP-Mamba (additive prior),36,0.0018556927056085,0.0021337112411856
4,0,GCP-Mamba (additive prior),37,0.0021121638949303,0.0019684028811752
4,0,GCP-Mamba (additive prior),38,0.0022118574698462,0.0021364921703934
4,0,GCP-Mamba (additive prior),39,0.0021428373891846,0.0020848123822361
4,0,Mamba (additive prior),0,0.0029695430869343,0.0018984938506036
4,0,Mamba (additive prior),1,0.0028316564187943,0.0018502911552786
4,0,Mamba (additive prior),2,0.0027959047173478,0.0018489611102268
4,0,Mamba (additive prior),3,0.0027678770552516,0.0018636194290593
4,0,Mamba (additive prior),4,0.0027457713182988,0.0018675754545256
4,0,Mamba (additive prior),5,0.0027126682580535,0.0018507395870983
4,0,Mamba (additive prior),6,0.0026978611554146,0.0018992165569216
4,0,Mamba (additive prior),7,0.002684381619605,0.0018433157820254
4,0,Mamba (additive prior),8,0.0026180231173207,0.0019537627231329
4,0,Mamba (additive prior),9,0.0026568348231397,0.0019406317733228
4,0,Mamba (additive prior),10,0.0026935125590576,0.0019335934193804
4,0,Mamba (additive prior),11,0.0025547932156716,0.0020324366632848
4,0,Mamba (additive prior),12,0.0025348703631555,0.0019758380949497
4,0,Mamba (additive prior),13,0.0024904270669807,0.0018945832271128
4,0,Mamba (additive prior),14,0.0025047442135434,0.0019607667345553
4,0,Mamba (additive prior),15,0.0024600171839161,0.0020615449175238
4,0,Mamba (additive prior),16,0.0023734951358315,0.0019896982703357
4,0,Mamba (additive prior),17,0.0022873947624679,0.0020481962710618
4,0,Mamba (additive prior),18,0.0022063587353357,0.0018764009000733
4,0,Mamba (additive prior),19,0.0021010215985488,0.0019480851478874
4,0,Mamba (additive prior),20,0.0022439332360656,0.0021366849541664
4,0,Mamba (additive prior),21,0.0024575632695349,0.0020164269953966
4,0,Mamba (additive prior),22,0.0022538605852977,0.0020070851314812
4,0,Mamba (additive prior),23,0.0020765825497194,0.0020178167615085
4,0,Mamba (additive prior),24,0.0019341618779095,0.0019888367969542
4,0,Mamba (additive prior),25,0.001880566289702,0.0020963123533874
4,0,Mamba (additive prior),26,0.0018931455079385,0.00182951008901
4,0,Mamba (additive prior),27,0.0020312114724246,0.0020585886668413
4,0,Mamba (additive prior),28,0.0020369903214624,0.0019284777808934
4,0,Mamba (additive prior),29,0.0019845828738921,0.0019616310019046
4,0,Mamba (additive prior),30,0.0018587147100098,0.0018639749614521
4,0,Mamba (additive prior),31,0.001757291167817,0.0019816667772829
4,0,Mamba (additive prior),32,0.0017674014494895,0.0019021352054551
4,0,Mamba (additive prior),33,0.00163044335937,0.0020010191947221
4,0,Mamba (additive prior),34,0.0016252747393487,0.0019267048919573
4,0,Mamba (additive prior),35,0.0016236522548208,0.0022782084997743
4,0,Mamba (additive prior),36,0.001594559371592,0.002184756565839
4,0,Mamba (additive prior),37,0.0018525869768153,0.001980677479878
4,0,Mamba (additive prior),38,0.0016499536070912,0.0021865908056497
4,0,Mamba (additive prior),39,0.0016464746587326,0.0021031363867223
4,0,Mamba (additive prior),40,0.0015660062375337,0.0020251383539289
4,0,Mamba (additive prior),41,0.0015379987077506,0.0019925129599869
5,0,GCP-Mamba,0,0.003195734325653,0.0037931690458208
5,0,GCP-Mamba,1,0.0027818320748897,0.0038217415567487
5,0,GCP-Mamba,2,0.0026838217253008,0.0037830241490155
5,0,GCP-Mamba,3,0.0025832773992218,0.0038855476304888
5,0,GCP-Mamba,4,0.002506719280679,0.0038739517331123
5,0,GCP-Mamba,5,0.0024246518141948,0.0040848776698112
5,0,GCP-Mamba,6,0.0026039452077104,0.0045460970140993
5,0,GCP-Mamba,7,0.0026713743214853,0.004112172871828
5,0,GCP-Mamba,8,0.0024414269325251,0.0040989043191075
5,0,GCP-Mamba,9,0.0022441763932315,0.0040332986973226
5,0,GCP-Mamba,10,0.0021543521237058,0.0042068134061992
5,0,GCP-Mamba,11,0.0020818448464314,0.0040168748237192
5,0,GCP-Mamba,12,0.0020407665520906,0.0040855114348232
5,0,GCP-Mamba,13,0.0019970734764893,0.003985574003309
5,0,GCP-Mamba,14,0.0019562900352936,0.0040599256753921
5,0,GCP-Mamba,15,0.0019538124279978,0.0038924743421375
5,0,GCP-Mamba,16,0.0018628425072305,0.0041581043042242
5,0,GCP-Mamba,17,0.0019240965995077,0.0042357859201729
5,0,GCP-Mamba,18,0.001862110168888,0.0041694003157317
5,0,GCP-Mamba,19,0.0017811244353652,0.0042322226800024
5,0,GCP-Mamba,20,0.0018053142103151,0.0040049259550869
5,0,GCP-Mamba,21,0.0017386528376776,0.0041818539611995
5,0,GCP-Mamba,22,0.0017035387984763,0.0043286280706524
5,0,GCP-Mamba,23,0.0017212728611551,0.0041856686584651
5,0,GCP-Mamba,24,0.0017577065942952,0.0043512121774256
5,0,GCP-Mamba,25,0.0016813268670095,0.004064402077347
5,0,GCP-Mamba,26,0.001568712783046,0.0040366421453654
5,0,GCP-Mamba,27,0.001547692850447,0.0040789064951241
5,0,GCP-Mamba,28,0.001512416335754,0.004060034174472
5,0,GCP-Mamba,29,0.0014898328450866,0.0039626825600862
5,0,GCP-Mamba,30,0.0014793350540388,0.0040236818604171
5,0,GCP-Mamba,31,0.0014932037295343,0.0039539225399494
5,0,GCP-Mamba,32,0.0015744193895863,0.003885799087584
5,0,GCP-Mamba,33,0.0016519921706416,0.004111552145332
5,0,GCP-Mamba,34,0.0016087994624215,0.0039189103990793
5,0,GCP-Mamba,35,0.0015207896385198,0.0038968513254076
5,0,GCP-Mamba,36,0.0014490557780775,0.0041991188190877
5,0,GCP-Mamba,37,0.001396967166175,0.0038152534980326
5,0,GCP-Mamba,38,0.0014010743524592,0.0040021203458309
5,0,GCP-Mamba,39,0.0013518882073605,0.0038709710352122
5,0,GCP-Mamba (Delta only),0,0.0029309432810315,0.0038758276496082
5,0,GCP-Mamba (Delta only),1,0.0028825431506937,0.0037454254925251
5,0,GCP-Mamba (Delta only),2,0.0027536913251074,0.003807287896052
5,0,GCP-Mamba (Delta only),3,0.0026332418935803,0.0038207820616662
5,0,GCP-Mamba (Delta only),4,0.0025565715506672,0.0039047782775014
5,0,GCP-Mamba (Delta only),5,0.002522394233025,0.0037249308079481
5,0,GCP-Mamba (Delta only),6,0.002527233489001,0.0038292182143777
5,0,GCP-Mamba (Delta only),7,0.0024157354357437,0.003870504675433
5,0,GCP-Mamba (Delta only),8,0.0023475210540569,0.0036864636931568
5,0,GCP-Mamba (Delta only),9,0.0022209828182195,0.0037060352042317
5,0,GCP-Mamba (Delta only),10,0.002203155011655,0.0038070501759648
5,0,GCP-Mamba (Delta only),11,0.0022499303351371,0.0037496942095458
5,0,GCP-Mamba (Delta only),12,0.0020408464541945,0.0038739587180316
5,0,GCP-Mamba (Delta only),13,0.0019283532254541,0.0038594205398112
5,0,GCP-Mamba (Delta only),14,0.0018736080660556,0.0040282709524035
5,0,GCP-Mamba (Delta only),15,0.0018887439939694,0.0039202338084578
5,0,GCP-Mamba (Delta only),16,0.001783001871081,0.0039005430880934
5,0,GCP-Mamba (Delta only),17,0.0017721226259779,0.0037540644407272
5,0,GCP-Mamba (Delta only),18,0.0017190296238718,0.0038462164811789
5,0,GCP-Mamba (Delta only),19,0.0018513388985481,0.0039685009978711
5,0,GCP-Mamba (Delta only),20,0.0017893743826649,0.0035683417227119
5,0,GCP-Mamba (Delta only),21,0.0017172553863089,0.0038391212001442
5,0,GCP-Mamba (Delta only),22,0.0016883282850568,0.0038309006486088
5,0,GCP-Mamba (Delta only),23,0.0016956765419588,0.0038458781782537
5,0,GCP-Mamba (Delta only),24,0.0017259079022691,0.0038337495643645
5,0,GCP-Mamba (Delta only),25,0.0017091799634866,0.0039247963577508
5,0,GCP-Mamba (Delta only),26,0.001654141364046,0.0038859033957123
5,0,GCP-Mamba (Delta only),27,0.0016006720323975,0.003687996417284
5,0,GCP-Mamba (Delta only),28,0.0015331746267083,0.0037767426110804
5,0,GCP-Mamba (Delta only),29,0.0015032780911916,0.003684909781441
5,0,GCP-Mamba (Delta only),30,0.0014779324643313,0.0037698843516409
5,0,GCP-Mamba (Delta only),31,0.0014600803806947,0.0036691587883979
5,0,GCP-Mamba (Delta only),32,0.0015116949100047,0.0037416734267026
5,0,GCP-Mamba (Delta only),33,0.0015383454379983,0.0036511621437966
5,0,GCP-Mamba (Delta only),34,0.0014478315276881,0.003643307602033
5,0,GCP-Mamba (Delta only),35,0.0015204372959068,0.0035733324475586
5,0,GCP-Mamba (Delta only),36,0.0015036145081886,0.0037449523806571
5,0,GCP-Mamba (Delta only),37,0.0016676124937545,0.0041721458546817
5,0,GCP-Mamba (Delta only),38,0.0016916304486445,0.003667582757771
5,0,GCP-Mamba (Delta only),39,0.0014897235687105,0.0038369968533515
5,0,GCP-Mamba (perm. graph),0,0.0031921144753981,0.0037905091885477
5,0,GCP-Mamba (perm. graph),1,0.0028182078224535,0.0038396422751247
5,0,GCP-Mamba (perm. graph),2,0.0027141368589722,0.0037802089937031
5,0,GCP-Mamba (perm. graph),3,0.0025947156380145,0.0038968184962868
5,0,GCP-Mamba (perm. graph),4,0.0025540262765179,0.0039098476991057
5,0,GCP-Mamba (perm. graph),5,0.0025215962973351,0.0039003936108201
5,0,GCP-Mamba (perm. graph),6,0.0024073908392053,0.004258100874722
5,0,GCP-Mamba (perm. graph),7,0.0023397885746537,0.0040573659352958
5,0,GCP-Mamba (perm. graph),8,0.002237979392521,0.0040694884955883
5,0,GCP-Mamba (perm. graph),9,0.0021511158511902,0.0041728848591446
5,0,GCP-Mamba (perm. graph),10,0.0021785628158026,0.0046125082299113
5,0,GCP-Mamba (perm. graph),11,0.0020491307493872,0.0040684682317078
5,0,GCP-Mamba (perm. graph),12,0.0019603146598316,0.0042925770394504
5,0,GCP-Mamba (perm. graph),13,0.0018969439910366,0.0042084935121238
5,0,GCP-Mamba (perm. graph),14,0.0018526518323387,0.0043927440419793
5,0,GCP-Mamba (perm. graph),15,0.0019308300223201,0.0042045470327138
5,0,GCP-Mamba (perm. graph),16,0.0020051403042788,0.0041644708253443
5,0,GCP-Mamba (perm. graph),17,0.0018585773650556,0.00394041929394
5,0,GCP-Mamba (perm. graph),18,0.0017544477501919,0.0042043882422149
5,0,GCP-Mamba (perm. graph),19,0.0017134740483015,0.0042056608945131
5,0,GCP-Mamba (perm. graph),20,0.0017605880060448,0.0041201375424861
5,0,GCP-Mamba (perm. graph),21,0.0017378367107504,0.0041488944552838
5,0,GCP-Mamba (perm. graph),22,0.0016670033747616,0.0042140334844589
5,0,GCP-Mamba (perm. graph),23,0.0017111304932488,0.004933375865221
5,0,GCP-Mamba (perm. graph),24,0.0019030343454617,0.0041928319260478
5,0,GCP-Mamba (perm. graph),25,0.0016845755995466,0.0040780841372907
5,0,GCP-Mamba (perm. graph),26,0.0016068287014674,0.0041036223992705
5,0,GCP-Mamba (perm. graph),27,0.00156986525533,0.0041738729923963
5,0,GCP-Mamba (perm. graph),28,0.001509822681188,0.0040871719829738
5,0,GCP-Mamba (perm. graph),29,0.0015119724960711,0.0039975377731025
5,0,GCP-Mamba (perm. graph),30,0.0016458513734575,0.004240829963237
5,0,GCP-Mamba (perm. graph),31,0.0017557636136189,0.004071042407304
5,0,GCP-Mamba (perm. graph),32,0.0016886199546906,0.0038769403472542
5,0,GCP-Mamba (perm. graph),33,0.0015620166973139,0.0039633498527109
5,0,GCP-Mamba (perm. graph),34,0.0014454937325074,0.0038580626714974
5,0,GCP-Mamba (perm. graph),35,0.0014326920141824,0.0038009090349078
5,0,GCP-Mamba (perm. graph),36,0.0014083100644011,0.0041705132462084
5,0,GCP-Mamba (perm. graph),37,0.0014007693873001,0.003986598458141
5,0,GCP-Mamba (perm. graph),38,0.0014008081437518,0.0039908210746943
5,0,GCP-Mamba (perm. graph),39,0.0013475386819873,0.0039338213391602
5,0,GCP-Mamba (random order),0,0.003162454172539,0.0038005826063454
5,0,GCP-Mamba (random order),1,0.0027862245790087,0.0038072115276008
5,0,GCP-Mamba (random order),2,0.0026959081735605,0.0037678333465009
5,0,GCP-Mamba (random order),3,0.0026374992771217,0.0037752829957753
5,0,GCP-Mamba (random order),4,0.0025934512583682,0.0038985621649771
5,0,GCP-Mamba (random order),5,0.0024884017685858,0.0039118099957704
5,0,GCP-Mamba (random order),6,0.0024477238695208,0.0037601853255182
5,0,GCP-Mamba (random order),7,0.0024781542597338,0.003982069902122
5,0,GCP-Mamba (random order),8,0.0023892694582732,0.00401794584468
5,0,GCP-Mamba (random order),9,0.002203796001581,0.0039177117869257
5,0,GCP-Mamba (random order),10,0.0020720214099408,0.0040042400360107
5,0,GCP-Mamba (random order),11,0.0019590959293194,0.0041219401173293
5,0,GCP-Mamba (random order),12,0.0019351008491447,0.0041769840754568
5,0,GCP-Mamba (random order),13,0.0019836844661487,0.004013008903712
5,0,GCP-Mamba (random order),14,0.0018744476712667,0.0038112848997116
5,0,GCP-Mamba (random order),15,0.0018337413991013,0.0042028031311929
5,0,GCP-Mamba (random order),16,0.0018361423522807,0.0042080888524651
5,0,GCP-Mamba (random order),17,0.0019479723002475,0.0040491977706551
5,0,GCP-Mamba (random order),18,0.001798008984098,0.0040582660585641
5,0,GCP-Mamba (random order),19,0.0016980887892154,0.0040974183939397
5,0,GCP-Mamba (random order),20,0.0016819993678766,0.0038929136935621
5,0,GCP-Mamba (random order),21,0.0016576916874887,0.0040114787407219
5,0,GCP-Mamba (random order),22,0.0016145377948235,0.0038805226795375
5,0,GCP-Mamba (random order),23,0.0016056955469628,0.0038634401280432
5,0,GCP-Mamba (random order),24,0.0016466977719504,0.0039733764715492
5,0,GCP-Mamba (random order),25,0.0016735956735479,0.0036682202480733
5,0,GCP-Mamba (random order),26,0.0016018687568318,0.0040412452071905
5,0,GCP-Mamba (random order),27,0.0015626002944862,0.0038581874687224
5,0,GCP-Mamba (random order),28,0.0015938988653942,0.0038032322190701
5,0,GCP-Mamba (random order),29,0.0015489723676672,0.0037569687701761
5,0,GCP-Mamba (random order),30,0.0015019845432386,0.0038139228709042
5,0,GCP-Mamba (random order),31,0.0015075913630425,0.0035422558430582
5,0,GCP-Mamba (random order),32,0.0015283670491324,0.00381969823502
5,0,GCP-Mamba (random order),33,0.0014210665759702,0.0038477666676044
5,0,GCP-Mamba (random order),34,0.0013873922817695,0.0036210508551448
5,0,GCP-Mamba (random order),35,0.0016360151366545,0.0035610939376056
5,0,GCP-Mamba (random order),36,0.0015055527641939,0.0039610364474356
5,0,GCP-Mamba (random order),37,0.001384841354313,0.0036702631041407
5,0,GCP-Mamba (random order),38,0.0013648228209394,0.0037991141434758
5,0,GCP-Mamba (random order),39,0.001316994939071,0.0035203811712563
5,0,GCP-Mamba (random order),40,0.0012726156524597,0.0037378587294369
5,0,GCP-Mamba (random order),41,0.0013274650053622,0.0035986152943223
5,0,GCP-Mamba (random order),42,0.0012542052695957,0.0037305157165974
5,0,GCP-Mamba (random order),43,0.0012477544046795,0.0035567174199968
5,0,GCP-Mamba (random order),44,0.0013615811530214,0.0036500396672636
5,0,GCP-Mamba (random order),45,0.0015259826896139,0.0036988784559071
5,0,GCP-Mamba (random order),46,0.0015036305958906,0.0040119225159287
5,0,GCP-Mamba (random order),47,0.0014152114548218,0.0034786122851073
5,0,GCP-Mamba (random order),48,0.001449774336428,0.0037102345377206
5,0,GCP-Mamba (random order),49,0.0013471479241091,0.0033958714921027
5,0,GCP-Mamba (random order),50,0.0012386493832589,0.0036047124303877
5,0,GCP-Mamba (random order),51,0.0012313250438847,0.0035362981725484
5,0,GCP-Mamba (random order),52,0.0012634654027911,0.0034403952304273
5,0,GCP-Mamba (random order),53,0.0012514843354718,0.0037000954616814
5,0,GCP-Mamba (random order),54,0.0011885519255883,0.0035231483634561
5,0,GCP-Mamba (random order),55,0.0011335377885888,0.0035815744195133
5,0,GCP-Mamba (random order),56,0.0010831824073997,0.0035249288193881
5,0,GCP-Mamba (random order),57,0.0011043527181475,0.0036559752188622
5,0,GCP-Mamba (random order),58,0.0010967033440605,0.0035154456272721
5,0,GCP-Mamba (random order),59,0.0011389788956596,0.0036554504185914
5,0,GCP-Mamba (random order),60,0.0013592003540207,0.0038176355883479
5,0,GCP-Mamba (random order),61,0.0012142937308034,0.0034753002692013
5,0,GCP-Mamba (random order),62,0.0012706322488016,0.0038482549134641
5,0,GCP-Mamba (random order),63,0.0011752553933407,0.0034620885271579
5,0,GCP-Mamba (random order),64,0.0010722809954761,0.0035410076379776
5,0,Mamba (no graph),0,0.0031108901298676,0.004089028108865
5,0,Mamba (no graph),1,0.0028540530456946,0.0038474213797599
5,0,Mamba (no graph),2,0.0027150836898587,0.0038116378709673
5,0,Mamba (no graph),3,0.0027171487167764,0.0038328943774104
5,0,Mamba (no graph),4,0.0029199521773709,0.0038257834967225
5,0,Mamba (no graph),5,0.0026058540321313,0.004066502675414
5,0,Mamba (no graph),6,0.0026152842284108,0.0039413874037563
5,0,Mamba (no graph),7,0.0025312828688094,0.0038457985501736
5,0,Mamba (no graph),8,0.0023113845650536,0.0039977505803108
5,0,Mamba (no graph),9,0.0022341110063,0.0038941188249737
5,0,Mamba (no graph),10,0.0021248189571241,0.0038283746689558
5,0,Mamba (no graph),11,0.0020712064507489,0.0039593982510268
5,0,Mamba (no graph),12,0.0020374547439412,0.0039949058555066
5,0,Mamba (no graph),13,0.0019543432917159,0.0042042378336191
5,0,Mamba (no graph),14,0.0019092455121258,0.0039398367516696
5,0,Mamba (no graph),15,0.0018429815563229,0.0040870923548936
5,0,Mamba (no graph),16,0.0018605551592862,0.0042608943767845
5,0,Mamba (no graph),17,0.0018154048289243,0.0039166193455457
5,0,Mamba (no graph),18,0.0018131921014103,0.0040357518009841
5,0,Mamba (no graph),19,0.0017035564049505,0.0039355717599391
5,0,Mamba (no graph),20,0.0016691391033908,0.0037238942459225
5,0,Mamba (no graph),21,0.0016629608813673,0.0042269197292625
5,0,Mamba (no graph),22,0.0016303040015582,0.0037884223274886
5,0,Mamba (no graph),23,0.001579256183826,0.0040015373378992
5,0,Mamba (no graph),24,0.0015116314188792,0.0037858434952795
5,0,Mamba (no graph),25,0.0014630118411822,0.0036557011771947
5,0,Mamba (no graph),26,0.0015389212819102,0.0038631793577224
5,0,Mamba (no graph),27,0.0014947250861531,0.0036253426223993
5,0,Mamba (no graph),28,0.0014289695518807,0.0036700854543596
5,0,Mamba (no graph),29,0.0013928097556345,0.0038341057952493
5,0,Mamba (no graph),30,0.0014621664017725,0.0036353250034153
5,0,Mamba (no graph),31,0.0014681766302181,0.0036885926965624
5,0,Mamba (no graph),32,0.0014112842788633,0.0035120635293424
5,0,Mamba (no graph),33,0.0013334329705685,0.003748484654352
5,0,Mamba (no graph),34,0.0012714238855271,0.0035262138117104
5,0,Mamba (no graph),35,0.001275379954873,0.0038088040892034
5,0,Mamba (no graph),36,0.0013691902411385,0.0036113229580223
5,0,Mamba (no graph),37,0.0014053316285403,0.0036806629505008
5,0,Mamba (no graph),38,0.0013272958933017,0.0036551307421177
5,0,Mamba (no graph),39,0.0013187763173706,0.0036775695625692
5,0,Mamba (no graph),40,0.0014109956046852,0.0035471932496875
5,0,Mamba (no graph),41,0.0013569503986778,0.0036552313249558
5,0,Mamba (no graph),42,0.0012304614732364,0.0035310238599777
5,0,Mamba (no graph),43,0.0012114587938413,0.0034725975710898
5,0,Mamba (no graph),44,0.0012542092035381,0.0035562089178711
5,0,Mamba (no graph),45,0.0012116633355617,0.0034194225445389
5,0,Mamba (no graph),46,0.0011469469674361,0.003451018827036
5,0,Mamba (no graph),47,0.0011088939661231,0.0035358530003577
5,0,Mamba (no graph),48,0.0011499556712806,0.0035837057512253
5,0,Mamba (no graph),49,0.0011242305483812,0.0035789040848612
5,0,Mamba (no graph),50,0.0010812970146966,0.0033973285462707
5,0,Mamba (no graph),51,0.0010721855340167,0.0034779584966599
5,0,Mamba (no graph),52,0.0010680498510527,0.0035826491657644
5,0,Mamba (no graph),53,0.0010592052175735,0.0033410985488444
5,0,Mamba (no graph),54,0.0011041313221749,0.0035100469831377
5,0,Mamba (no graph),55,0.0010158833617774,0.0035556235816329
5,0,Mamba (no graph),56,0.0010050883462939,0.0034966690000146
5,0,Mamba (no graph),57,0.0009897994790942,0.0034975348971784
5,0,Mamba (no graph),58,0.0010096420999616,0.0035311703104525
5,0,Mamba (no graph),59,0.001075000459185,0.0036296513862907
5,0,Mamba (no graph),60,0.0010659671424386,0.003409631550312
5,0,Mamba (no graph),61,0.0010086973063432,0.0034298154059797
5,0,Mamba (no graph),62,0.0009720186819322,0.0033743300009518
5,0,Mamba (no graph),63,0.0009332026149002,0.003481593215838
5,0,Mamba (no graph),64,0.0009478841353064,0.0033852974884212
5,0,Mamba (no graph),65,0.0009229661287883,0.0034734967630356
5,0,Mamba (no graph),66,0.0009409596391308,0.0033870469778776
5,0,Mamba (no graph),67,0.0009262896698111,0.0033856930676847
5,0,Mamba (no graph),68,0.0009483004436613,0.0034769251942634
5,0,Graph-MLP (no scan),0,0.0029241037769959,0.0038726704660803
5,0,Graph-MLP (no scan),1,0.00281091621862,0.003769427537918
5,0,Graph-MLP (no scan),2,0.0026849240637742,0.003733838442713
5,0,Graph-MLP (no scan),3,0.002577941349815,0.0039249155670404
5,0,Graph-MLP (no scan),4,0.002588312428158,0.0038730227388441
5,0,Graph-MLP (no scan),5,0.0025114458555785,0.0040194271132349
5,0,Graph-MLP (no scan),6,0.0023237788154242,0.0040112701244652
5,0,Graph-MLP (no scan),7,0.0022467113995494,0.0040128980763256
5,0,Graph-MLP (no scan),8,0.0022766912553029,0.0038507678546011
5,0,Graph-MLP (no scan),9,0.0022923897844381,0.0039695082232356
5,0,Graph-MLP (no scan),10,0.0021329081474015,0.0040753721259534
5,0,Graph-MLP (no scan),11,0.0021715534367383,0.0037999271880835
5,0,Graph-MLP (no scan),12,0.0020237053493754,0.0041421540081501
5,0,Graph-MLP (no scan),13,0.0019817143392104,0.0042423945851624
5,0,Graph-MLP (no scan),14,0.0019308487132478,0.0039283926598727
5,0,Graph-MLP (no scan),15,0.001853214464007,0.0040566781535744
5,0,Graph-MLP (no scan),16,0.0018389754937603,0.0039634825661778
5,0,Graph-MLP (no scan),17,0.0019295317801431,0.0039336001500487
5,0,Graph-MLP (no scan),18,0.001918297751735,0.0040558199398219
5,0,Graph-MLP (no scan),19,0.0018413855962885,0.0039881248958408
5,0,Graph-MLP (no scan),20,0.0017787915421649,0.0039171422831714
5,0,Graph-MLP (no scan),21,0.0016861376943639,0.003899682778865
5,0,Graph-MLP (no scan),22,0.0016908336180047,0.0038892342709004
5,0,Graph-MLP (no scan),23,0.0017005490980899,0.0038993523921817
5,0,Graph-MLP (no scan),24,0.0017136240163101,0.0040017743594944
5,0,Graph-MLP (no scan),25,0.0020594413625076,0.0034130790736526
5,0,Graph-MLP (no scan),26,0.0018099365899196,0.0039961994625627
5,0,Graph-MLP (no scan),27,0.0016577829087439,0.0035643025767058
5,0,Graph-MLP (no scan),28,0.001571986199661,0.0036569416988641
5,0,Graph-MLP (no scan),29,0.0015290543866845,0.0036611352115869
5,0,Graph-MLP (no scan),30,0.001543544123594,0.0037076137959957
5,0,Graph-MLP (no scan),31,0.0015034712063005,0.0037752497009932
5,0,Graph-MLP (no scan),32,0.0015555034140841,0.0035794456489384
5,0,Graph-MLP (no scan),33,0.001496900886727,0.0036566832568496
5,0,Graph-MLP (no scan),34,0.0015070670669396,0.0037016577553004
5,0,Graph-MLP (no scan),35,0.0014219469704235,0.0035746456123888
5,0,Graph-MLP (no scan),36,0.001397806398857,0.0037038528826087
5,0,Graph-MLP (no scan),37,0.0014638665311325,0.0034653916954994
5,0,Graph-MLP (no scan),38,0.0015837351393062,0.0036620218306779
5,0,Graph-MLP (no scan),39,0.0015784460764664,0.0035868047270923
5,0,Graph-MLP (no scan),40,0.0014901725002206,0.0035945270210504
5,0,"GCP-Mamba (Delta only, w_c~N(0,1))",0,0.0029312069097963,0.0038759033195674
5,0,"GCP-Mamba (Delta only, w_c~N(0,1))",1,0.0028824118485387,0.0037452653050422
5,0,"GCP-Mamba (Delta only, w_c~N(0,1))",2,0.0027536028637908,0.0038071640301495
5,0,"GCP-Mamba (Delta only, w_c~N(0,1))",3,0.0026333847369712,0.0038205541204661
5,0,"GCP-Mamba (Delta only, w_c~N(0,1))",4,0.0025565633442826,0.0039042416028678
5,0,"GCP-Mamba (Delta only, w_c~N(0,1))",5,0.0025220757027944,0.0037252383772283
5,0,"GCP-Mamba (Delta only, w_c~N(0,1))",6,0.002526771191221,0.0038290037773549
5,0,"GCP-Mamba (Delta only, w_c~N(0,1))",7,0.0024138620338187,0.0038706518243998
5,0,"GCP-Mamba (Delta only, w_c~N(0,1))",8,0.0023461220105393,0.0036844918504357
5,0,"GCP-Mamba (Delta only, w_c~N(0,1))",9,0.0022201420094531,0.0037056277506053
5,0,"GCP-Mamba (Delta only, w_c~N(0,1))",10,0.0022034919641625,0.003809711895883
5,0,"GCP-Mamba (Delta only, w_c~N(0,1))",11,0.0022514702788052,0.0037519056349992
5,0,"GCP-Mamba (Delta only, w_c~N(0,1))",12,0.002042537363461,0.0038737915456295
5,0,"GCP-Mamba (Delta only, w_c~N(0,1))",13,0.001929137447419,0.0038564247079193
5,0,"GCP-Mamba (Delta only, w_c~N(0,1))",14,0.0018753189414453,0.0040287552401423
5,0,"GCP-Mamba (Delta only, w_c~N(0,1))",15,0.0018920297519518,0.0039184144698083
5,0,"GCP-Mamba (Delta only, w_c~N(0,1))",16,0.0017847149494068,0.0038987786974757
5,0,"GCP-Mamba (Delta only, w_c~N(0,1))",17,0.0017688090805537,0.0037588633131235
5,0,"GCP-Mamba (Delta only, w_c~N(0,1))",18,0.0017118714749813,0.0038519802037626
5,0,"GCP-Mamba (Delta only, w_c~N(0,1))",19,0.0018437921535223,0.0039576268754899
5,0,"GCP-Mamba (Delta only, w_c~N(0,1))",20,0.0018014426504333,0.003582855220884
5,0,"GCP-Mamba (Delta only, w_c~N(0,1))",21,0.001718462151117,0.0038494470063596
5,0,"GCP-Mamba (Delta only, w_c~N(0,1))",22,0.0016807356258281,0.0038341879844665
5,0,"GCP-Mamba (Delta only, w_c~N(0,1))",23,0.0016870874159324,0.0038263199385255
5,0,"GCP-Mamba (Delta only, w_c~N(0,1))",24,0.0017372404735607,0.0038249513600021
5,0,"GCP-Mamba (Delta only, w_c~N(0,1))",25,0.0016878557373554,0.0038666478358209
5,0,"GCP-Mamba (Delta only, w_c~N(0,1))",26,0.0016337003379773,0.0038954864721745
5,0,"GCP-Mamba (Delta only, w_c~N(0,1))",27,0.0016105331964074,0.0036760857328772
5,0,"GCP-Mamba (Delta only, w_c~N(0,1))",28,0.0015314931981265,0.0037562309298664
5,0,"GCP-Mamba (Delta only, w_c~N(0,1))",29,0.0014973911313483,0.0036701138596981
5,0,"GCP-Mamba (Delta only, w_c~N(0,1))",30,0.0014598706199859,0.0037455961573868
5,0,"GCP-Mamba (Delta only, w_c~N(0,1))",31,0.0014534733616388,0.0036293510347604
5,0,"GCP-Mamba (Delta only, w_c~N(0,1))",32,0.0014780596256829,0.0037139696069061
5,0,"GCP-Mamba (Delta only, w_c~N(0,1))",33,0.0014802261381051,0.0037125477101653
5,0,"GCP-Mamba (Delta only, w_c~N(0,1))",34,0.0014566377038136,0.0035552631597965
5,0,"GCP-Mamba (Delta only, w_c~N(0,1))",35,0.0014281475307563,0.0034652869217097
5,0,"GCP-Mamba (Delta only, w_c~N(0,1))",36,0.00138271163361,0.0036882325075566
5,0,"GCP-Mamba (Delta only, w_c~N(0,1))",37,0.0013650684044338,0.0037574323359876
5,0,"GCP-Mamba (Delta only, w_c~N(0,1))",38,0.00140109488454,0.0035663028247654
5,0,"GCP-Mamba (Delta only, w_c~N(0,1))",39,0.001352427211196,0.0037847377825528
5,0,"GCP-Mamba (Delta only, w_c~N(0,1))",40,0.0014465382071928,0.0037230891175568
5,0,"GCP-Mamba (Delta only, w_c~N(0,1))",41,0.0014407617196691,0.0036251416895538
5,0,"GCP-Mamba (Delta only, w_c~N(0,1))",42,0.0015275551042018,0.0037096312735229
5,0,"GCP-Mamba (Delta only, w_c~N(0,1))",43,0.0013556173608566,0.0034592635929584
5,0,"GCP-Mamba (Delta only, w_c~N(0,1))",44,0.0013121052743652,0.0035808531101793
5,0,"GCP-Mamba (Delta only, w_c~N(0,1))",45,0.001235966465006,0.003592126071453
5,0,"GCP-Mamba (Delta only, w_c~N(0,1))",46,0.0012284095300576,0.0035784214269369
5,0,"GCP-Mamba (Delta only, w_c~N(0,1))",47,0.0011904247033481,0.0034733798820525
5,0,"GCP-Mamba (Delta only, w_c~N(0,1))",48,0.0012075157665934,0.0035018932539969
5,0,"GCP-Mamba (Delta only, w_c~N(0,1))",49,0.0012977923302409,0.0033959345892071
5,0,"GCP-Mamba (Delta only, w_c~N(0,1))",50,0.0013917301987441,0.0036403802223503
5,0,"GCP-Mamba (Delta only, w_c~N(0,1))",51,0.001350583642936,0.0034872207324951
5,0,"GCP-Mamba (Delta only, w_c~N(0,1))",52,0.0013129314103235,0.0035156633239239
5,0,"GCP-Mamba (Delta only, w_c~N(0,1))",53,0.0012078318906088,0.0034849485382437
5,0,"GCP-Mamba (Delta only, w_c~N(0,1))",54,0.0011285973426241,0.0035338264424353
5,0,"GCP-Mamba (Delta only, w_c~N(0,1))",55,0.0011156079395172,0.0035338755697011
5,0,"GCP-Mamba (Delta only, w_c~N(0,1))",56,0.0011178895437087,0.0034359928686171
5,0,"GCP-Mamba (Delta only, w_c~N(0,1))",57,0.0011028572093122,0.0037441065069288
5,0,"GCP-Mamba (Delta only, w_c~N(0,1))",58,0.0011693067642716,0.0036003645509481
5,0,"GCP-Mamba (Delta only, w_c~N(0,1))",59,0.0012801232246252,0.0036512077786028
5,0,"GCP-Mamba (Delta only, w_c~N(0,1))",60,0.0011630395140785,0.0035409110132604
5,0,"GCP-Mamba (Delta only, w_c~N(0,1))",61,0.0010909630209565,0.0033747549168765
5,0,"GCP-Mamba (Delta only, w_c~N(0,1))",62,0.0010387672577053,0.0035861479118466
5,0,"GCP-Mamba (Delta only, w_c~N(0,1))",63,0.0010420398791141,0.0034207087010145
5,0,"GCP-Mamba (Delta only, w_c~N(0,1))",64,0.001096142667274,0.0036265733651816
5,0,"GCP-Mamba (Delta only, w_c~N(0,1))",65,0.0010366331651591,0.0034377742558717
5,0,"GCP-Mamba (Delta only, w_c~N(0,1))",66,0.0010409164108121,0.0035105107817798
5,0,"GCP-Mamba (Delta only, w_c~N(0,1))",67,0.0010355199293161,0.0034510807599872
5,0,"GCP-Mamba (Delta only, w_c~N(0,1))",68,0.0010505530696648,0.0036124272737652
5,0,"GCP-Mamba (Delta only, w_c~N(0,1))",69,0.001025196377976,0.0035097694490104
5,0,"GCP-Mamba (Delta only, w_c~N(0,1))",70,0.0010335435231144,0.0036652637645602
5,0,"GCP-Mamba (Delta only, w_c~N(0,1))",71,0.0012576619924332,0.0035362348426133
5,0,"GCP-Mamba (Delta only, w_c~N(0,1))",72,0.0010271363260331,0.0034669090528041
5,0,"GCP-Mamba (Delta only, w_c~N(0,1))",73,0.0009681548314312,0.0035482379607856
5,0,"GCP-Mamba (Delta only, w_c~N(0,1))",74,0.0009867509432996,0.0035380867775529
5,0,"GCP-Mamba (Delta only, w_c~N(0,1))",75,0.0009632328596825,0.003691031364724
5,0,"GCP-Mamba (Delta only, w_c~N(0,1))",76,0.0009351774297941,0.003613831475377
5,0,GCP-Mamba (additive prior),0,0.0025461473072377,0.0018405404407531
5,0,GCP-Mamba (additive prior),1,0.0022695992106141,0.0018442594446241
5,0,GCP-Mamba (additive prior),2,0.0021721464080306,0.001814346993342
5,0,GCP-Mamba (additive prior),3,0.002162430802575,0.0018165921792387
5,0,GCP-Mamba (additive prior),4,0.0021359244845091,0.0017885030247271
5,0,GCP-Mamba (additive prior),5,0.0021197925017286,0.0017767698736861
5,0,GCP-Mamba (additive prior),6,0.0021005727243251,0.0017928873421624
5,0,GCP-Mamba (additive prior),7,0.0020721452771865,0.0017944573191925
5,0,GCP-Mamba (additive prior),8,0.0020253453367891,0.0018208880210295
5,0,GCP-Mamba (additive prior),9,0.0020075266392758,0.0019658815581351
5,0,GCP-Mamba (additive prior),10,0.0019750758772715,0.0018827208550646
5,0,GCP-Mamba (additive prior),11,0.0019424707091485,0.0018840003758668
5,0,GCP-Mamba (additive prior),12,0.0019182198501836,0.0019510176498442
5,0,GCP-Mamba (additive prior),13,0.0019261454142486,0.0019906125962734
5,0,GCP-Mamba (additive prior),14,0.0019626169680402,0.001957026310265
5,0,GCP-Mamba (additive prior),15,0.0018489698315254,0.0018998155137524
5,0,GCP-Mamba (additive prior),16,0.001833124895795,0.0019776446279138
5,0,GCP-Mamba (additive prior),17,0.0018671138534465,0.0019099089549854
5,0,GCP-Mamba (additive prior),18,0.001825303325537,0.0019013140117749
5,0,GCP-Mamba (additive prior),19,0.0017746833905291,0.0020502761472016
5,0,GCP-Mamba (additive prior),20,0.0017108929880823,0.0020040024537593
5,0,GCP-Mamba (additive prior),21,0.0017123229533004,0.0020277670118957
5,0,GCP-Mamba (additive prior),22,0.0016750724708589,0.0020091615151613
5,0,GCP-Mamba (additive prior),23,0.0016635106804852,0.0021157502196729
5,0,GCP-Mamba (additive prior),24,0.0019421331441173,0.002259531058371
5,0,GCP-Mamba (additive prior),25,0.0017722208428984,0.0020763240754604
5,0,GCP-Mamba (additive prior),26,0.0016973688947753,0.0020705622155219
5,0,GCP-Mamba (additive prior),27,0.0016915840490792,0.0021572506520897
5,0,GCP-Mamba (additive prior),28,0.0016262093523087,0.0020695433486253
5,0,GCP-Mamba (additive prior),29,0.0015834449736688,0.0021949717774987
5,0,GCP-Mamba (additive prior),30,0.0016206972605477,0.0021564115304499
5,0,GCP-Mamba (additive prior),31,0.0015974461512926,0.0021986751817166
5,0,GCP-Mamba (additive prior),32,0.0015447216180081,0.0022247838787734
5,0,GCP-Mamba (additive prior),33,0.0014957313300468,0.0022268411703407
5,0,GCP-Mamba (additive prior),34,0.0014786610917116,0.0021272560115903
5,0,GCP-Mamba (additive prior),35,0.0014752317022962,0.0021673422306776
5,0,GCP-Mamba (additive prior),36,0.0014785452351833,0.0022724082227796
5,0,GCP-Mamba (additive prior),37,0.0015221499211083,0.0023729687090963
5,0,GCP-Mamba (additive prior),38,0.0014733353889404,0.0022262637503445
5,0,GCP-Mamba (additive prior),39,0.0014152109318484,0.0022975937463343
5,0,Mamba (additive prior),0,0.0024485439348679,0.0019006574293598
5,0,Mamba (additive prior),1,0.002277941808391,0.0018330956809222
5,0,Mamba (additive prior),2,0.0021980229406975,0.0018025509780272
5,0,Mamba (additive prior),3,0.0021938750090507,0.0018989125965163
5,0,Mamba (additive prior),4,0.0022058746490914,0.0018233362352475
5,0,Mamba (additive prior),5,0.0021690313596851,0.0018283132230862
5,0,Mamba (additive prior),6,0.0021244328827239,0.0019097961485385
5,0,Mamba (additive prior),7,0.0020753972124881,0.0018387134186923
5,0,Mamba (additive prior),8,0.0020313773698245,0.001854570582509
5,0,Mamba (additive prior),9,0.0020011250807258,0.002044518245384
5,0,Mamba (additive prior),10,0.0020202092468165,0.0018910486251115
5,0,Mamba (additive prior),11,0.0019777679099486,0.0018438367405906
5,0,Mamba (additive prior),12,0.0019425069769987,0.0019420428434386
5,0,Mamba (additive prior),13,0.0019232754112006,0.0020210740622133
5,0,Mamba (additive prior),14,0.001867310997421,0.0020080001559108
5,0,Mamba (additive prior),15,0.0018435307062016,0.0020448204595595
5,0,Mamba (additive prior),16,0.0017997090579368,0.0020565050654113
5,0,Mamba (additive prior),17,0.0017893148308548,0.0020812770817428
5,0,Mamba (additive prior),18,0.0018263382944636,0.0021732102613896
5,0,Mamba (additive prior),19,0.0018110513400572,0.0021884525194764
5,0,Mamba (additive prior),20,0.0017725966942424,0.00210278830491
5,0,Mamba (additive prior),21,0.0017799253020292,0.0020981931593269
5,0,Mamba (additive prior),22,0.001751637371042,0.0021918429993093
5,0,Mamba (additive prior),23,0.001684948354243,0.0020727657247334
5,0,Mamba (additive prior),24,0.0016824001070255,0.0020230689551681
5,0,Mamba (additive prior),25,0.0016439524971736,0.0020783762447535
5,0,Mamba (additive prior),26,0.0015930586279584,0.0022895156871527
5,0,Mamba (additive prior),27,0.0015752850673519,0.002039706101641
5,0,Mamba (additive prior),28,0.0015925591310056,0.002392140449956
5,0,Mamba (additive prior),29,0.00159583296985,0.0022723646834492
5,0,Mamba (additive prior),30,0.0015270309415287,0.0021172494161874
5,0,Mamba (additive prior),31,0.0015036373551433,0.0023540202528238
5,0,Mamba (additive prior),32,0.0014691266517799,0.0023381137289106
5,0,Mamba (additive prior),33,0.0014793851851628,0.0023476835340261
5,0,Mamba (additive prior),34,0.0015933216137524,0.0022483728826045
5,0,Mamba (additive prior),35,0.0014778188071571,0.0021994644775986
5,0,Mamba (additive prior),36,0.0014304848853498,0.0022016421426087
5,0,Mamba (additive prior),37,0.0014121853442002,0.0019628400914371
5,0,Mamba (additive prior),38,0.0014083302149978,0.0021434328518807
5,0,Mamba (additive prior),39,0.0015111286300592,0.0026127274613827
1,1,GCP-Mamba,0,0.0036034981477195,0.0036364374682307
1,1,GCP-Mamba,1,0.003435253881026,0.0035545963328331
1,1,GCP-Mamba,2,0.0033057596352275,0.0035396998282521
1,1,GCP-Mamba,3,0.0032270389568546,0.0035379854962229
1,1,GCP-Mamba,4,0.0030201788978192,0.003513179719448
1,1,GCP-Mamba,5,0.0030295823268808,0.0033283757511526
1,1,GCP-Mamba,6,0.0028830494266003,0.003223156556487
1,1,GCP-Mamba,7,0.002611932442591,0.0031945595983415
1,1,GCP-Mamba,8,0.0027148844674229,0.0034438010770827
1,1,GCP-Mamba,9,0.0025153084982024,0.0032244564499706
1,1,GCP-Mamba,10,0.0023570499666359,0.0033434620127081
1,1,GCP-Mamba,11,0.0021948006840935,0.0032402977813035
1,1,GCP-Mamba,12,0.002136609188038,0.0031997789628803
1,1,GCP-Mamba,13,0.0019707358374759,0.0030429405160248
1,1,GCP-Mamba,14,0.0018801808448346,0.0032069068402051
1,1,GCP-Mamba,15,0.0018458322932322,0.003175689605996
1,1,GCP-Mamba,16,0.0019025561733819,0.0036071073263883
1,1,GCP-Mamba,17,0.0024848424600086,0.0030244071967899
1,1,GCP-Mamba,18,0.0020915550395738,0.0030091654043644
1,1,GCP-Mamba,19,0.0018971492586981,0.0031316354870796
1,1,GCP-Mamba,20,0.0017203232973638,0.003121037967503
1,1,GCP-Mamba,21,0.0016123747766908,0.0029478687793016
1,1,GCP-Mamba,22,0.0015591861227986,0.0031028080265969
1,1,GCP-Mamba,23,0.0017567269126142,0.0030141205061227
1,1,GCP-Mamba,24,0.0018207209785401,0.0031814249232411
1,1,GCP-Mamba,25,0.0019465305005618,0.002971536014229
1,1,GCP-Mamba,26,0.0017257121297112,0.0030509671196341
1,1,GCP-Mamba,27,0.0015868510700006,0.0030649490654468
1,1,GCP-Mamba,28,0.0015032073091445,0.0030764683615416
1,1,GCP-Mamba,29,0.0014816551803327,0.0028814517427235
1,1,GCP-Mamba,30,0.0014044379147336,0.0027356147766113
1,1,GCP-Mamba,31,0.0013759085525542,0.0029116137884557
1,1,GCP-Mamba,32,0.0012999740058043,0.0029230273794382
1,1,GCP-Mamba,33,0.0012882564307959,0.0027644610963761
1,1,GCP-Mamba,34,0.0016231295733672,0.0030126706697046
1,1,GCP-Mamba,35,0.0015364296319287,0.002890509320423
1,1,GCP-Mamba,36,0.0015643838880772,0.0033051930367946
1,1,GCP-Mamba,37,0.0018986672824383,0.0028410428203642
1,1,GCP-Mamba,38,0.0014958875540616,0.0029443108942359
1,1,GCP-Mamba,39,0.0013982233915316,0.0027712821029126
1,1,GCP-Mamba,40,0.0012356876631847,0.00272111245431
1,1,GCP-Mamba,41,0.0011986976226224,0.0027232139836996
1,1,GCP-Mamba,42,0.001166866282406,0.0027192821726202
1,1,GCP-Mamba,43,0.0012300461960915,0.002572190715
1,1,GCP-Mamba,44,0.0011761582378918,0.0026921310927718
1,1,GCP-Mamba,45,0.0011765665705383,0.0027012273203581
1,1,GCP-Mamba,46,0.0012250146322438,0.0025787379126995
1,1,GCP-Mamba,47,0.001223794254643,0.0025009727105498
1,1,GCP-Mamba,48,0.0011703626693908,0.0025635245256125
1,1,GCP-Mamba,49,0.0011316209937027,0.0025939655024558
1,1,GCP-Mamba,50,0.0011491417147529,0.0027589800301939
1,1,GCP-Mamba,51,0.0011892260197361,0.0026599541306495
1,1,GCP-Mamba,52,0.0012206906567503,0.0027438071556389
1,1,GCP-Mamba,53,0.0011952625160726,0.0026320801116526
1,1,GCP-Mamba,54,0.0012455703901545,0.0024155832361429
1,1,GCP-Mamba,55,0.0011048451415263,0.0028659973759204
1,1,GCP-Mamba,56,0.0011828619720198,0.0026257981080561
1,1,GCP-Mamba,57,0.0010795058788853,0.0025282162241637
1,1,GCP-Mamba,58,0.0010353194396146,0.0026239459402859
1,1,GCP-Mamba,59,0.0010280665356085,0.0027559732552617
1,1,GCP-Mamba,60,0.0010909007632753,0.002621196443215
1,1,GCP-Mamba,61,0.0010222104307183,0.0025717022363096
1,1,GCP-Mamba,62,0.0009997498060144,0.0025052146520465
1,1,GCP-Mamba,63,0.0009592675061498,0.0024408383760601
1,1,GCP-Mamba,64,0.0009584405570817,0.0025546005927026
1,1,GCP-Mamba,65,0.000996028338019,0.0026359569747
1,1,GCP-Mamba,66,0.0010889627628257,0.0025978833436965
1,1,GCP-Mamba,67,0.0010919852217699,0.0027935623656958
1,1,GCP-Mamba,68,0.0013103564337327,0.0027832163032144
1,1,GCP-Mamba,69,0.0011844230483394,0.002633654512465
1,1,GCP-Mamba (perm. graph),0,0.0036000540426027,0.003628758713603
1,1,GCP-Mamba (perm. graph),1,0.0034359677667743,0.0035580045077949
1,1,GCP-Mamba (perm. graph),2,0.0033028824322357,0.0035206370521336
1,1,GCP-Mamba (perm. graph),3,0.0032284138521746,0.0035253760870546
1,1,GCP-Mamba (perm. graph),4,0.0030264471509102,0.0034614694304764
1,1,GCP-Mamba (perm. graph),5,0.0030584731932216,0.0033417651429772
1,1,GCP-Mamba (perm. graph),6,0.0029533159466919,0.0032501425594091
1,1,GCP-Mamba (perm. graph),7,0.002683671430914,0.0031427959911525
1,1,GCP-Mamba (perm. graph),8,0.0024290158669801,0.0032039477955549
1,1,GCP-Mamba (perm. graph),9,0.00248475804709,0.0035711796954274
1,1,GCP-Mamba (perm. graph),10,0.0024580624278472,0.0032392360735684
1,1,GCP-Mamba (perm. graph),11,0.0022861608574031,0.0030580488964915
1,1,GCP-Mamba (perm. graph),12,0.0021462293942391,0.0031052567064762
1,1,GCP-Mamba (perm. graph),13,0.0020402840328524,0.0030872398056089
1,1,GCP-Mamba (perm. graph),14,0.0021143521188987,0.0036537693813443
1,1,GCP-Mamba (perm. graph),15,0.0020272956285423,0.0032766070216894
1,1,GCP-Mamba (perm. graph),16,0.0024178114878283,0.0035128507297486
1,1,GCP-Mamba (perm. graph),17,0.0026278672976068,0.0030381088145077
1,1,GCP-Mamba (perm. graph),18,0.0020759880907185,0.0030839447863399
1,1,GCP-Mamba (perm. graph),19,0.0018741047833168,0.0031130295246839
1,1,GCP-Mamba (perm. graph),20,0.0017603193696561,0.0030209962278604
1,1,GCP-Mamba (perm. graph),21,0.0016654950019943,0.0028816196136176
1,1,GCP-Mamba (perm. graph),22,0.0016045522491407,0.003018561983481
1,1,GCP-Mamba (perm. graph),23,0.0020125805673634,0.0033643650822341
1,1,GCP-Mamba (perm. graph),24,0.0020363537385465,0.003161582397297
1,1,GCP-Mamba (perm. graph),25,0.001914869227946,0.0028525860980153
1,1,GCP-Mamba (perm. graph),26,0.0016347567611576,0.0030074347741901
1,1,GCP-Mamba (perm. graph),27,0.00158619854525,0.0029789139516651
1,1,GCP-Mamba (perm. graph),28,0.0015005050277661,0.0030308542773127
1,1,GCP-Mamba (perm. graph),29,0.0014941001688872,0.0028593773022294
1,1,GCP-Mamba (perm. graph),30,0.0014027604711768,0.0027356629725545
1,1,GCP-Mamba (perm. graph),31,0.0013699236282052,0.0028293849900364
1,1,GCP-Mamba (perm. graph),32,0.0013356022140267,0.0028070737607777
1,1,GCP-Mamba (perm. graph),33,0.0013120749837084,0.0027480933349579
1,1,GCP-Mamba (perm. graph),34,0.0013728232234311,0.0027746586129069
1,1,GCP-Mamba (perm. graph),35,0.0013979026217661,0.0028327486943453
1,1,GCP-Mamba (perm. graph),36,0.0014599283728613,0.0028000581078231
1,1,GCP-Mamba (perm. graph),37,0.0015282286626313,0.0027371691539883
1,1,GCP-Mamba (perm. graph),38,0.0013885209033184,0.002864591544494
1,1,GCP-Mamba (perm. graph),39,0.0013256246068825,0.0027550451923161
1,1,GCP-Mamba (perm. graph),40,0.0012481101937052,0.0028242759872227
1,1,GCP-Mamba (perm. graph),41,0.0012786457495615,0.0027495701797306
1,1,GCP-Mamba (perm. graph),42,0.0012088157911447,0.0027452267240732
1,1,GCP-Mamba (perm. graph),43,0.0013369183440733,0.0025305163580924
1,1,GCP-Mamba (perm. graph),44,0.0013489449089662,0.0028591435402631
1,1,GCP-Mamba (perm. graph),45,0.0014487394769473,0.0028693403583019
1,1,GCP-Mamba (perm. graph),46,0.0013673815613045,0.0026026281993836
1,1,GCP-Mamba (perm. graph),47,0.001313702908574,0.0026168427430093
1,1,GCP-Mamba (perm. graph),48,0.0012298463160455,0.0025458608288317
1,1,GCP-Mamba (perm. graph),49,0.0012393800737471,0.0025879289023578
1,1,GCP-Mamba (perm. graph),50,0.0012023424741515,0.0026627646293491
1,1,GCP-Mamba (perm. graph),51,0.0011686232789635,0.002714772010222
1,1,GCP-Mamba (perm. graph),52,0.0011822615844615,0.0026530872564762
1,1,GCP-Mamba (perm. graph),53,0.0012153124873715,0.0026352719869464
1,1,GCP-Mamba (perm. graph),54,0.001188044536663,0.00256710476242
1,1,GCP-Mamba (perm. graph),55,0.0011221619594531,0.0027514596004039
1,1,GCP-Mamba (perm. graph),56,0.0012706760890727,0.0027169361710548
1,1,GCP-Mamba (perm. graph),57,0.0011145059593811,0.0026385022792965
1,1,GCP-Mamba (perm. graph),58,0.0010862784473684,0.0025048404932022
1,1,GCP-Mamba (perm. graph),59,0.0010579159610695,0.0026616051327437
1,1,GCP-Mamba (perm. graph),60,0.0010719716251976,0.0027811434119939
1,1,GCP-Mamba (perm. graph),61,0.0011608880671227,0.0028499951586127
1,1,GCP-Mamba (perm. graph),62,0.0011477662930332,0.0024795704521238
1,1,GCP-Mamba (perm. graph),63,0.0010412783873186,0.0023494027554988
1,1,GCP-Mamba (perm. graph),64,0.0010070726730982,0.0025712815113365
1,1,GCP-Mamba (perm. graph),65,0.0009819105304642,0.0026517312508076
1,1,GCP-Mamba (perm. graph),66,0.0011723379948702,0.0027636971790343
1,1,GCP-Mamba (perm. graph),67,0.0011648432177869,0.0027012876234948
1,1,GCP-Mamba (perm. graph),68,0.0013585770452071,0.0029427870176732
1,1,GCP-Mamba (perm. graph),69,0.0012501075651253,0.0025884727947413
1,1,GCP-Mamba (perm. graph),70,0.0011124197575871,0.0024284967221319
1,1,GCP-Mamba (perm. graph),71,0.0010577549827217,0.0023949923925101
1,1,GCP-Mamba (perm. graph),72,0.0009421349479479,0.0024718509521335
1,1,GCP-Mamba (perm. graph),73,0.0009296564672115,0.0025073010474443
1,1,GCP-Mamba (perm. graph),74,0.0009476755917801,0.0025402205064892
1,1,GCP-Mamba (perm. graph),75,0.0010104510204299,0.0025465111248195
1,1,GCP-Mamba (perm. graph),76,0.0012767372409934,0.0027015744708478
1,1,GCP-Mamba (perm. graph),77,0.0014637525014552,0.0025406482163816
1,1,GCP-Mamba (perm. graph),78,0.0011912252706732,0.0025177267380058
1,1,Mamba (no graph),0,0.003606224493326,0.0036705234088003
1,1,Mamba (no graph),1,0.0035068952660683,0.0035802931524813
1,1,Mamba (no graph),2,0.003332524486156,0.0035349032841622
1,1,Mamba (no graph),3,0.0032488311424959,0.0035036380868405
1,1,Mamba (no graph),4,0.0031327327470416,0.003576738294214
1,1,Mamba (no graph),5,0.0031204470534525,0.0036227828823029
1,1,Mamba (no graph),6,0.0031064033400321,0.0034561196807771
1,1,Mamba (no graph),7,0.0028492103405026,0.0032096416689455
1,1,Mamba (no graph),8,0.00255175917983,0.0032386304810643
1,1,Mamba (no graph),9,0.0027810356957648,0.0034166395198553
1,1,Mamba (no graph),10,0.0028092231368646,0.0033267592079937
1,1,Mamba (no graph),11,0.0025865470356159,0.0032687170896679
1,1,Mamba (no graph),12,0.002442419253951,0.0030877196695655
1,1,Mamba (no graph),13,0.0021982308311819,0.0032149523030966
1,1,Mamba (no graph),14,0.0020589837500744,0.0032789660617709
1,1,Mamba (no graph),15,0.0019081291536787,0.0032367969397455
1,1,Mamba (no graph),16,0.0018554431575255,0.003320108866319
1,1,Mamba (no graph),17,0.0018661968895922,0.0035216233227401
1,1,Mamba (no graph),18,0.0018767764879579,0.0035466735716909
1,1,Mamba (no graph),19,0.0021235231492344,0.0033211663831025
1,1,Mamba (no graph),20,0.001855127989193,0.0032710952218621
1,1,Mamba (no graph),21,0.0018681989193124,0.0031692604534327
1,1,Mamba (no graph),22,0.0020431796564599,0.0035096337087452
1,1,Mamba (no graph),23,0.0018501677516631,0.0033341753296554
1,1,Mamba (no graph),24,0.0017141438126429,0.0033237738534808
1,1,Mamba (no graph),25,0.0016565760192663,0.0030474865343421
1,1,Mamba (no graph),26,0.0015402329078389,0.0032156663946807
1,1,Mamba (no graph),27,0.0014507963737148,0.0031561418436467
1,1,Mamba (no graph),28,0.0014246236583541,0.0030887920875102
1,1,Mamba (no graph),29,0.0014075294029021,0.0032041708473116
1,1,Mamba (no graph),30,0.0014219842446239,0.0031928233802318
1,1,Mamba (no graph),31,0.0013772172134612,0.0033297424670308
1,1,Mamba (no graph),32,0.0013577269012297,0.0035506025888025
1,1,Mamba (no graph),33,0.0014320327394196,0.0031965719535946
1,1,Mamba (no graph),34,0.0013828499603719,0.0031327516771852
1,1,Mamba (no graph),35,0.0014594758243259,0.0036213740240782
1,1,Mamba (no graph),36,0.0014700744962454,0.0029319191817194
1,1,Mamba (no graph),37,0.0013776277529372,0.0030445710290223
1,1,Mamba (no graph),38,0.0013311470097835,0.0031216207426041
1,1,Mamba (no graph),39,0.0014012633515791,0.0030989237129688
1,1,Mamba (no graph),40,0.0013000137304239,0.0031490605324506
1,1,Mamba (no graph),41,0.0012623218674401,0.0030117728747427
1,1,Mamba (no graph),42,0.0012525885182,0.0028856962453573
1,1,Mamba (no graph),43,0.0011728839574219,0.0029335359577089
1,1,Mamba (no graph),44,0.0012556467343634,0.0029620381537824
1,1,Mamba (no graph),45,0.0012308679979996,0.0032590206246823
1,1,Mamba (no graph),46,0.0011946668483964,0.0032223651651293
1,1,Mamba (no graph),47,0.0011612908253311,0.0031155771575868
1,1,Mamba (no graph),48,0.001134380334617,0.0029607019387185
1,1,Mamba (no graph),49,0.0013066117273832,0.0030451952479779
1,1,Mamba (no graph),50,0.0012093650048895,0.0031850927043706
1,1,Mamba (no graph),51,0.0013145037827189,0.0028082649223506
1,1,Mamba (no graph),52,0.0012954368590937,0.0029268525540828
1,1,Mamba (no graph),53,0.0011383165601991,0.0028247931040823
1,1,Mamba (no graph),54,0.0010430906035437,0.002891490003094
1,1,Mamba (no graph),55,0.0010146367873159,0.0030084031168371
1,1,Mamba (no graph),56,0.0010252066354766,0.0029642898589372
1,1,Mamba (no graph),57,0.0010361511140481,0.0028061748016625
1,1,Mamba (no graph),58,0.0010153515942637,0.0028572366572916
1,1,Mamba (no graph),59,0.0009820609744908,0.0028550329152494
1,1,Mamba (no graph),60,0.0011128713747999,0.0027497943956404
1,1,Mamba (no graph),61,0.001188457220543,0.0028291041962802
1,1,Mamba (no graph),62,0.0010881863679547,0.0029794047586619
1,1,Mamba (no graph),63,0.0010427917181716,0.0028598946519196
1,1,Mamba (no graph),64,0.0009745451220162,0.0028107941616326
1,1,Mamba (no graph),65,0.0009220617517923,0.0028047198429703
1,1,Mamba (no graph),66,0.0008960265026805,0.0027863287832587
1,1,Mamba (no graph),67,0.000917025279942,0.0028137287590652
1,1,Mamba (no graph),68,0.0009145513489046,0.0027271993458271
1,1,Mamba (no graph),69,0.0009040487508383,0.0027520114090293
1,1,Mamba (no graph),70,0.0009551373836786,0.0028298513498157
1,1,Mamba (no graph),71,0.0013589284338893,0.0029520038515329
1,1,Mamba (no graph),72,0.0010794509527867,0.0029599503614008
1,1,Mamba (no graph),73,0.0011532663640167,0.0026274223346263
1,1,Mamba (no graph),74,0.0009744608474463,0.0026536032091826
1,1,Mamba (no graph),75,0.0009379944404708,0.0026618991978466
1,1,Mamba (no graph),76,0.0008609892793701,0.002764725824818
1,1,Mamba (no graph),77,0.0008715933966585,0.0027361020911484
1,1,Mamba (no graph),78,0.0008985992661083,0.0028519860934466
1,1,Mamba (no graph),79,0.0008711328568018,0.0028747746255248
1,1,Mamba (no graph),80,0.000831978034525,0.002669314853847
1,1,Mamba (no graph),81,0.0008628829905385,0.0026869249995797
1,1,Mamba (no graph),82,0.0008575563678396,0.0027507855556905
1,1,Mamba (no graph),83,0.0007937635300154,0.002639316022396
1,1,Mamba (no graph),84,0.0007805581790044,0.0026173875667154
1,1,Mamba (no graph),85,0.000801768264416,0.0025253233034163
1,1,Mamba (no graph),86,0.0008232696091526,0.0025825435295701
1,1,Mamba (no graph),87,0.0007839565392266,0.0026790134143084
1,1,Mamba (no graph),88,0.0007886238850862,0.0027744281105697
1,1,Mamba (no graph),89,0.0007850143137266,0.0026305776555091
1,1,Mamba (no graph),90,0.0007926937702206,0.0026058512739837
1,1,Mamba (no graph),91,0.0007836923072371,0.0025997660122811
1,1,Mamba (no graph),92,0.0008283767299186,0.0026932342443615
1,1,Mamba (no graph),93,0.0008052013864221,0.0026976589579135
1,1,Mamba (no graph),94,0.0008178114873336,0.0025920236948877
1,1,Mamba (no graph),95,0.0008198720861928,0.0026581967249512
1,1,Mamba (no graph),96,0.000845658306903,0.0025386686902493
1,1,Mamba (no graph),97,0.0007678204303796,0.002640665275976
1,1,Mamba (no graph),98,0.0007994237340703,0.0028738416731357
1,1,Mamba (no graph),99,0.0008270621605122,0.002638813573867
1,1,Graph-MLP (no scan),0,0.0036249676435861,0.0036613191477954
1,1,Graph-MLP (no scan),1,0.003498116052588,0.0036134037654846
1,1,Graph-MLP (no scan),2,0.0033621937272719,0.0035654355306178
1,1,Graph-MLP (no scan),3,0.0032012522612037,0.0035251330118626
1,1,Graph-MLP (no scan),4,0.003022718481193,0.0035235199611634
1,1,Graph-MLP (no scan),5,0.0028454529465702,0.003473985241726
1,1,Graph-MLP (no scan),6,0.0028184040625026,0.0034880959428846
1,1,Graph-MLP (no scan),7,0.0032328957543316,0.0035879246424883
1,1,Graph-MLP (no scan),8,0.0029008666836265,0.0032907812856137
1,1,Graph-MLP (no scan),9,0.0024832373964127,0.0035539020318537
1,1,Graph-MLP (no scan),10,0.0023659021978307,0.003466568654403
1,1,Graph-MLP (no scan),11,0.0021640565246343,0.0032677268609404
1,1,Graph-MLP (no scan),12,0.0021800267429131,0.0038137959782034
1,1,Graph-MLP (no scan),13,0.0025570275569064,0.0035865802783519
1,1,Graph-MLP (no scan),14,0.0025735876786158,0.0033159966114908
1,1,Graph-MLP (no scan),15,0.0021659950590759,0.0047323512844741
1,1,Graph-MLP (no scan),16,0.0030826800511272,0.0036653415299952
1,1,Graph-MLP (no scan),17,0.0027001515381794,0.0038371707778424
1,1,Graph-MLP (no scan),18,0.0023250750947635,0.0032920690719038
1,1,Graph-MLP (no scan),19,0.0020353893624564,0.0035774793941527
1,1,Graph-MLP (no scan),20,0.0018825404214389,0.003629176178947
1,1,Graph-MLP (no scan),21,0.0017994788013047,0.0034670182503759
1,1,Graph-MLP (no scan),22,0.0017448071275662,0.0036233023274689
1,1,Graph-MLP (no scan),23,0.0017574802817155,0.0032312946859747
1,1,Graph-MLP (no scan),24,0.0017506038294295,0.0032335587311536
1,1,Graph-MLP (no scan),25,0.0019820119799249,0.0035331544931977
1,1,Graph-MLP (no scan),26,0.0019006567485832,0.0032337440643459
1,1,Graph-MLP (no scan),27,0.0019055131967921,0.003427266376093
1,1,Graph-MLP (no scan),28,0.0018390196820963,0.0035837956238538
1,1,Graph-MLP (no scan),29,0.0016250466388832,0.0031827727798372
1,1,Graph-MLP (no scan),30,0.0015444209912211,0.0034054217394441
1,1,Graph-MLP (no scan),31,0.0015194238622443,0.003500300925225
1,1,Graph-MLP (no scan),32,0.0015066048523505,0.0033149404916912
1,1,Graph-MLP (no scan),33,0.0014900597423126,0.0035238852724432
1,1,Graph-MLP (no scan),34,0.0015024346353459,0.0033279776107519
1,1,Graph-MLP (no scan),35,0.0023821441379065,0.0032728905789554
1,1,Graph-MLP (no scan),36,0.0019655940460338,0.0030395812354981
1,1,Graph-MLP (no scan),37,0.0016238874708558,0.0030715661123394
1,1,Graph-MLP (no scan),38,0.0015274603189765,0.0031590692233294
1,1,Graph-MLP (no scan),39,0.0014674287572827,0.0031913537532091
1,1,Graph-MLP (no scan),40,0.0014264974405692,0.0030280724167823
1,1,Graph-MLP (no scan),41,0.0014244364642038,0.0031823888421058
1,1,Graph-MLP (no scan),42,0.0014446676806614,0.0028933621942996
1,1,Graph-MLP (no scan),43,0.0013954430393388,0.0032735196873545
1,1,Graph-MLP (no scan),44,0.0015047911244134,0.0032749350648373
1,1,Graph-MLP (no scan),45,0.001648682847862,0.0031367163173854
1,1,Graph-MLP (no scan),46,0.0016811940636809,0.0028804475441575
1,1,Graph-MLP (no scan),47,0.001494606744255,0.0034553173463791
1,1,Graph-MLP (no scan),48,0.0015925895616722,0.0031130285933613
1,1,Graph-MLP (no scan),49,0.0015565700326249,0.0033358386717736
1,1,Graph-MLP (no scan),50,0.0013512392001955,0.0028800994623452
1,1,Graph-MLP (no scan),51,0.0013408669408923,0.0030628719832748
1,1,Graph-MLP (no scan),52,0.001271103920442,0.0028469569515436
1,1,Graph-MLP (no scan),53,0.001298474839659,0.0034090827684849
1,1,Graph-MLP (no scan),54,0.001382421239016,0.0033910160418599
1,1,Graph-MLP (no scan),55,0.0014840926151668,0.0034174730535596
1,1,Graph-MLP (no scan),56,0.0013855210694389,0.002994940849021
1,1,Graph-MLP (no scan),57,0.0014451982038419,0.0031003719195723
1,1,Graph-MLP (no scan),58,0.0013497760215693,0.0031926555093377
1,1,Graph-MLP (no scan),59,0.0012839405318263,0.0028834526892751
1,1,Graph-MLP (no scan),60,0.0012730743611177,0.0028677445370703
1,1,Graph-MLP (no scan),61,0.0012928001747966,0.0030749391298741
1,1,Graph-MLP (no scan),62,0.0012793749375977,0.0028852517716586
1,1,Graph-MLP (no scan),63,0.0011954242245469,0.0028584538958966
1,1,Graph-MLP (no scan),64,0.0011888771791152,0.0031577795743942
1,1,Graph-MLP (no scan),65,0.001327784140628,0.0029801328200846
1,1,Graph-MLP (no scan),66,0.0011567483551503,0.003010167973116
1,1,Graph-MLP (no scan),67,0.0011437762447673,0.0028724996373057
1,1,GCP-Mamba (additive prior),0,0.0028821676125938,0.0016018488677218
1,1,GCP-Mamba (additive prior),1,0.0025526541116498,0.0016201456310227
1,1,GCP-Mamba (additive prior),2,0.0024841747540251,0.0015892324736341
1,1,GCP-Mamba (additive prior),3,0.0024610738914486,0.001591823529452
1,1,GCP-Mamba (additive prior),4,0.0024253831167394,0.0016180188395082
1,1,GCP-Mamba (additive prior),5,0.0023950337098263,0.0017046284629032
1,1,GCP-Mamba (additive prior),6,0.0023451331982632,0.0017993244109675
1,1,GCP-Mamba (additive prior),7,0.0023222117536309,0.0017817742191255
1,1,GCP-Mamba (additive prior),8,0.0022461757475537,0.001927338191308
1,1,GCP-Mamba (additive prior),9,0.0023199213344765,0.002342261141166
1,1,GCP-Mamba (additive prior),10,0.0023685772734545,0.001981807174161
1,1,GCP-Mamba (additive prior),11,0.0022420252916281,0.001958118751645
1,1,GCP-Mamba (additive prior),12,0.0021628292000758,0.0020957968663424
1,1,GCP-Mamba (additive prior),13,0.0021314708755581,0.0021143776830285
1,1,GCP-Mamba (additive prior),14,0.0020699194510993,0.0020713803824037
1,1,GCP-Mamba (additive prior),15,0.0021335219397493,0.0021239833440631
1,1,GCP-Mamba (additive prior),16,0.0021073525245098,0.0021748344879597
1,1,GCP-Mamba (additive prior),17,0.0020462903784641,0.0021142633631825
1,1,GCP-Mamba (additive prior),18,0.0019608239400322,0.0022431670222431
1,1,GCP-Mamba (additive prior),19,0.0019084972116853,0.0023185398895293
1,1,GCP-Mamba (additive prior),20,0.0018541312530177,0.0023864139802753
1,1,GCP-Mamba (additive prior),21,0.0017711425544289,0.0023745065554976
1,1,GCP-Mamba (additive prior),22,0.0018599623834471,0.0024132067337632
1,1,GCP-Mamba (additive prior),23,0.0025862721115539,0.0020956867374479
1,1,GCP-Mamba (additive prior),24,0.0022072259039766,0.0019901774358004
1,1,GCP-Mamba (additive prior),25,0.0020932335055608,0.0021511455997824
1,1,GCP-Mamba (additive prior),26,0.0019221239743511,0.002061647363007
1,1,GCP-Mamba (additive prior),27,0.0018139855777574,0.0023111596237868
1,1,GCP-Mamba (additive prior),28,0.0017893821645555,0.0023011129815131
1,1,GCP-Mamba (additive prior),29,0.0017288981774902,0.0023462977260351
1,1,GCP-Mamba (additive prior),30,0.0017080056258355,0.0023465827107429
1,1,GCP-Mamba (additive prior),31,0.001659842172597,0.0023268503136932
1,1,GCP-Mamba (additive prior),32,0.0017291539503882,0.0026475726626813
1,1,GCP-Mamba (additive prior),33,0.0020466850635231,0.0024275260511785
1,1,GCP-Mamba (additive prior),34,0.0018703102765172,0.0022386177442967
1,1,GCP-Mamba (additive prior),35,0.0016649558235877,0.0026018812786787
1,1,GCP-Mamba (additive prior),36,0.0015920293837974,0.002293303143233
1,1,GCP-Mamba (additive prior),37,0.0015333412304534,0.0024654644075781
1,1,GCP-Mamba (additive prior),38,0.0015697850596051,0.0020626937039196
1,1,GCP-Mamba (additive prior),39,0.001584506465419,0.002386967651546
1,2,GCP-Mamba,0,0.0037691445862604,0.0036961594596505
1,2,GCP-Mamba,1,0.0035401499843683,0.0036011231131851
1,2,GCP-Mamba,2,0.0034060937797893,0.0036635464057326
1,2,GCP-Mamba,3,0.0032397411169781,0.0035299882292747
1,2,GCP-Mamba,4,0.0030714315261043,0.003736394457519
1,2,GCP-Mamba,5,0.0028630351239437,0.0037090533878654
1,2,GCP-Mamba,6,0.0027964160089259,0.0033661741763353
1,2,GCP-Mamba,7,0.0026053335556449,0.0036997126881033
1,2,GCP-Mamba,8,0.0026715628488961,0.0045874789357185
1,2,GCP-Mamba,9,0.0025288049769385,0.0035691796801984
1,2,GCP-Mamba,10,0.0025125548439235,0.0034075041767209
1,2,GCP-Mamba,11,0.0023507711281864,0.0034246379509568
1,2,GCP-Mamba,12,0.0022185613819654,0.0032197281252592
1,2,GCP-Mamba,13,0.0021604836051203,0.0032643375452607
1,2,GCP-Mamba,14,0.0025484458529862,0.0038047765847295
1,2,GCP-Mamba,15,0.0022489623532738,0.0032679892610758
1,2,GCP-Mamba,16,0.0019897635776441,0.0033754815813153
1,2,GCP-Mamba,17,0.0020107027570096,0.0032459893263876
1,2,GCP-Mamba,18,0.0019168015721294,0.0029585540760308
1,2,GCP-Mamba,19,0.00179793479164,0.0031458337325602
1,2,GCP-Mamba,20,0.001824903551597,0.0030929527711123
1,2,GCP-Mamba,21,0.0017413813080908,0.0031422397587448
1,2,GCP-Mamba,22,0.0020565417244274,0.0034484958741813
1,2,GCP-Mamba,23,0.0024345917137933,0.0031056418083608
1,2,GCP-Mamba,24,0.002365723721332,0.0031626189593225
1,2,GCP-Mamba,25,0.002126796292546,0.0036686926614493
1,2,GCP-Mamba,26,0.0018037981800802,0.0030527096241712
1,2,GCP-Mamba,27,0.001739352851249,0.002948282752186
1,2,GCP-Mamba,28,0.0016634386231906,0.0032755774445831
1,2,GCP-Mamba,29,0.001576469661128,0.0029672211967408
1,2,GCP-Mamba,30,0.0015787623891863,0.0030594978015869
1,2,GCP-Mamba,31,0.0015474545248055,0.0032350299879908
1,2,GCP-Mamba,32,0.001506879294723,0.0032443495001643
1,2,GCP-Mamba,33,0.0014758202891823,0.0028100204654037
1,2,GCP-Mamba,34,0.0014715625371352,0.0034672070760279
1,2,GCP-Mamba,35,0.0014897699626432,0.0030925369355827
1,2,GCP-Mamba,36,0.0014863969366727,0.0029752764385193
1,2,GCP-Mamba,37,0.0015528481318682,0.0032276129350066
1,2,GCP-Mamba,38,0.001523252852865,0.0035112395416945
1,2,GCP-Mamba,39,0.001383472029862,0.0029475889168679
1,2,GCP-Mamba,40,0.0013188502677054,0.0031624890398234
1,2,GCP-Mamba,41,0.0012663963682733,0.0031198333017528
1,2,GCP-Mamba,42,0.0013172849072177,0.0031944140791893
1,2,GCP-Mamba,43,0.0013299519170845,0.0029073099140077
1,2,GCP-Mamba,44,0.001340094591032,0.0032825565431267
1,2,GCP-Mamba,45,0.0013277878625439,0.003103318857029
1,2,GCP-Mamba,46,0.0014913107961942,0.0036288690753281
1,2,GCP-Mamba,47,0.0013618090888485,0.0032281957101076
1,2,GCP-Mamba,48,0.0013092340558996,0.0031250787433236
1,2,GCP-Mamba (perm. graph),0,0.0037736655347913,0.0037097921594977
1,2,GCP-Mamba (perm. graph),1,0.0035657488160591,0.003609778592363
1,2,GCP-Mamba (perm. graph),2,0.0034311917893912,0.0036367531865835
1,2,GCP-Mamba (perm. graph),3,0.0032853908242954,0.0035149743780493
1,2,GCP-Mamba (perm. graph),4,0.0031093916673537,0.0037605259567499
1,2,GCP-Mamba (perm. graph),5,0.0029226544809163,0.0037645823322236
1,2,GCP-Mamba (perm. graph),6,0.0028167632745875,0.0034316419623792
1,2,GCP-Mamba (perm. graph),7,0.0026066281100519,0.0038715482223778
1,2,GCP-Mamba (perm. graph),8,0.0028392039036945,0.0040920847095549
1,2,GCP-Mamba (perm. graph),9,0.0026512753987765,0.0036574504338204
1,2,GCP-Mamba (perm. graph),10,0.0024156255775765,0.0032505218405276
1,2,GCP-Mamba (perm. graph),11,0.0022603866569967,0.0034279371611773
1,2,GCP-Mamba (perm. graph),12,0.0022644282899041,0.0033159907907247
1,2,GCP-Mamba (perm. graph),13,0.0021656218180567,0.0030912822112441
1,2,GCP-Mamba (perm. graph),14,0.0021501621585744,0.003415031125769
1,2,GCP-Mamba (perm. graph),15,0.0020417665617297,0.0030255976598709
1,2,GCP-Mamba (perm. graph),16,0.0020498959212631,0.0030068615451455
1,2,GCP-Mamba (perm. graph),17,0.0021009420599801,0.0036816759966313
1,2,GCP-Mamba (perm. graph),18,0.00226616716532,0.0028337689582258
1,2,GCP-Mamba (perm. graph),19,0.0018518363274093,0.0033419807441532
1,2,GCP-Mamba (perm. graph),20,0.0018550924454019,0.0030682338401675
1,2,GCP-Mamba (perm. graph),21,0.0017480023164788,0.0031179366633296
1,2,GCP-Mamba (perm. graph),22,0.0017672668082936,0.0031242268159985
1,2,GCP-Mamba (perm. graph),23,0.0020685452542713,0.0031121678184717
1,2,GCP-Mamba (perm. graph),24,0.0022855016413023,0.003248396795243
1,2,GCP-Mamba (perm. graph),25,0.0019555215055689,0.0035253909882158
1,2,GCP-Mamba (perm. graph),26,0.0016942978187032,0.0030062375590205
1,2,GCP-Mamba (perm. graph),27,0.0016387195555844,0.0027856570668518
1,2,GCP-Mamba (perm. graph),28,0.0015494618547972,0.0031474544666707
1,2,GCP-Mamba (perm. graph),29,0.0015187117514079,0.0030561825260519
1,2,GCP-Mamba (perm. graph),30,0.0015546085854546,0.0031579572241753
1,2,GCP-Mamba (perm. graph),31,0.0015156330503658,0.0031878883019089
1,2,GCP-Mamba (perm. graph),32,0.0014477677751278,0.0032001894433051
1,2,GCP-Mamba (perm. graph),33,0.001565083105495,0.0028017950244247
1,2,GCP-Mamba (perm. graph),34,0.0014956125962561,0.00315763335675
1,2,GCP-Mamba (perm. graph),35,0.0014440544637972,0.0032343647908419
1,2,GCP-Mamba (perm. graph),36,0.0014595736705603,0.0028388649225234
1,2,GCP-Mamba (perm. graph),37,0.0014912927610988,0.0034572104923427
1,2,GCP-Mamba (perm. graph),38,0.0015009382484055,0.0034302291460335
1,2,GCP-Mamba (perm. graph),39,0.0013557286946561,0.0028319719713181
1,2,GCP-Mamba (perm. graph),40,0.0013631259570357,0.0031296066008508
1,2,GCP-Mamba (perm. graph),41,0.0013359647051876,0.0029625894967466
1,2,GCP-Mamba (perm. graph),42,0.0013350482145999,0.0031699407845735
1,2,Mamba (no graph),0,0.0036842454481276,0.0038874072488397
1,2,Mamba (no graph),1,0.0035894523118285,0.0036364190746098
1,2,Mamba (no graph),2,0.0034510075060677,0.0035313088446855
1,2,Mamba (no graph),3,0.0032679716098135,0.0036274227313697
1,2,Mamba (no graph),4,0.003108247851386,0.003467698348686
1,2,Mamba (no graph),5,0.0030261331222667,0.0035061619710177
1,2,Mamba (no graph),6,0.0028019490705776,0.0034197396598756
1,2,Mamba (no graph),7,0.0027142732059987,0.0038156162481755
1,2,Mamba (no graph),8,0.0025411277833948,0.0044826483353972
1,2,Mamba (no graph),9,0.0024429574014915,0.0038983612321317
1,2,Mamba (no graph),10,0.0022682634526458,0.0037622340023517
1,2,Mamba (no graph),11,0.0021930266191939,0.0032129329629242
1,2,Mamba (no graph),12,0.0020747471135109,0.0033098591957241
1,2,Mamba (no graph),13,0.0019990574784468,0.0035018671769648
1,2,Mamba (no graph),14,0.0024031915000059,0.0032861037179827
1,2,Mamba (no graph),15,0.0026112895600659,0.003826861269772
1,2,Mamba (no graph),16,0.0023097886030724,0.0032323694322258
1,2,Mamba (no graph),17,0.0019516609221075,0.0036920206621289
1,2,Mamba (no graph),18,0.0018278114173723,0.0037828574422746
1,2,Mamba (no graph),19,0.0019266855362229,0.0034977151080965
1,2,Mamba (no graph),20,0.0017824988690731,0.0032661014702171
1,2,Mamba (no graph),21,0.0016581557009477,0.0034343632869422
1,2,Mamba (no graph),22,0.0016917024875748,0.0035369438119232
1,2,Mamba (no graph),23,0.0022406624781939,0.0035087915603071
1,2,Mamba (no graph),24,0.0020251304241896,0.00349812512286
1,2,Mamba (no graph),25,0.0018406698971217,0.0033706123940646
1,2,Mamba (no graph),26,0.0017510956588565,0.0030841613188385
1,2,Mamba (no graph),27,0.0015507257523258,0.0033058414701372
1,2,Mamba (no graph),28,0.0014957430961447,0.0033174974378198
1,2,Mamba (no graph),29,0.0014566506083676,0.0033022691495716
1,2,Mamba (no graph),30,0.0014389766240155,0.0033475402742624
1,2,Mamba (no graph),31,0.0014095320804989,0.0035036529880017
1,2,Mamba (no graph),32,0.0014242384695798,0.0034964368678629
1,2,Mamba (no graph),33,0.0014201201333164,0.0031696197111159
1,2,Mamba (no graph),34,0.00135204575254,0.0035646979231387
1,2,Mamba (no graph),35,0.0013300554423619,0.0032453641761094
1,2,Mamba (no graph),36,0.0013194508636302,0.0031609646975994
1,2,Mamba (no graph),37,0.0013280116246027,0.0033922297880053
1,2,Mamba (no graph),38,0.0013379785991476,0.0033229854889214
1,2,Mamba (no graph),39,0.0013275412004103,0.0036413455381989
1,2,Mamba (no graph),40,0.0013484424233193,0.0031815939582884
1,2,Mamba (no graph),41,0.001264745582138,0.0036131411325186
1,2,Graph-MLP (no scan),0,0.0039377123846308,0.0038190388586372
1,2,Graph-MLP (no scan),1,0.0035962447510573,0.0036408533342182
1,2,Graph-MLP (no scan),2,0.0034826575454486,0.0036005864385515
1,2,Graph-MLP (no scan),3,0.0034190013184738,0.0035660688299685
1,2,Graph-MLP (no scan),4,0.003316076296935,0.0035101503599435
1,2,Graph-MLP (no scan),5,0.0031672091294161,0.0034392965026199
1,2,Graph-MLP (no scan),6,0.0029256757942662,0.0034757971297949
1,2,Graph-MLP (no scan),7,0.0027653508434962,0.0034321383573114
1,2,Graph-MLP (no scan),8,0.0025383464745718,0.0035464221145957
1,2,Graph-MLP (no scan),9,0.0024268766865134,0.0033681052736938
1,2,Graph-MLP (no scan),10,0.0023911813538912,0.0031587614212185
1,2,Graph-MLP (no scan),11,0.0024743314656982,0.0041839787736535
1,2,Graph-MLP (no scan),12,0.0026471630899586,0.003516778582707
1,2,Graph-MLP (no scan),13,0.0024349965666339,0.0036596367135643
1,2,Graph-MLP (no scan),14,0.0021683726328141,0.0031920219771564
1,2,Graph-MLP (no scan),15,0.002059244196457,0.0035386071540415
1,2,Graph-MLP (no scan),16,0.002037258832243,0.003484287764877
1,2,Graph-MLP (no scan),17,0.0019958890920531,0.0035191478673368
1,2,Graph-MLP (no scan),18,0.0020279510763298,0.0032230948563665
1,2,Graph-MLP (no scan),19,0.0019691633296779,0.0031513127032667
1,2,Graph-MLP (no scan),20,0.0017668015957958,0.0033238397445529
1,2,Graph-MLP (no scan),21,0.0018188429598197,0.0035469864960759
1,2,Graph-MLP (no scan),22,0.0017801266082603,0.0033678351901471
1,2,Graph-MLP (no scan),23,0.001673562205869,0.0032603240106254
1,2,Graph-MLP (no scan),24,0.0015965649002717,0.0032511209137737
1,2,Graph-MLP (no scan),25,0.0016459199731521,0.0034212586469948
1,2,Graph-MLP (no scan),26,0.0017010400854591,0.0030422962736338
1,2,Graph-MLP (no scan),27,0.0019976686588421,0.0032255444675683
1,2,Graph-MLP (no scan),28,0.0019872150404135,0.0029359718319028
1,2,Graph-MLP (no scan),29,0.001738522915453,0.0031405959744006
1,2,Graph-MLP (no scan),30,0.0016949588594877,0.0031790807843208
1,2,Graph-MLP (no scan),31,0.0015971717050137,0.0030904645100235
1,2,Graph-MLP (no scan),32,0.0015635222544137,0.0032158992253243
1,2,Graph-MLP (no scan),33,0.001503942870076,0.0030367667786777
1,2,Graph-MLP (no scan),34,0.0016685558105076,0.0031655225902795
1,2,Graph-MLP (no scan),35,0.0015446502745718,0.0030605474021285
1,2,Graph-MLP (no scan),36,0.0015570594240789,0.0031507913954555
1,2,Graph-MLP (no scan),37,0.0015221237258958,0.0029349271208047
1,2,Graph-MLP (no scan),38,0.0014550775691084,0.0029177942778915
1,2,Graph-MLP (no scan),39,0.001462372662702,0.0029661101289093
1,2,Graph-MLP (no scan),40,0.0014401619563864,0.003364936215803
1,2,Graph-MLP (no scan),41,0.0016743216589363,0.0030030780471861
1,2,Graph-MLP (no scan),42,0.0016727718791209,0.0032798633910715
1,2,Graph-MLP (no scan),43,0.0019735756627135,0.0031113584991544
1,2,Graph-MLP (no scan),44,0.0019128258387301,0.0030744117684662
1,2,Graph-MLP (no scan),45,0.0015884403264204,0.0028075731825083
1,2,Graph-MLP (no scan),46,0.0014531932909554,0.0029405462555587
1,2,Graph-MLP (no scan),47,0.0014175239248552,0.0028423552867025
1,2,Graph-MLP (no scan),48,0.0014110071503597,0.0032246354967355
1,2,Graph-MLP (no scan),49,0.0013708593306955,0.0029054470360279
1,2,Graph-MLP (no scan),50,0.0013226625565237,0.0030420729890465
1,2,Graph-MLP (no scan),51,0.0012741760786055,0.0029614532832056
1,2,Graph-MLP (no scan),52,0.0012684169653938,0.0029720431193709
1,2,Graph-MLP (no scan),53,0.0012926043675996,0.0029042055830359
1,2,Graph-MLP (no scan),54,0.0013395190370552,0.0030005301814526
1,2,Graph-MLP (no scan),55,0.0012615185679759,0.0029208059422671
1,2,Graph-MLP (no scan),56,0.0012543105640097,0.0030693123117089
1,2,Graph-MLP (no scan),57,0.0012920224175289,0.0033151309471577
1,2,Graph-MLP (no scan),58,0.0020159848972453,0.0026347800157964
1,2,Graph-MLP (no scan),59,0.0014579949725041,0.0025867135263979
1,2,Graph-MLP (no scan),60,0.0013518398399869,0.0028696306981146
1,2,Graph-MLP (no scan),61,0.0013139204103567,0.0029035089537501
1,2,Graph-MLP (no scan),62,0.0012577374303794,0.0027391684707254
1,2,Graph-MLP (no scan),63,0.0012360818100337,0.0027555883862078
1,2,Graph-MLP (no scan),64,0.0012123691360128,0.002802993170917
1,2,Graph-MLP (no scan),65,0.0011726573102878,0.0031635435298085
1,2,Graph-MLP (no scan),66,0.0011487796318892,0.0028559765778481
1,2,Graph-MLP (no scan),67,0.0011413515987468,0.0030742306262254
1,2,Graph-MLP (no scan),68,0.0011944473000661,0.0028718672692775
1,2,Graph-MLP (no scan),69,0.0011753430876853,0.0028462931513786
1,2,Graph-MLP (no scan),70,0.0011676405438397,0.0030789265874773
1,2,Graph-MLP (no scan),71,0.0012016578769797,0.0029528376180678
1,2,Graph-MLP (no scan),72,0.0012219698131219,0.0028738789260387
1,2,Graph-MLP (no scan),73,0.0012117573971171,0.0028939710464328
1,2,Graph-MLP (no scan),74,0.0011971591199086,0.0033723381347954
1,2,GCP-Mamba (additive prior),0,0.0028144586156459,0.0016996504273265
1,2,GCP-Mamba (additive prior),1,0.0026331580972865,0.0016491744900122
1,2,GCP-Mamba (additive prior),2,0.0025211970213854,0.0016126029659062
1,2,GCP-Mamba (additive prior),3,0.0024894839928795,0.0016076007159426
1,2,GCP-Mamba (additive prior),4,0.0024353799163836,0.0016972542507573
1,2,GCP-Mamba (additive prior),5,0.0023946264401024,0.0017412146553397
1,2,GCP-Mamba (additive prior),6,0.0023682183321173,0.0017588844057172
1,2,GCP-Mamba (additive prior),7,0.0023261018897123,0.0018039062852039
1,2,GCP-Mamba (additive prior),8,0.0023018911318934,0.0018787658773362
1,2,GCP-Mamba (additive prior),9,0.0022849948179192,0.0021447765175253
1,2,GCP-Mamba (additive prior),10,0.0022640374347405,0.0019786683842539
1,2,GCP-Mamba (additive prior),11,0.0021884334071174,0.0022243813145905
1,2,GCP-Mamba (additive prior),12,0.0021109597460515,0.0021081925369799
1,2,GCP-Mamba (additive prior),13,0.0021160263686265,0.002185822231695
1,2,GCP-Mamba (additive prior),14,0.0021049104853654,0.0021471932996064
1,2,GCP-Mamba (additive prior),15,0.0023058797941421,0.0022117039188742
1,2,GCP-Mamba (additive prior),16,0.0021485805349505,0.0022029390092939
1,2,GCP-Mamba (additive prior),17,0.0020234167982446,0.0023879511281847
1,2,GCP-Mamba (additive prior),18,0.0019638249498751,0.0022825652267783
1,2,GCP-Mamba (additive prior),19,0.0018891807598318,0.0023714245762676
1,2,GCP-Mamba (additive prior),20,0.0019180619097112,0.0022759698331356
1,2,GCP-Mamba (additive prior),21,0.0019033927237614,0.0022611175663769
1,2,GCP-Mamba (additive prior),22,0.0018097001821329,0.002672835253179
1,2,GCP-Mamba (additive prior),23,0.0018690180276399,0.0022775910329073
1,2,GCP-Mamba (additive prior),24,0.0017819452703512,0.0024984222836792
1,2,GCP-Mamba (additive prior),25,0.0017479747277347,0.002387219807133
1,2,GCP-Mamba (additive prior),26,0.0016481629716218,0.0023173086810857
1,2,GCP-Mamba (additive prior),27,0.0016910180262208,0.0023605818860232
1,2,GCP-Mamba (additive prior),28,0.0017183815496906,0.0026217531412839
1,2,GCP-Mamba (additive prior),29,0.001761615006388,0.0024182812776416
1,2,GCP-Mamba (additive prior),30,0.0017255567405642,0.0021201474592089
1,2,GCP-Mamba (additive prior),31,0.0017853699965348,0.0024205176159739
1,2,GCP-Mamba (additive prior),32,0.0016565494124602,0.0021151702385395
1,2,GCP-Mamba (additive prior),33,0.0018342391510183,0.0021293319296091
1,2,GCP-Mamba (additive prior),34,0.0016720464648813,0.0024347773287445
1,2,GCP-Mamba (additive prior),35,0.0016142984141892,0.0023259546142071
1,2,GCP-Mamba (additive prior),36,0.0015362376428168,0.0021647240500897
1,2,GCP-Mamba (additive prior),37,0.0015694220867547,0.0024436132516711
1,2,GCP-Mamba (additive prior),38,0.0015504135618634,0.002326400950551
1,2,GCP-Mamba (additive prior),39,0.0014906367835372,0.0021726908162236
2,1,GCP-Mamba,0,0.0032023960061156,0.0050842794589698
2,1,GCP-Mamba,1,0.0029932463829733,0.0049997479654848
2,1,GCP-Mamba,2,0.0028859126053268,0.004843717906624
2,1,GCP-Mamba,3,0.0028462052251473,0.0050087915733456
2,1,GCP-Mamba,4,0.0027393519613731,0.0047040497884154
2,1,GCP-Mamba,5,0.0025562511994871,0.004582982044667
2,1,GCP-Mamba,6,0.0024364906105232,0.0046624564565718
2,1,GCP-Mamba,7,0.0023239901299394,0.0046541630290448
2,1,GCP-Mamba,8,0.0022174240652766,0.0053269402123987
2,1,GCP-Mamba,9,0.0023241318232989,0.004440726712346
2,1,GCP-Mamba,10,0.0022040928534747,0.0048407334834337
2,1,GCP-Mamba,11,0.0020635070165337,0.0044988002628088
2,1,GCP-Mamba,12,0.0019588486061987,0.0048034721985459
2,1,GCP-Mamba,13,0.0020360506479728,0.0047825817018747
2,1,GCP-Mamba,14,0.0019732413117492,0.004830127581954
2,1,GCP-Mamba,15,0.0019502815926152,0.0046167471446096
2,1,GCP-Mamba,16,0.0018476625542632,0.0046874731779098
2,1,GCP-Mamba,17,0.0017624153377046,0.0045800576917827
2,1,GCP-Mamba,18,0.0017320305949056,0.004581815097481
2,1,GCP-Mamba,19,0.0017654011017649,0.0046584578230977
2,1,GCP-Mamba,20,0.0017296951599151,0.0046010175719857
2,1,GCP-Mamba,21,0.0017288653766267,0.0044942065142095
2,1,GCP-Mamba,22,0.0016413453142259,0.0046303109265863
2,1,GCP-Mamba,23,0.0016357131840882,0.0046406537294387
2,1,GCP-Mamba,24,0.0020417710983951,0.0061409096233546
2,1,GCP-Mamba,25,0.0023020598434394,0.0046711433678865
2,1,GCP-Mamba,26,0.0020984567994111,0.0046818340197205
2,1,GCP-Mamba,27,0.0019245304145495,0.0043197046034038
2,1,GCP-Mamba,28,0.0017375469701063,0.0042071314528584
2,1,GCP-Mamba,29,0.0016429372895643,0.0043715042993426
2,1,GCP-Mamba,30,0.0016022250659281,0.0042077293619513
2,1,GCP-Mamba,31,0.0015350345500389,0.0042711636051535
2,1,GCP-Mamba,32,0.0015031796052596,0.0043660979717969
2,1,GCP-Mamba,33,0.0016003613462403,0.0046404050663113
2,1,GCP-Mamba,34,0.0017143205903711,0.0042020068503916
2,1,GCP-Mamba,35,0.0015903527667518,0.0040908153168857
2,1,GCP-Mamba,36,0.0015057306552453,0.0042242472991347
2,1,GCP-Mamba,37,0.0014720286963768,0.0041273422539234
2,1,GCP-Mamba,38,0.001439433993785,0.0041649690829217
2,1,GCP-Mamba,39,0.0014702401495799,0.0040640467777848
2,1,GCP-Mamba,40,0.0014542564356083,0.0041737658903002
2,1,GCP-Mamba,41,0.0013589304436346,0.0039850464090704
2,1,GCP-Mamba,42,0.0013481253429764,0.0039696604944765
2,1,GCP-Mamba,43,0.0013099753828853,0.0041059306822717
2,1,GCP-Mamba,44,0.0013284988227307,0.0041074901819229
2,1,GCP-Mamba,45,0.0013246683269008,0.0042168777436017
2,1,GCP-Mamba,46,0.0014211273029372,0.0041082957759499
2,1,GCP-Mamba,47,0.0013802485180794,0.003970128018409
2,1,GCP-Mamba,48,0.0013033238946453,0.0041766162030398
2,1,GCP-Mamba,49,0.0015321600136997,0.0041417726315557
2,1,GCP-Mamba,50,0.0014329370573538,0.0041677425615489
2,1,GCP-Mamba,51,0.0015044247048149,0.0042075980454683
2,1,GCP-Mamba,52,0.0015202892831989,0.0042102155275642
2,1,GCP-Mamba,53,0.0013755003648655,0.0040840744040906
2,1,GCP-Mamba,54,0.001268470659852,0.0040120333433151
2,1,GCP-Mamba,55,0.0012106026368711,0.0039356723427772
2,1,GCP-Mamba,56,0.0012268786743222,0.0040212133899331
2,1,GCP-Mamba,57,0.001214657720051,0.0039524189196527
2,1,GCP-Mamba,58,0.0011952291058523,0.0040778103284537
2,1,GCP-Mamba,59,0.0012661406067669,0.0042167943902313
2,1,GCP-Mamba,60,0.0012546305384708,0.0039453040808439
2,1,GCP-Mamba,61,0.0012295123486169,0.0038286130875349
2,1,GCP-Mamba,62,0.0013689496604685,0.0040549612604081
2,1,GCP-Mamba,63,0.0013233533433953,0.0039481087587773
2,1,GCP-Mamba,64,0.0012261675747794,0.003842748934403
2,1,GCP-Mamba,65,0.0011806737358527,0.0039624124765396
2,1,GCP-Mamba,66,0.001161799094432,0.0040075811557471
2,1,GCP-Mamba,67,0.0011193572824968,0.0039854259230196
2,1,GCP-Mamba,68,0.0010523198259552,0.004070047289133
2,1,GCP-Mamba,69,0.0010451235232218,0.0040519828908145
2,1,GCP-Mamba,70,0.0010467972036906,0.0039821919053792
2,1,GCP-Mamba,71,0.0010780867728532,0.0039832927286624
2,1,GCP-Mamba,72,0.0010875559566046,0.003972019534558
2,1,GCP-Mamba,73,0.0010989935722758,0.0042119766585528
2,1,GCP-Mamba,74,0.0011673342250622,0.0040784887969493
2,1,GCP-Mamba,75,0.0010806881762344,0.0041459929198026
2,1,GCP-Mamba,76,0.001054630073779,0.0041837054304778
2,1,GCP-Mamba (perm. graph),0,0.0031597702931478,0.0051310705021023
2,1,GCP-Mamba (perm. graph),1,0.0030487230107885,0.0049530221149325
2,1,GCP-Mamba (perm. graph),2,0.002934014109774,0.0048701576888561
2,1,GCP-Mamba (perm. graph),3,0.0028919933762454,0.0046587991528213
2,1,GCP-Mamba (perm. graph),4,0.0028429643448656,0.0048153782263398
2,1,GCP-Mamba (perm. graph),5,0.002666818949548,0.004576701670885
2,1,GCP-Mamba (perm. graph),6,0.002483245564906,0.0046233674511313
2,1,GCP-Mamba (perm. graph),7,0.002363070934381,0.0046184272505342
2,1,GCP-Mamba (perm. graph),8,0.0022689976860105,0.0045690815895795
2,1,GCP-Mamba (perm. graph),9,0.002210087650422,0.0044996822252869
2,1,GCP-Mamba (perm. graph),10,0.002116580095926,0.0047121900133788
2,1,GCP-Mamba (perm. graph),11,0.0022124240908557,0.0046027302742004
2,1,GCP-Mamba (perm. graph),12,0.0022221196132122,0.0043566427193582
2,1,GCP-Mamba (perm. graph),13,0.002193215533441,0.004536161199212
2,1,GCP-Mamba (perm. graph),14,0.0020536998866407,0.00451824022457
2,1,GCP-Mamba (perm. graph),15,0.0020261233774677,0.0043319887481629
2,1,GCP-Mamba (perm. graph),16,0.0019421810334508,0.0045119491405785
2,1,GCP-Mamba (perm. graph),17,0.0018609480952455,0.004322747234255
2,1,GCP-Mamba (perm. graph),18,0.0018157044956594,0.0043903277255594
2,1,GCP-Mamba (perm. graph),19,0.0018365545137182,0.0043389475904405
2,1,GCP-Mamba (perm. graph),20,0.0017777693444501,0.0043427571654319
2,1,GCP-Mamba (perm. graph),21,0.0017444566788366,0.0042490297928452
2,1,GCP-Mamba (perm. graph),22,0.0016894768044124,0.0043899086304008
2,1,GCP-Mamba (perm. graph),23,0.0016629788547204,0.0045834891498088
2,1,GCP-Mamba (perm. graph),24,0.0018596968093464,0.0054109590128064
2,1,GCP-Mamba (perm. graph),25,0.0020697533786162,0.0041667893528938
2,1,GCP-Mamba (perm. graph),26,0.0018609139478678,0.0043679689988493
2,1,GCP-Mamba (perm. graph),27,0.0019053273211173,0.0042890035547316
2,1,GCP-Mamba (perm. graph),28,0.0017210426646127,0.0040936642326414
2,1,GCP-Mamba (perm. graph),29,0.0016778233032271,0.0042896447703242
2,1,GCP-Mamba (perm. graph),30,0.0016054435303977,0.0041061509400606
2,1,GCP-Mamba (perm. graph),31,0.0015671841960179,0.0041806953959167
2,1,GCP-Mamba (perm. graph),32,0.0015285215859817,0.0042736260220408
2,1,GCP-Mamba (perm. graph),33,0.0015132464208847,0.004251183476299
2,1,GCP-Mamba (perm. graph),34,0.0014896984697862,0.0041412506252527
2,1,GCP-Mamba (perm. graph),35,0.0014806057430348,0.0040916572324931
2,1,GCP-Mamba (perm. graph),36,0.0014870986409431,0.0041314396075904
2,1,GCP-Mamba (perm. graph),37,0.0015847283688109,0.0042089479975402
2,1,GCP-Mamba (perm. graph),38,0.0017015725062664,0.0041727875359356
2,1,GCP-Mamba (perm. graph),39,0.0015605039490058,0.0040781530551612
2,1,GCP-Mamba (perm. graph),40,0.0015130554227051,0.0041573108173906
2,1,GCP-Mamba (perm. graph),41,0.001465105309265,0.0039591845124959
2,1,GCP-Mamba (perm. graph),42,0.0013708105049491,0.0039605200290679
2,1,GCP-Mamba (perm. graph),43,0.0013203474763352,0.0039897169917821
2,1,GCP-Mamba (perm. graph),44,0.0013263146443252,0.0040004309266805
2,1,GCP-Mamba (perm. graph),45,0.0013065963180353,0.0041668554767966
2,1,GCP-Mamba (perm. graph),46,0.0013747484022885,0.0040034800767898
2,1,GCP-Mamba (perm. graph),47,0.00140245034248,0.0041245273314416
2,1,GCP-Mamba (perm. graph),48,0.0013827130034324,0.0040277047082781
2,1,GCP-Mamba (perm. graph),49,0.0013522148088773,0.0039920066483318
2,1,GCP-Mamba (perm. graph),50,0.0014346150711527,0.0043641990050673
2,1,GCP-Mamba (perm. graph),51,0.001596004792603,0.0041515743359923
2,1,GCP-Mamba (perm. graph),52,0.0016673670942633,0.0043671042658388
2,1,GCP-Mamba (perm. graph),53,0.0013891668511192,0.0040231617167592
2,1,GCP-Mamba (perm. graph),54,0.0012512069770047,0.0038943402469158
2,1,GCP-Mamba (perm. graph),55,0.0012056694714446,0.003831016132608
2,1,GCP-Mamba (perm. graph),56,0.0011907776209639,0.0038472572341561
2,1,GCP-Mamba (perm. graph),57,0.0011845389167483,0.00399597780779
2,1,GCP-Mamba (perm. graph),58,0.0012247280859247,0.0042937574908137
2,1,GCP-Mamba (perm. graph),59,0.0013336496571708,0.0040568117983639
2,1,GCP-Mamba (perm. graph),60,0.0013418844750271,0.003812643000856
2,1,GCP-Mamba (perm. graph),61,0.0012907764368536,0.0039047854952514
2,1,GCP-Mamba (perm. graph),62,0.0012734616887186,0.0038351195398718
2,1,GCP-Mamba (perm. graph),63,0.0012095923562326,0.003753540571779
2,1,GCP-Mamba (perm. graph),64,0.0011387984963509,0.0036772647872567
2,1,GCP-Mamba (perm. graph),65,0.0012154774999969,0.0039147203788161
2,1,GCP-Mamba (perm. graph),66,0.0012179526392363,0.0038517334032803
2,1,GCP-Mamba (perm. graph),67,0.0012721736963985,0.0038172451313585
2,1,GCP-Mamba (perm. graph),68,0.0011652716097971,0.0037960952613502
2,1,GCP-Mamba (perm. graph),69,0.0010976792671617,0.003807391738519
2,1,GCP-Mamba (perm. graph),70,0.0011124116253013,0.0037544427905231
2,1,GCP-Mamba (perm. graph),71,0.0011016091117434,0.0037825482431799
2,1,GCP-Mamba (perm. graph),72,0.0010595073087623,0.0037635439075529
2,1,GCP-Mamba (perm. graph),73,0.0010456198624589,0.0038751480169594
2,1,GCP-Mamba (perm. graph),74,0.0010317209911224,0.003744508838281
2,1,GCP-Mamba (perm. graph),75,0.0010049536810826,0.003710642689839
2,1,GCP-Mamba (perm. graph),76,0.0009844247787762,0.0037854518741369
2,1,GCP-Mamba (perm. graph),77,0.0009740531865822,0.0037119844928383
2,1,GCP-Mamba (perm. graph),78,0.0011570704849637,0.0038366911467164
2,1,GCP-Mamba (perm. graph),79,0.0011915900922889,0.0038192172069102
2,1,Mamba (no graph),0,0.0031356680459885,0.0051582804881036
2,1,Mamba (no graph),1,0.0029939124075923,0.0049815829843282
2,1,Mamba (no graph),2,0.0028592857478601,0.0049947584047913
2,1,Mamba (no graph),3,0.0027578898936697,0.0048630340024828
2,1,Mamba (no graph),4,0.0027183284597779,0.0050933402962982
2,1,Mamba (no graph),5,0.0026894518067028,0.0052721863612532
2,1,Mamba (no graph),6,0.0025108967850775,0.0050650704652071
2,1,Mamba (no graph),7,0.0023863381947384,0.004807605408132
2,1,Mamba (no graph),8,0.0022887696424941,0.0048539754934608
2,1,Mamba (no graph),9,0.0022224744768451,0.0049449768848717
2,1,Mamba (no graph),10,0.0021324499280748,0.0058750673197209
2,1,Mamba (no graph),11,0.0022040101374573,0.0046947109512984
2,1,Mamba (no graph),12,0.0019965664141898,0.0048541431315243
2,1,Mamba (no graph),13,0.0019388824882213,0.004894645884633
2,1,Mamba (no graph),14,0.0019275186492947,0.0045848684385418
2,1,Mamba (no graph),15,0.0019132688016758,0.0048122843727469
2,1,Mamba (no graph),16,0.0018492968277268,0.0048662568442523
2,1,Mamba (no graph),17,0.0018752390684613,0.0046573318541049
2,1,Mamba (no graph),18,0.0018638256173446,0.004811049439013
2,1,Mamba (no graph),19,0.0016957888004483,0.004604232031852
2,1,Mamba (no graph),20,0.0016650400265193,0.0047043268568813
2,1,Mamba (no graph),21,0.001613182387576,0.0047280159778892
2,1,Mamba (no graph),22,0.001603567943466,0.0046141142956912
2,1,Mamba (no graph),23,0.0015753710260547,0.0046821869909763
2,1,Mamba (no graph),24,0.0015524364166169,0.0046385736204683
2,1,Mamba (no graph),25,0.0015465405559428,0.0046211150474846
2,1,Mamba (no graph),26,0.0015076542835977,0.0047439122572541
2,1,Mamba (no graph),27,0.0015677200687258,0.0048725362867116
2,1,Mamba (no graph),28,0.001536033695845,0.0046934988349676
2,1,Mamba (no graph),29,0.001490727883576,0.0047980290837585
2,1,Mamba (no graph),30,0.0016216758899089,0.0046624140813946
2,1,Mamba (no graph),31,0.0016192750856213,0.0052207913249731
2,1,Mamba (no graph),32,0.0017519588247209,0.0046669212169945
2,1,Mamba (no graph),33,0.0015419473831387,0.0045030363835394
2,1,Mamba (no graph),34,0.0014099046703521,0.0043398602865636
2,1,Mamba (no graph),35,0.0013868893989154,0.0043683280237019
2,1,Mamba (no graph),36,0.0012975424132812,0.0044189905747771
2,1,Mamba (no graph),37,0.0012799203312091,0.0044971932657063
2,1,Mamba (no graph),38,0.0012833400915892,0.0044683897867798
2,1,Mamba (no graph),39,0.0012609085106632,0.0045146010816097
2,1,Mamba (no graph),40,0.0012747983392931,0.0045771487057209
2,1,Mamba (no graph),41,0.0015358762474723,0.0046530035324394
2,1,Mamba (no graph),42,0.001403589985876,0.0043297745287418
2,1,Mamba (no graph),43,0.00132334776216,0.0040063648484647
2,1,Mamba (no graph),44,0.001215744661854,0.0041990983299911
2,1,Mamba (no graph),45,0.0011881893850769,0.0042366753332316
2,1,Mamba (no graph),46,0.0011358243017959,0.0041635148227214
2,1,Mamba (no graph),47,0.0011202556532539,0.0042807282879948
2,1,Mamba (no graph),48,0.0010955355568996,0.0043083364143967
2,1,Mamba (no graph),49,0.0011520559293144,0.004189271479845
2,1,Mamba (no graph),50,0.0011047598807033,0.0043727587908506
2,1,Mamba (no graph),51,0.0011187422925961,0.0043450184166431
2,1,Mamba (no graph),52,0.0011562528205941,0.0043015438131988
2,1,Mamba (no graph),53,0.0011720074794637,0.004279863089323
2,1,Mamba (no graph),54,0.0011028852799518,0.0042485040612518
2,1,Mamba (no graph),55,0.0010749667873706,0.0041945958510041
2,1,Mamba (no graph),56,0.001031333577263,0.004126476123929
2,1,Mamba (no graph),57,0.0010355773650732,0.0045111100189387
2,1,Mamba (no graph),58,0.0010305512018113,0.0041526658460497
2,1,Graph-MLP (no scan),0,0.0032600653089797,0.0051769921556115
2,1,Graph-MLP (no scan),1,0.0029851330072357,0.0049225441180169
2,1,Graph-MLP (no scan),2,0.0028382925929756,0.0047766845673322
2,1,Graph-MLP (no scan),3,0.0027136337321935,0.0047561065293848
2,1,Graph-MLP (no scan),4,0.0025527826845377,0.0046189785934984
2,1,Graph-MLP (no scan),5,0.0024612681611889,0.0046886312775313
2,1,Graph-MLP (no scan),6,0.0023669562111575,0.0046876547858119
2,1,Graph-MLP (no scan),7,0.0022230417929964,0.005002892576158
2,1,Graph-MLP (no scan),8,0.0021946822132298,0.0047396095469594
2,1,Graph-MLP (no scan),9,0.0020451898445381,0.0051767798140645
2,1,Graph-MLP (no scan),10,0.0020055614910993,0.0047059655189514
2,1,Graph-MLP (no scan),11,0.0019811094041726,0.0053327367641031
2,1,Graph-MLP (no scan),12,0.0020149285677257,0.0048189298249781
2,1,Graph-MLP (no scan),13,0.0019288395846383,0.0047455322928726
2,1,Graph-MLP (no scan),14,0.001885239876599,0.0045910570770502
2,1,Graph-MLP (no scan),15,0.0017955506282436,0.0049963751807808
2,1,Graph-MLP (no scan),16,0.0018914698006705,0.0047628059983253
2,1,Graph-MLP (no scan),17,0.0018169799343877,0.0049180733039975
2,1,Graph-MLP (no scan),18,0.0018077885108939,0.0047956383787095
2,1,Graph-MLP (no scan),19,0.0017840342190813,0.004696019925177
2,1,Graph-MLP (no scan),20,0.0018110085503204,0.0046287206932902
2,1,Graph-MLP (no scan),21,0.0017619157547513,0.0046925148926675
2,1,Graph-MLP (no scan),22,0.0016726849587272,0.0045265001244843
2,1,Graph-MLP (no scan),23,0.0016204799574015,0.0049445023760199
2,1,Graph-MLP (no scan),24,0.0016614070334706,0.0048939706757664
2,1,Graph-MLP (no scan),25,0.0023064613660542,0.0057883067056536
2,1,Graph-MLP (no scan),26,0.0023223943003326,0.0049679060466587
2,1,Graph-MLP (no scan),27,0.0021730342514732,0.0046476004645228
2,1,Graph-MLP (no scan),28,0.0019254285897456,0.0045725828967988
2,1,Graph-MLP (no scan),29,0.0017218214791375,0.0046090055257081
2,1,Graph-MLP (no scan),30,0.0015981232147771,0.0044988365843892
2,1,Graph-MLP (no scan),31,0.0015863844104741,0.0046740449033677
2,1,Graph-MLP (no scan),32,0.0015298257374184,0.0045013302005827
2,1,Graph-MLP (no scan),33,0.0015076586395408,0.004574317485094
2,1,Graph-MLP (no scan),34,0.0014848438620888,0.0045536425895988
2,1,Graph-MLP (no scan),35,0.0015042862660593,0.0046244249679148
2,1,Graph-MLP (no scan),36,0.001438861243802,0.0046386648900806
2,1,Graph-MLP (no scan),37,0.0014105143265048,0.0046116271987557
2,1,Graph-MLP (no scan),38,0.0014376075018746,0.0045406077988445
2,1,Graph-MLP (no scan),39,0.0014764345225898,0.0045417067594826
2,1,Graph-MLP (no scan),40,0.0014311019138587,0.0044949823059141
2,1,Graph-MLP (no scan),41,0.0014136698659804,0.0044797193259
2,1,Graph-MLP (no scan),42,0.0013636021938496,0.0045153386890888
2,1,Graph-MLP (no scan),43,0.0013604466954125,0.0045216944999992
2,1,Graph-MLP (no scan),44,0.0014272400549874,0.0044062794186174
2,1,Graph-MLP (no scan),45,0.0014353042410639,0.00447180820629
2,1,Graph-MLP (no scan),46,0.0013507248786874,0.0044308034703135
2,1,Graph-MLP (no scan),47,0.0013114754604711,0.004459049552679
2,1,Graph-MLP (no scan),48,0.0013227822131765,0.004427473526448
2,1,Graph-MLP (no scan),49,0.0013472618687589,0.0048307441174983
2,1,Graph-MLP (no scan),50,0.0013792986308204,0.00439910357818
2,1,Graph-MLP (no scan),51,0.0012955902204614,0.0043884380720555
2,1,Graph-MLP (no scan),52,0.0012394693217796,0.0045663625933229
2,1,Graph-MLP (no scan),53,0.0013395266342747,0.0043961964547634
2,1,Graph-MLP (no scan),54,0.00130753759747,0.0050028376281261
2,1,Graph-MLP (no scan),55,0.0016519218212556,0.0045856996439397
2,1,Graph-MLP (no scan),56,0.0015585845740002,0.0044886958785355
2,1,Graph-MLP (no scan),57,0.0013318775722542,0.0043873209506273
2,1,Graph-MLP (no scan),58,0.0012590986996446,0.0044543053954839
2,1,Graph-MLP (no scan),59,0.0012395452735644,0.00429293140769
2,1,Graph-MLP (no scan),60,0.0012066275234796,0.0042800433002412
2,1,Graph-MLP (no scan),61,0.0011849135919239,0.0043235691264271
2,1,Graph-MLP (no scan),62,0.0011907734811011,0.0042682043276727
2,1,Graph-MLP (no scan),63,0.0012206879759327,0.0044491593725979
2,1,Graph-MLP (no scan),64,0.0011927093481376,0.0043255342170596
2,1,Graph-MLP (no scan),65,0.0013197702305431,0.0043096235021948
2,1,Graph-MLP (no scan),66,0.001288555969531,0.0043183607049286
2,1,Graph-MLP (no scan),67,0.0013049121915945,0.0041752415709197
2,1,Graph-MLP (no scan),68,0.0012176122002156,0.0042266137897968
2,1,Graph-MLP (no scan),69,0.0011676375280141,0.0043272762559354
2,1,Graph-MLP (no scan),70,0.0011411994032347,0.00414235657081
2,1,Graph-MLP (no scan),71,0.0011207078706654,0.004162108991295
2,1,Graph-MLP (no scan),72,0.0010909139339497,0.0043053166009485
2,1,Graph-MLP (no scan),73,0.0011352667151179,0.0042181368917226
2,1,Graph-MLP (no scan),74,0.0011266947970156,0.004365605302155
2,1,Graph-MLP (no scan),75,0.0012626539607592,0.0043928711675107
2,1,Graph-MLP (no scan),76,0.0011400713253659,0.0041174693033099
2,1,Graph-MLP (no scan),77,0.0010822272278274,0.0041732834652066
2,1,Graph-MLP (no scan),78,0.0010763000782324,0.0041131698526442
2,1,Graph-MLP (no scan),79,0.0011077550999491,0.0041948137804865
2,1,Graph-MLP (no scan),80,0.0011036309594516,0.0042434390634298
2,1,Graph-MLP (no scan),81,0.0012251765478951,0.0043585835956037
2,1,Graph-MLP (no scan),82,0.0011904185332974,0.0041582682169973
2,1,Graph-MLP (no scan),83,0.001164006543339,0.0043984311632812
2,1,Graph-MLP (no scan),84,0.00110718957651,0.0041841976344585
2,1,Graph-MLP (no scan),85,0.0011019887710023,0.0040813712403178
2,1,Graph-MLP (no scan),86,0.00101730664991,0.0042983717285096
2,1,Graph-MLP (no scan),87,0.0010194591746544,0.0041738520376384
2,1,Graph-MLP (no scan),88,0.0010122568179055,0.0042398637160658
2,1,Graph-MLP (no scan),89,0.0009886142152877,0.0041318940930068
2,1,Graph-MLP (no scan),90,0.0010021427669729,0.0042608510702848
2,1,Graph-MLP (no scan),91,0.0010581419308227,0.0041635800153017
2,1,Graph-MLP (no scan),92,0.0010117754422248,0.0042066723108291
2,1,Graph-MLP (no scan),93,0.0009746929825779,0.0042647826485335
2,1,Graph-MLP (no scan),94,0.0009720831897558,0.0042315968312323
2,1,Graph-MLP (no scan),95,0.0009579201117526,0.0042807604186236
2,1,Graph-MLP (no scan),96,0.0009479650150542,0.0041060093790292
2,1,Graph-MLP (no scan),97,0.0009694619727381,0.0043240813538432
2,1,Graph-MLP (no scan),98,0.0010872117784745,0.0043410500511527
2,1,Graph-MLP (no scan),99,0.0010781411597465,0.0042177084833383
2,1,GCP-Mamba (additive prior),0,0.002372947080972,0.002146024024114
2,1,GCP-Mamba (additive prior),1,0.0021878363809166,0.0020351002458482
2,1,GCP-Mamba (additive prior),2,0.0021317324101951,0.0020289486274123
2,1,GCP-Mamba (additive prior),3,0.0021036842221514,0.0020491711329668
2,1,GCP-Mamba (additive prior),4,0.0020675793559819,0.00215266039595
2,1,GCP-Mamba (additive prior),5,0.0020451325933254,0.0021695883478969
2,1,GCP-Mamba (additive prior),6,0.0020138759495985,0.0023715696297585
2,1,GCP-Mamba (additive prior),7,0.0020261743372279,0.0024237094912678
2,1,GCP-Mamba (additive prior),8,0.0020118926604874,0.0026439798530191
2,1,GCP-Mamba (additive prior),9,0.0019991512229438,0.0024890464264899
2,1,GCP-Mamba (additive prior),10,0.0019117084117405,0.0026781929191201
2,1,GCP-Mamba (additive prior),11,0.0018643050164774,0.0026318395975977
2,1,GCP-Mamba (additive prior),12,0.0018259745891869,0.0027244037482887
2,1,GCP-Mamba (additive prior),13,0.001807485143453,0.0028237076476216
2,1,GCP-Mamba (additive prior),14,0.0018002607770893,0.0027314701583236
2,1,GCP-Mamba (additive prior),15,0.0017801789665701,0.0026214830577373
2,1,GCP-Mamba (additive prior),16,0.0017923708124046,0.0029926658608019
2,1,GCP-Mamba (additive prior),17,0.0017473113743199,0.0029743209015578
2,1,GCP-Mamba (additive prior),18,0.0018041402862822,0.002917670411989
2,1,GCP-Mamba (additive prior),19,0.0017626829966299,0.0028365883044898
2,1,GCP-Mamba (additive prior),20,0.0017052039725156,0.003118137596175
2,1,GCP-Mamba (additive prior),21,0.0016872239459922,0.0028004406485706
2,1,GCP-Mamba (additive prior),22,0.0016679163827902,0.0029156245291233
2,1,GCP-Mamba (additive prior),23,0.0016527255827882,0.003216310404241
2,1,GCP-Mamba (additive prior),24,0.0016805258430473,0.0030669779516756
2,1,GCP-Mamba (additive prior),25,0.0016532797925844,0.0029952037148177
2,1,GCP-Mamba (additive prior),26,0.0016430824490016,0.0032057978678494
2,1,GCP-Mamba (additive prior),27,0.0016235614734829,0.0030982352327555
2,1,GCP-Mamba (additive prior),28,0.0016006526188412,0.0030583618208765
2,1,GCP-Mamba (additive prior),29,0.0015881729024134,0.0033845726866275
2,1,GCP-Mamba (additive prior),30,0.0015904400899684,0.0030451498460024
2,1,GCP-Mamba (additive prior),31,0.0016064232294012,0.003118728287518
2,1,GCP-Mamba (additive prior),32,0.001554773999847,0.0034400622826069
2,1,GCP-Mamba (additive prior),33,0.0016011974167936,0.0031907595694065
2,1,GCP-Mamba (additive prior),34,0.0017130380511458,0.0029740221798419
2,1,GCP-Mamba (additive prior),35,0.0017536284038529,0.0031558664049953
2,1,GCP-Mamba (additive prior),36,0.0016379107875253,0.0032048732973635
2,1,GCP-Mamba (additive prior),37,0.0015637541370694,0.0033720342908054
2,1,GCP-Mamba (additive prior),38,0.0015192611122892,0.0032541889231652
2,1,GCP-Mamba (additive prior),39,0.0015390607488187,0.0029767896048724
2,2,GCP-Mamba,0,0.0030588814955231,0.0049345158040523
2,2,GCP-Mamba,1,0.0029532375356865,0.0051105925813317
2,2,GCP-Mamba,2,0.0028758048734848,0.0047769220545887
2,2,GCP-Mamba,3,0.0027269765101507,0.0047970893792808
2,2,GCP-Mamba,4,0.002590921819679,0.0045736245810985
2,2,GCP-Mamba,5,0.0024522615750755,0.0045347288250923
2,2,GCP-Mamba,6,0.002339242116662,0.0043815691024065
2,2,GCP-Mamba,7,0.0024223121950108,0.0045197820290923
2,2,GCP-Mamba,8,0.0022570051306443,0.004461835604161
2,2,GCP-Mamba,9,0.0021754626080849,0.004588795825839
2,2,GCP-Mamba,10,0.0020977081040007,0.0042882622219622
2,2,GCP-Mamba,11,0.0019725992732929,0.0044500948861241
2,2,GCP-Mamba,12,0.0019260114335233,0.0043870657682418
2,2,GCP-Mamba,13,0.0018941344619601,0.0043294322676956
2,2,GCP-Mamba,14,0.0018917738691159,0.0044881328940391
2,2,GCP-Mamba,15,0.0022237871508884,0.0045597925782203
2,2,GCP-Mamba,16,0.0020050555840302,0.0042879842221736
2,2,GCP-Mamba,17,0.0018114019143428,0.0045061092823743
2,2,GCP-Mamba,18,0.0018417162505789,0.0044602029956877
2,2,GCP-Mamba,19,0.0017672675844322,0.0043852757662534
2,2,GCP-Mamba,20,0.0017108808124183,0.0042692529968917
2,2,GCP-Mamba,21,0.0017327099113906,0.0041686217300593
2,2,GCP-Mamba,22,0.0016718037341044,0.0039856801740825
2,2,GCP-Mamba,23,0.0016157934911173,0.0041612740606069
2,2,GCP-Mamba,24,0.0015672605929447,0.004119751509279
2,2,GCP-Mamba,25,0.0015801660119381,0.0042742849327623
2,2,GCP-Mamba,26,0.0016311657976814,0.0040112668648362
2,2,GCP-Mamba,27,0.0015811463851454,0.0039498638361692
2,2,GCP-Mamba,28,0.0015885534959262,0.0043264017440378
2,2,GCP-Mamba,29,0.0015555263912345,0.003984005190432
2,2,GCP-Mamba,30,0.0014268085310275,0.004048028960824
2,2,GCP-Mamba,31,0.0014134080981728,0.003973826766014
2,2,GCP-Mamba,32,0.0013755628296422,0.0039430237375199
2,2,GCP-Mamba,33,0.0013988476427499,0.0039382684044539
2,2,GCP-Mamba,34,0.0013867290016337,0.0042281467467546
2,2,GCP-Mamba,35,0.0016576924190434,0.0040928553789854
2,2,GCP-Mamba,36,0.0016443617315292,0.0039331885054707
2,2,GCP-Mamba,37,0.0014050378289958,0.0038762097246944
2,2,GCP-Mamba,38,0.0013059522012724,0.0038731307722628
2,2,GCP-Mamba,39,0.0013054061652556,0.0038922475650906
2,2,GCP-Mamba,40,0.0013287466332624,0.0039025002624839
2,2,GCP-Mamba,41,0.0012921443989621,0.0037005813792347
2,2,GCP-Mamba,42,0.0012581699532825,0.0038511268794536
2,2,GCP-Mamba,43,0.0013100081651049,0.0044001005589962
2,2,GCP-Mamba,44,0.0013527875940362,0.0039536212570965
2,2,GCP-Mamba,45,0.0013439143428297,0.0039393259212374
2,2,GCP-Mamba,46,0.0012514201929229,0.0040709846653044
2,2,GCP-Mamba,47,0.0014106472748961,0.0040658814832568
2,2,GCP-Mamba,48,0.0014693351879568,0.0040675746276974
2,2,GCP-Mamba,49,0.0013820593226064,0.0038099396042525
2,2,GCP-Mamba,50,0.0012433126128258,0.0038439868949353
2,2,GCP-Mamba,51,0.001165995524238,0.003831198439002
2,2,GCP-Mamba,52,0.0011138240555502,0.0036661706399172
2,2,GCP-Mamba,53,0.0010978808256348,0.0037645571865141
2,2,GCP-Mamba,54,0.0010794803953273,0.0036879340186715
2,2,GCP-Mamba,55,0.0010841828427552,0.0038919458165764
2,2,GCP-Mamba,56,0.0010870668598243,0.0037981681525707
2,2,GCP-Mamba,57,0.0010593133666988,0.0037460450548678
2,2,GCP-Mamba,58,0.001174144949362,0.0042245280928909
2,2,GCP-Mamba,59,0.0011696298790948,0.0038134523201733
2,2,GCP-Mamba,60,0.0011067903272325,0.0038748916704207
2,2,GCP-Mamba,61,0.0010689753040724,0.003713704412803
2,2,GCP-Mamba,62,0.0010728878128215,0.0038279604632407
2,2,GCP-Mamba,63,0.0011555965346612,0.0040120617486536
2,2,GCP-Mamba,64,0.0012949624788954,0.0038466115947812
2,2,GCP-Mamba,65,0.0013218382247824,0.0039395284838974
2,2,GCP-Mamba,66,0.0012707660450405,0.0036470424383878
2,2,GCP-Mamba,67,0.0010987896959652,0.0037395996041595
2,2,GCP-Mamba,68,0.001052485603886,0.0037538961041718
2,2,GCP-Mamba,69,0.0010205557839542,0.0037678000517189
2,2,GCP-Mamba,70,0.0009727641812813,0.0037423681933432
2,2,GCP-Mamba,71,0.0009478733183065,0.0037451861426234
2,2,GCP-Mamba,72,0.0009537547016047,0.0037406384944915
2,2,GCP-Mamba,73,0.0009610674751456,0.0038380222395062
2,2,GCP-Mamba,74,0.000962826507099,0.003790344344452
2,2,GCP-Mamba,75,0.0009430492993631,0.003787669353187
2,2,GCP-Mamba,76,0.0010083526667716,0.003819434903562
2,2,GCP-Mamba,77,0.0010374678322281,0.0037568698171526
2,2,GCP-Mamba,78,0.0009357359632179,0.0038190153427422
2,2,GCP-Mamba,79,0.0009732322692837,0.0040041762404143
2,2,GCP-Mamba,80,0.0009920614069702,0.003749317722395
2,2,GCP-Mamba,81,0.000929694706507,0.0036431364715099
2,2,GCP-Mamba,82,0.0009145938122155,0.0037145954556763
2,2,GCP-Mamba,83,0.0009580091640299,0.0038590168114751
2,2,GCP-Mamba,84,0.0009172932862927,0.0040171220898628
2,2,GCP-Mamba,85,0.0009157677631651,0.0037102606147527
2,2,GCP-Mamba,86,0.0008808676791611,0.0038052692543715
2,2,GCP-Mamba,87,0.0009713001547568,0.0039023424033075
2,2,GCP-Mamba,88,0.0010270685895108,0.0037037027068436
2,2,GCP-Mamba,89,0.000976400802468,0.0036037219688296
2,2,GCP-Mamba,90,0.0009062700576597,0.0036548802163451
2,2,GCP-Mamba,91,0.0008611273453503,0.0036412014160305
2,2,GCP-Mamba,92,0.0008281561918305,0.0036343126557767
2,2,GCP-Mamba,93,0.0007992765485985,0.0036338085774332
2,2,GCP-Mamba,94,0.0007811671427765,0.0037277154624462
2,2,GCP-Mamba,95,0.0007888019443389,0.0036372663453221
2,2,GCP-Mamba,96,0.0007897725026458,0.0036718384362757
2,2,GCP-Mamba,97,0.0007948064146456,0.0035728232469409
2,2,GCP-Mamba,98,0.0008130140079975,0.0037267105653882
2,2,GCP-Mamba,99,0.0008321387233487,0.003591078100726
2,2,GCP-Mamba (perm. graph),0,0.0030529302688945,0.0049355537630617
2,2,GCP-Mamba (perm. graph),1,0.0029327207238232,0.0050707091577351
2,2,GCP-Mamba (perm. graph),2,0.0028537607160497,0.0047860466875135
2,2,GCP-Mamba (perm. graph),3,0.0027309855305516,0.0047911549918353
2,2,GCP-Mamba (perm. graph),4,0.0026411864899849,0.004595560953021
2,2,GCP-Mamba (perm. graph),5,0.0024893541507114,0.004626106005162
2,2,GCP-Mamba (perm. graph),6,0.0023575730122652,0.0043896413408219
2,2,GCP-Mamba (perm. graph),7,0.0022043971798764,0.0043767085298895
2,2,GCP-Mamba (perm. graph),8,0.0021534031592041,0.0045964960008859
2,2,GCP-Mamba (perm. graph),9,0.0022186269253331,0.0047657121904194
2,2,GCP-Mamba (perm. graph),10,0.0021262986119836,0.0043730805628001
2,2,GCP-Mamba (perm. graph),11,0.0020092604765601,0.0044103385880589
2,2,GCP-Mamba (perm. graph),12,0.002032888249206,0.0043829903006553
2,2,GCP-Mamba (perm. graph),13,0.0019767757935663,0.0045524355955421
2,2,GCP-Mamba (perm. graph),14,0.0018896166412762,0.0044495374895632
2,2,GCP-Mamba (perm. graph),15,0.001925016443493,0.0044543691910803
2,2,GCP-Mamba (perm. graph),16,0.0018960520857107,0.0043245856650173
2,2,GCP-Mamba (perm. graph),17,0.0018378958992137,0.0047221514396369
2,2,GCP-Mamba (perm. graph),18,0.0019540510679722,0.0044626393355429
2,2,GCP-Mamba (perm. graph),19,0.001816272523703,0.0042364010587334
2,2,GCP-Mamba (perm. graph),20,0.001763385144337,0.0041254353709518
2,2,GCP-Mamba (perm. graph),21,0.0016723451340276,0.0041794525459408
2,2,GCP-Mamba (perm. graph),22,0.0016405013609315,0.0039687561802566
2,2,GCP-Mamba (perm. graph),23,0.0015868114109867,0.004192573018372
2,2,GCP-Mamba (perm. graph),24,0.0015857557388417,0.0042888852767646
2,2,GCP-Mamba (perm. graph),25,0.0016029187224356,0.004361848346889
2,2,GCP-Mamba (perm. graph),26,0.0015679215082711,0.0040711062029004
2,2,GCP-Mamba (perm. graph),27,0.0015559183105343,0.0039825816638767
2,2,GCP-Mamba (perm. graph),28,0.0017826295744212,0.0043246070854365
2,2,GCP-Mamba (perm. graph),29,0.0016888391156178,0.0040661809034645
2,2,GCP-Mamba (perm. graph),30,0.0016255805339235,0.0044323941692709
2,2,GCP-Mamba (perm. graph),31,0.0015690636736501,0.004124972037971
2,2,GCP-Mamba (perm. graph),32,0.0014382833807575,0.0040544299408793
2,2,GCP-Mamba (perm. graph),33,0.0014780722156488,0.003975941799581
2,2,GCP-Mamba (perm. graph),34,0.0013895741204912,0.0040081148035824
2,2,GCP-Mamba (perm. graph),35,0.0014322049967716,0.0040952344425022
2,2,GCP-Mamba (perm. graph),36,0.0014214276398109,0.0039409003220498
2,2,GCP-Mamba (perm. graph),37,0.0013554424236749,0.0040221326053142
2,2,GCP-Mamba (perm. graph),38,0.0012787278480291,0.0039119562134146
2,2,GCP-Mamba (perm. graph),39,0.001282265445003,0.0039141387678682
2,2,GCP-Mamba (perm. graph),40,0.0013289908449694,0.0039071245118975
2,2,GCP-Mamba (perm. graph),41,0.0013570223697092,0.00416249781847
2,2,GCP-Mamba (perm. graph),42,0.0014260376446793,0.0039001151453703
2,2,GCP-Mamba (perm. graph),43,0.0014326540475188,0.004084029700607
2,2,GCP-Mamba (perm. graph),44,0.0012584543592638,0.0038400294724851
2,2,GCP-Mamba (perm. graph),45,0.0012204835380648,0.0039297230541706
2,2,GCP-Mamba (perm. graph),46,0.0011992711547038,0.003802768420428
2,2,GCP-Mamba (perm. graph),47,0.0012222059576088,0.0039311544969677
2,2,GCP-Mamba (perm. graph),48,0.001190440340651,0.0039599211886525
2,2,GCP-Mamba (perm. graph),49,0.0011351732440835,0.0037696806248277
2,2,GCP-Mamba (perm. graph),50,0.0011294158418468,0.0039348937571048
2,2,GCP-Mamba (perm. graph),51,0.0010996676584464,0.0039281160570681
2,2,GCP-Mamba (perm. graph),52,0.001095105692905,0.0038235501851886
2,2,GCP-Mamba (perm. graph),53,0.001116881209841,0.003921665251255
2,2,GCP-Mamba (perm. graph),54,0.0011048041151756,0.003758261213079
2,2,GCP-Mamba (perm. graph),55,0.0010481801130239,0.0039058940019458
2,2,GCP-Mamba (perm. graph),56,0.0010791949152263,0.0038226142060011
2,2,GCP-Mamba (perm. graph),57,0.0011568656090727,0.004037591163069
2,2,GCP-Mamba (perm. graph),58,0.0013445034056144,0.0042871795594692
2,2,GCP-Mamba (perm. graph),59,0.001222365901792,0.0038965090643614
2,2,GCP-Mamba (perm. graph),60,0.0011154226933626,0.0037702561821788
2,2,GCP-Mamba (perm. graph),61,0.0010601303807339,0.003764001885429
2,2,GCP-Mamba (perm. graph),62,0.0010278939626266,0.0038633551448583
2,2,GCP-Mamba (perm. graph),63,0.0010344672649964,0.0040014809928834
2,2,GCP-Mamba (perm. graph),64,0.0010182251651242,0.0037938151508569
2,2,GCP-Mamba (perm. graph),65,0.0010661540105737,0.0038145303260535
2,2,GCP-Mamba (perm. graph),66,0.0010482220443153,0.0039554387331008
2,2,GCP-Mamba (perm. graph),67,0.0009791951135752,0.0038812679704278
2,2,GCP-Mamba (perm. graph),68,0.0009492893063416,0.0038466756232082
2,2,GCP-Mamba (perm. graph),69,0.0009325814053161,0.0037727681919932
2,2,Mamba (no graph),0,0.0030905346322483,0.0051379199139773
2,2,Mamba (no graph),1,0.003074364398318,0.0050123324617743
2,2,Mamba (no graph),2,0.0028749289185398,0.0048957266844809
2,2,Mamba (no graph),3,0.002781186401911,0.0047725192271173
2,2,Mamba (no graph),4,0.0026648978036057,0.0046391105279326
2,2,Mamba (no graph),5,0.0025319362523221,0.0049568535760045
2,2,Mamba (no graph),6,0.0026039616657059,0.0049191517755389
2,2,Mamba (no graph),7,0.0024388552050394,0.0048306938260793
2,2,Mamba (no graph),8,0.0023525556308224,0.0045053446665406
2,2,Mamba (no graph),9,0.0021874348452086,0.0046543437056243
2,2,Mamba (no graph),10,0.0023145206781814,0.0045100497081875
2,2,Mamba (no graph),11,0.0022191985915649,0.0045999255962669
2,2,Mamba (no graph),12,0.0020422003945509,0.0045235930010676
2,2,Mamba (no graph),13,0.0019488327436336,0.0045691430568695
2,2,Mamba (no graph),14,0.0018918648757469,0.0044898563064634
2,2,Mamba (no graph),15,0.0019861545209377,0.0046882014721632
2,2,Mamba (no graph),16,0.0018896918815875,0.0044564083218574
2,2,Mamba (no graph),17,0.0018799662256693,0.0045391656458377
2,2,Mamba (no graph),18,0.0018011474338688,0.0043411240912973
2,2,Mamba (no graph),19,0.0017220064253955,0.0044066649861633
2,2,Mamba (no graph),20,0.0017237597398071,0.0045021511614322
2,2,Mamba (no graph),21,0.0017128240948596,0.0045989314094185
2,2,Mamba (no graph),22,0.0016840777373303,0.004246424883604
2,2,Mamba (no graph),23,0.0017935633357855,0.0045867250300943
2,2,Mamba (no graph),24,0.0019562125646529,0.0045204423367977
2,2,Mamba (no graph),25,0.0017627849823145,0.0042721391655504
2,2,Mamba (no graph),26,0.0017083994809725,0.0044071446172893
2,2,Mamba (no graph),27,0.0015895019252717,0.004138920456171
2,2,Mamba (no graph),28,0.0015150273701162,0.0041208872571587
2,2,Mamba (no graph),29,0.0014856385934776,0.0042517213150858
2,2,Mamba (no graph),30,0.0014664128007327,0.0042461948469281
2,2,Mamba (no graph),31,0.0014412827545227,0.0041280700825154
2,2,Mamba (no graph),32,0.0016229657951253,0.0040897303260862
2,2,Mamba (no graph),33,0.0015997822319405,0.0042702425271272
2,2,Mamba (no graph),34,0.0016837025407983,0.0041237352415919
2,2,Mamba (no graph),35,0.0015239130375612,0.0042218430899083
2,2,Mamba (no graph),36,0.0014450876201375,0.0038005346432328
2,2,Mamba (no graph),37,0.0013833196595873,0.0040994491428136
2,2,Mamba (no graph),38,0.0014006744746936,0.0042722295038402
2,2,Mamba (no graph),39,0.0013676711606035,0.0040975925512611
2,2,Mamba (no graph),40,0.0013183340222554,0.0038551685865968
2,2,Mamba (no graph),41,0.001296083639684,0.0039982115849852
2,2,Mamba (no graph),42,0.0014759686519224,0.0042128060013055
2,2,Mamba (no graph),43,0.0014348222066735,0.004191068932414
2,2,Mamba (no graph),44,0.0014236400476757,0.0038232845254242
2,2,Mamba (no graph),45,0.0012874482182799,0.0039349216967821
2,2,Mamba (no graph),46,0.0012100784714407,0.0039887283928692
2,2,Mamba (no graph),47,0.0011669414272036,0.0040292711928486
2,2,Mamba (no graph),48,0.0011894996583682,0.0038773317355662
2,2,Mamba (no graph),49,0.0012238797724997,0.0041594160720705
2,2,Mamba (no graph),50,0.0012591509047976,0.003986582159996
2,2,Mamba (no graph),51,0.0012805330074599,0.0039326618425548
2,2,Graph-MLP (no scan),0,0.0030879946660062,0.0050444961525499
2,2,Graph-MLP (no scan),1,0.0030802138411044,0.0049842414446175
2,2,Graph-MLP (no scan),2,0.0028641041060038,0.0047044847160577
2,2,Graph-MLP (no scan),3,0.0027352469628207,0.0047752168029546
2,2,Graph-MLP (no scan),4,0.0026303011682822,0.0045880689285695
2,2,Graph-MLP (no scan),5,0.0024794392570813,0.0047083981335163
2,2,Graph-MLP (no scan),6,0.0023639712586543,0.0045592249371111
2,2,Graph-MLP (no scan),7,0.0022847452502456,0.0045738876797258
2,2,Graph-MLP (no scan),8,0.0024384019934913,0.0047395438887178
2,2,Graph-MLP (no scan),9,0.0023198874044171,0.0045729945413768
2,2,Graph-MLP (no scan),10,0.0021043459184655,0.0042726970277726
2,2,Graph-MLP (no scan),11,0.0020740170060261,0.0043510091491043
2,2,Graph-MLP (no scan),12,0.0019722745298213,0.0043206284753978
2,2,Graph-MLP (no scan),13,0.0018889069248982,0.0044029387645423
2,2,Graph-MLP (no scan),14,0.0018353000360293,0.0043704397976398
2,2,Graph-MLP (no scan),15,0.001829142569189,0.0044921310618519
2,2,Graph-MLP (no scan),16,0.0018503698746492,0.0043784282170236
2,2,Graph-MLP (no scan),17,0.0018419731214052,0.0042785848490893
2,2,Graph-MLP (no scan),18,0.0018069831463474,0.0045760250650346
2,2,Graph-MLP (no scan),19,0.0019767642684495,0.0043355412781238
2,2,Graph-MLP (no scan),20,0.0018235722375805,0.004192866384983
2,2,Graph-MLP (no scan),21,0.0017925554613428,0.0042019975371658
2,2,Graph-MLP (no scan),22,0.0016668231122651,0.0041729169897735
2,2,Graph-MLP (no scan),23,0.0016759703934139,0.0041463170200586
2,2,Graph-MLP (no scan),24,0.0016029420113626,0.0041584237478673
2,2,Graph-MLP (no scan),25,0.0016222035884187,0.0042713615112006
2,2,Graph-MLP (no scan),26,0.0015993808302358,0.0040945964865386
2,2,Graph-MLP (no scan),27,0.0015963974631585,0.0040713283233344
2,2,Graph-MLP (no scan),28,0.0016741230413853,0.0043110530823469
2,2,Graph-MLP (no scan),29,0.0016340420869507,0.0042532552033662
2,2,Graph-MLP (no scan),30,0.001739565117231,0.0042462931014597
2,2,Graph-MLP (no scan),31,0.0016872180791625,0.0045359479263424
2,2,Graph-MLP (no scan),32,0.0018905818055336,0.0041585494764149
2,2,Graph-MLP (no scan),33,0.0017049269358754,0.0041860896162688
2,2,Graph-MLP (no scan),34,0.0016482534488368,0.0043975883163511
2,2,Graph-MLP (no scan),35,0.0017827246070122,0.0040460559539496
2,2,Graph-MLP (no scan),36,0.0017630619218023,0.0039771171286702
2,2,Graph-MLP (no scan),37,0.0015451724208864,0.003934028558433
2,2,Graph-MLP (no scan),38,0.0014400977319736,0.0038405375089496
2,2,Graph-MLP (no scan),39,0.0014397619499845,0.0040332251228392
2,2,Graph-MLP (no scan),40,0.0013744882173943,0.0038902901578694
2,2,Graph-MLP (no scan),41,0.0013793853861983,0.0039156656712293
2,2,Graph-MLP (no scan),42,0.0013661376885707,0.0038942017126828
2,2,Graph-MLP (no scan),43,0.0014037450376844,0.003951046615839
2,2,Graph-MLP (no scan),44,0.0013989080983153,0.0038940152153372
2,2,Graph-MLP (no scan),45,0.0013503949308647,0.003871395252645
2,2,Graph-MLP (no scan),46,0.0013494192800156,0.0038288261275738
2,2,Graph-MLP (no scan),47,0.0014184440901543,0.0042077894322574
2,2,Graph-MLP (no scan),48,0.0016215842731444,0.0039201681502163
2,2,Graph-MLP (no scan),49,0.0015629727122032,0.0040103676728904
2,2,Graph-MLP (no scan),50,0.0015266574148705,0.0043076514266431
2,2,Graph-MLP (no scan),51,0.0014787675233276,0.0037554888986051
2,2,Graph-MLP (no scan),52,0.0013310417186187,0.0038431291468441
2,2,Graph-MLP (no scan),53,0.0013234081184793,0.0040912744589149
2,2,Graph-MLP (no scan),54,0.0013799700984838,0.0039275991730391
2,2,Graph-MLP (no scan),55,0.0012607973189555,0.0038547834847122
2,2,Graph-MLP (no scan),56,0.0012155384241549,0.003902243450284
2,2,Graph-MLP (no scan),57,0.001256273985713,0.0041844081133604
2,2,Graph-MLP (no scan),58,0.0012845979021902,0.0039664981886744
2,2,Graph-MLP (no scan),59,0.0014246377144209,0.0040327939204871
2,2,Graph-MLP (no scan),60,0.0014484813294487,0.0040332865901291
2,2,Graph-MLP (no scan),61,0.0013398639120751,0.0039057962130755
2,2,Graph-MLP (no scan),62,0.0012416024876611,0.0039278790354728
2,2,Graph-MLP (no scan),63,0.0012115115390273,0.0037955541629344
2,2,Graph-MLP (no scan),64,0.0011471725159438,0.003958374261856
2,2,Graph-MLP (no scan),65,0.0011716812158928,0.0038997635710984
2,2,Graph-MLP (no scan),66,0.0013968441266861,0.0040506869554519
2,2,GCP-Mamba (additive prior),0,0.0023135416638508,0.0020554326474666
2,2,GCP-Mamba (additive prior),1,0.00217879892883,0.0020499415695667
2,2,GCP-Mamba (additive prior),2,0.0021512363400819,0.0020451955497264
2,2,GCP-Mamba (additive prior),3,0.002108136722952,0.0020454414188861
2,2,GCP-Mamba (additive prior),4,0.0020851542722608,0.0020747540984302
2,2,GCP-Mamba (additive prior),5,0.0020577944857034,0.0022141267545521
2,2,GCP-Mamba (additive prior),6,0.0020064018422188,0.0022676447406411
2,2,GCP-Mamba (additive prior),7,0.0020273161529422,0.0023859906941652
2,2,GCP-Mamba (additive prior),8,0.0020117233348206,0.0023847848642617
2,2,GCP-Mamba (additive prior),9,0.0019428733779827,0.0023966385051608
2,2,GCP-Mamba (additive prior),10,0.0019056751935494,0.0023763184435665
2,2,GCP-Mamba (additive prior),11,0.0018552557360916,0.002593211364001
2,2,GCP-Mamba (additive prior),12,0.0017748589819236,0.0026608705520629
2,2,GCP-Mamba (additive prior),13,0.0018049508815617,0.0027209783438593
2,2,GCP-Mamba (additive prior),14,0.0018104489695066,0.0026304803323
2,2,GCP-Mamba (additive prior),15,0.0017618061145499,0.0028969566337764
2,2,GCP-Mamba (additive prior),16,0.0017709031754689,0.0025347657501697
2,2,GCP-Mamba (additive prior),17,0.0017524549482966,0.002705194056034
2,2,GCP-Mamba (additive prior),18,0.0017155288800717,0.0027218908071517
2,2,GCP-Mamba (additive prior),19,0.0016814268888443,0.0028197697829455
2,2,GCP-Mamba (additive prior),20,0.0016542552039027,0.0028233451303094
2,2,GCP-Mamba (additive prior),21,0.0016446307145742,0.0028758854605257
2,2,GCP-Mamba (additive prior),22,0.0016414550620486,0.0029186846222728
2,2,GCP-Mamba (additive prior),23,0.0016153904763485,0.0030846893787384
2,2,GCP-Mamba (additive prior),24,0.0015793106574799,0.0030872700735926
2,2,GCP-Mamba (additive prior),25,0.0015734538554026,0.0029424796812236
2,2,GCP-Mamba (additive prior),26,0.0015606502675712,0.0031881686300039
2,2,GCP-Mamba (additive prior),27,0.0016454235121286,0.0032242012675851
2,2,GCP-Mamba (additive prior),28,0.0017277788875034,0.0029098156373947
2,2,GCP-Mamba (additive prior),29,0.0016592553475027,0.0032704384066164
2,2,GCP-Mamba (additive prior),30,0.0015447897143099,0.0033746096305549
2,2,GCP-Mamba (additive prior),31,0.0015683749740065,0.0034850977826863
2,2,GCP-Mamba (additive prior),32,0.0015261402067212,0.0033757637720555
2,2,GCP-Mamba (additive prior),33,0.0015070823510344,0.00407793559134
2,2,GCP-Mamba (additive prior),34,0.0015067991175816,0.0056171682663261
2,2,GCP-Mamba (additive prior),35,0.0015895677824243,0.0026233992539346
2,2,GCP-Mamba (additive prior),36,0.0015621191584136,0.0029830327257514
2,2,GCP-Mamba (additive prior),37,0.001520205230499,0.0030127321369946
2,2,GCP-Mamba (additive prior),38,0.0014874737336226,0.0032474396284669
2,2,GCP-Mamba (additive prior),39,0.0015032193112595,0.0033276248723268
3,1,GCP-Mamba,0,0.0040880488655106,0.0039886673912405
3,1,GCP-Mamba,1,0.0038274385768807,0.0038611183408647
3,1,GCP-Mamba,2,0.0036844918292693,0.0038726106286048
3,1,GCP-Mamba,3,0.0035089913078329,0.0039031852502375
3,1,GCP-Mamba,4,0.0034315442228972,0.0039315219037234
3,1,GCP-Mamba,5,0.0033284963292041,0.0041812886483967
3,1,GCP-Mamba,6,0.0033126305153762,0.003794107818976
3,1,GCP-Mamba,7,0.0030664648705472,0.0038431654684245
3,1,GCP-Mamba,8,0.0028584412877645,0.0036763679236173
3,1,GCP-Mamba,9,0.0026099132303374,0.0037837265990674
3,1,GCP-Mamba,10,0.0024339418900622,0.0039058169350028
3,1,GCP-Mamba,11,0.0023619230893073,0.0039032911881804
3,1,GCP-Mamba,12,0.0023485088128257,0.0038161622360348
3,1,GCP-Mamba,13,0.0035112742581545,0.0042855027131736
3,1,GCP-Mamba,14,0.0030771019219449,0.0034820986911654
3,1,GCP-Mamba,15,0.0025922011576988,0.0037936912849545
3,1,GCP-Mamba,16,0.0023518711765945,0.0039108730852603
3,1,GCP-Mamba,17,0.0022898278848239,0.0035705855116248
3,1,GCP-Mamba,18,0.002220354663829,0.003657316090539
3,1,GCP-Mamba,19,0.0020944623587032,0.0037483386695384
3,1,GCP-Mamba,20,0.0020220724894016,0.003826790722087
3,1,GCP-Mamba,21,0.0019588290050512,0.0036440112162381
3,1,GCP-Mamba,22,0.0019365884046154,0.0040801959112286
3,1,GCP-Mamba,23,0.0018548373640938,0.0036475923843681
3,1,GCP-Mamba,24,0.0018606830148421,0.0039338953793048
3,1,GCP-Mamba,25,0.0018644292175656,0.0034634170588105
3,1,GCP-Mamba,26,0.0018568535363583,0.0041498248465359
3,1,GCP-Mamba,27,0.0019044230522757,0.0038328620139509
3,1,GCP-Mamba,28,0.0018314937320114,0.0039779283106327
3,1,GCP-Mamba,29,0.0019459656905382,0.0041045662946999
3,1,GCP-Mamba,30,0.0020999755308201,0.0038865648675709
3,1,GCP-Mamba,31,0.0020106504882939,0.0039494330994784
3,1,GCP-Mamba,32,0.0018845350679123,0.003922657109797
3,1,GCP-Mamba,33,0.0017987237678784,0.0044676028192043
3,1,GCP-Mamba,34,0.0018929347332397,0.0038796330336481
3,1,GCP-Mamba,35,0.0019407789152341,0.0039139175787568
3,1,GCP-Mamba,36,0.0017089322562131,0.0039439396932721
3,1,GCP-Mamba,37,0.0016419456241595,0.0039145415648818
3,1,GCP-Mamba,38,0.0015843474009836,0.0036563202738761
3,1,GCP-Mamba,39,0.001533236816723,0.0036695338785648
3,1,GCP-Mamba,40,0.0015668050548287,0.0039978041313588
3,1,GCP-Mamba (perm. graph),0,0.0040826426367416,0.0039834706112742
3,1,GCP-Mamba (perm. graph),1,0.0038054100251897,0.003848924068734
3,1,GCP-Mamba (perm. graph),2,0.0036529615860093,0.003770969575271
3,1,GCP-Mamba (perm. graph),3,0.0035512206201074,0.0038196423556655
3,1,GCP-Mamba (perm. graph),4,0.0034306558893259,0.003961834590882
3,1,GCP-Mamba (perm. graph),5,0.0033690504743858,0.003862673882395
3,1,GCP-Mamba (perm. graph),6,0.0032346483291775,0.0037741388659924
3,1,GCP-Mamba (perm. graph),7,0.0030232638572201,0.0037654507905244
3,1,GCP-Mamba (perm. graph),8,0.0030733096646144,0.0036344460677355
3,1,GCP-Mamba (perm. graph),9,0.0028526794560479,0.0035924005787819
3,1,GCP-Mamba (perm. graph),10,0.0026110114360397,0.0038252640515565
3,1,GCP-Mamba (perm. graph),11,0.002898862416094,0.0045074103400111
3,1,GCP-Mamba (perm. graph),12,0.0027379399433619,0.0037571503780782
3,1,GCP-Mamba (perm. graph),13,0.0023578708712717,0.0035083785187453
3,1,GCP-Mamba (perm. graph),14,0.0022064638147695,0.0038145480211824
3,1,GCP-Mamba (perm. graph),15,0.0021220831955416,0.0035067878197878
3,1,GCP-Mamba (perm. graph),16,0.0020884889862359,0.0035230740904808
3,1,GCP-Mamba (perm. graph),17,0.002047739390312,0.0033489291090518
3,1,GCP-Mamba (perm. graph),18,0.0020723230854579,0.0034603043459355
3,1,GCP-Mamba (perm. graph),19,0.002105531938882,0.0035310229286551
3,1,GCP-Mamba (perm. graph),20,0.0020719171205366,0.0035365568473935
3,1,GCP-Mamba (perm. graph),21,0.0019170212714622,0.0036013438366353
3,1,GCP-Mamba (perm. graph),22,0.0018246258489053,0.0037084275390952
3,1,GCP-Mamba (perm. graph),23,0.0018190213507323,0.0033726678229868
3,1,GCP-Mamba (perm. graph),24,0.0017615990769682,0.0037662270478904
3,1,GCP-Mamba (perm. graph),25,0.0019795066662922,0.003402626607567
3,1,GCP-Mamba (perm. graph),26,0.0018742195521058,0.0038107680156826
3,1,GCP-Mamba (perm. graph),27,0.0017646246900161,0.0034738262183964
3,1,GCP-Mamba (perm. graph),28,0.0017572356402083,0.0039934976957738
3,1,GCP-Mamba (perm. graph),29,0.0018585245971652,0.0035974287893623
3,1,GCP-Mamba (perm. graph),30,0.00168510854851,0.0035036306362599
3,1,GCP-Mamba (perm. graph),31,0.0018566737205467,0.0041214167140424
3,1,GCP-Mamba (perm. graph),32,0.002087997724161,0.0037184839602559
3,1,GCP-Mamba (perm. graph),33,0.0019275623613573,0.0043328059837222
3,1,GCP-Mamba (perm. graph),34,0.0020840573865412,0.00338795944117
3,1,GCP-Mamba (perm. graph),35,0.0018610421314158,0.003536605508998
3,1,GCP-Mamba (perm. graph),36,0.0018595375409914,0.0036609466187655
3,1,GCP-Mamba (perm. graph),37,0.0017733281816948,0.0034419973380863
3,1,GCP-Mamba (perm. graph),38,0.001629323070643,0.0035077109932899
3,1,GCP-Mamba (perm. graph),39,0.0015129120808772,0.0033409395255148
3,1,GCP-Mamba (perm. graph),40,0.0014855116958532,0.0034801657311618
3,1,GCP-Mamba (perm. graph),41,0.0015095187753269,0.0034423873294144
3,1,GCP-Mamba (perm. graph),42,0.0014586530689319,0.0033005881123244
3,1,GCP-Mamba (perm. graph),43,0.0015257242925916,0.0039224619977176
3,1,GCP-Mamba (perm. graph),44,0.0015913912899453,0.0031032832339406
3,1,GCP-Mamba (perm. graph),45,0.001590705600172,0.0034882239997386
3,1,GCP-Mamba (perm. graph),46,0.001543013509504,0.0040363199077546
3,1,GCP-Mamba (perm. graph),47,0.0014722879206987,0.0033847279846668
3,1,GCP-Mamba (perm. graph),48,0.0014010088370096,0.0036767509300261
3,1,GCP-Mamba (perm. graph),49,0.0013411799022419,0.0036177623551338
3,1,GCP-Mamba (perm. graph),50,0.0013574843566554,0.0036056458484381
3,1,GCP-Mamba (perm. graph),51,0.0013680920907945,0.0038184595759958
3,1,GCP-Mamba (perm. graph),52,0.0012941022269484,0.0033551631495356
3,1,GCP-Mamba (perm. graph),53,0.0012714813858496,0.0036131064407527
3,1,GCP-Mamba (perm. graph),54,0.001253341543347,0.0037819675635546
3,1,GCP-Mamba (perm. graph),55,0.0012368877051454,0.0036246911622583
3,1,GCP-Mamba (perm. graph),56,0.0013491660709295,0.0033534429967403
3,1,GCP-Mamba (perm. graph),57,0.0013965285369053,0.0039955871179699
3,1,GCP-Mamba (perm. graph),58,0.001751755286629,0.0040715998038649
3,1,GCP-Mamba (perm. graph),59,0.0017565685416092,0.0034890414681285
3,1,Mamba (no graph),0,0.0039652265523645,0.0039367587305605
3,1,Mamba (no graph),1,0.0037537076947928,0.0039983219467103
3,1,Mamba (no graph),2,0.0034814802788649,0.0041082338429987
3,1,Mamba (no graph),3,0.0033734600186686,0.0046468381769955
3,1,Mamba (no graph),4,0.0039220087540646,0.0039799008518457
3,1,Mamba (no graph),5,0.0033657056152481,0.0040772156789898
3,1,Mamba (no graph),6,0.003010289764709,0.0042485678568482
3,1,Mamba (no graph),7,0.0028841382132448,0.0042939041741192
3,1,Mamba (no graph),8,0.002963375219031,0.0039878310635685
3,1,Mamba (no graph),9,0.0026907770696914,0.0042538181878626
3,1,Mamba (no graph),10,0.0026799333034873,0.0041134692728519
3,1,Mamba (no graph),11,0.0025325289250097,0.0038541979156434
3,1,Mamba (no graph),12,0.0023459991101514,0.004198501817882
3,1,Mamba (no graph),13,0.0023011932586968,0.0047810818068683
3,1,Mamba (no graph),14,0.0022446474159192,0.0038286154158413
3,1,Mamba (no graph),15,0.0021598306696184,0.004487017635256
3,1,Mamba (no graph),16,0.0021439429908765,0.0047803567722439
3,1,Mamba (no graph),17,0.0023209091318263,0.004178911447525
3,1,Mamba (no graph),18,0.0021112650124864,0.0039752018637955
3,1,Mamba (no graph),19,0.0019502434597322,0.004055087454617
3,1,Mamba (no graph),20,0.0019432756993355,0.0035939123481512
3,1,Mamba (no graph),21,0.0023175536577279,0.0034903702326118
3,1,Mamba (no graph),22,0.0021230031482198,0.0043121171183884
3,1,Mamba (no graph),23,0.0019193144874985,0.0040245587006211
3,1,Mamba (no graph),24,0.0018344250945092,0.0040270802564918
3,1,Mamba (no graph),25,0.0017778849419714,0.0042036836966872
3,1,Mamba (no graph),26,0.0017530571732839,0.004086310043931
3,1,Mamba (no graph),27,0.0017576955618675,0.0039264298975467
3,1,Mamba (no graph),28,0.0017475155605511,0.0035839760676026
3,1,Mamba (no graph),29,0.0016767769526323,0.003804866457358
3,1,Mamba (no graph),30,0.0017115531849082,0.0038020943757146
3,1,Mamba (no graph),31,0.0017021262496145,0.0038001916836947
3,1,Mamba (no graph),32,0.0018472682480051,0.0034149787388741
3,1,Mamba (no graph),33,0.0016144231124075,0.0036033352371305
3,1,Mamba (no graph),34,0.0016147118082947,0.0038317108992487
3,1,Mamba (no graph),35,0.0019745068469395,0.0046517965383827
3,1,Mamba (no graph),36,0.0019726015761438,0.0034674336202442
3,1,Mamba (no graph),37,0.0018367687959901,0.0044596185907721
3,1,Mamba (no graph),38,0.0017177773018678,0.0037264786660671
3,1,Mamba (no graph),39,0.0017064172619332,0.0037620898801833
3,1,Mamba (no graph),40,0.0015656648831667,0.0035248887725174
3,1,Mamba (no graph),41,0.0014854949426301,0.0035453813616186
3,1,Mamba (no graph),42,0.0014452206722291,0.0036295948084443
3,1,Mamba (no graph),43,0.0013897145399823,0.0041645900346338
3,1,Mamba (no graph),44,0.0014075732271356,0.0036591412499547
3,1,Mamba (no graph),45,0.00141435310555,0.0036985639017075
3,1,Mamba (no graph),46,0.0015214020562725,0.0036836185026913
3,1,Mamba (no graph),47,0.0018600485090053,0.0039302879013121
3,1,Graph-MLP (no scan),0,0.0041428560983728,0.0040579666383564
3,1,Graph-MLP (no scan),1,0.0038559866335355,0.0038532107137143
3,1,Graph-MLP (no scan),2,0.0036120104363583,0.0039048446342349
3,1,Graph-MLP (no scan),3,0.0034412383736873,0.0038998776581138
3,1,Graph-MLP (no scan),4,0.0033589947164397,0.0040796711109578
3,1,Graph-MLP (no scan),5,0.0032820547366458,0.0041622901335358
3,1,Graph-MLP (no scan),6,0.0036285238157054,0.0039202133193612
3,1,Graph-MLP (no scan),7,0.0033146251755004,0.0039487113244831
3,1,Graph-MLP (no scan),8,0.0030047532283898,0.0042476374655961
3,1,Graph-MLP (no scan),9,0.0028518104333091,0.0038953311741352
3,1,Graph-MLP (no scan),10,0.0026630375491963,0.0039038285613059
3,1,Graph-MLP (no scan),11,0.0026505096589751,0.0047027436085045
3,1,Graph-MLP (no scan),12,0.0035047450060532,0.0035956732463091
3,1,Graph-MLP (no scan),13,0.0028553095780256,0.0036646837834268
3,1,Graph-MLP (no scan),14,0.0024640812806672,0.0038794940337538
3,1,Graph-MLP (no scan),15,0.0023359262850135,0.0036386207211762
3,1,Graph-MLP (no scan),16,0.0022250923229325,0.0041211834177374
3,1,Graph-MLP (no scan),17,0.0022176860507126,0.0036266567185521
3,1,Graph-MLP (no scan),18,0.0021389230563672,0.0036215474829077
3,1,Graph-MLP (no scan),19,0.0021014000910023,0.0040139304473996
3,1,Graph-MLP (no scan),20,0.0021712332681724,0.0035984797868877
3,1,Graph-MLP (no scan),21,0.002055405974247,0.0038512209430336
3,1,Graph-MLP (no scan),22,0.0021985618708034,0.0041226195171475
3,1,Graph-MLP (no scan),23,0.0020764899143779,0.0036939310375601
3,1,Graph-MLP (no scan),24,0.0022316305319581,0.003590329317376
3,1,Graph-MLP (no scan),25,0.0022237277642654,0.003718138905242
3,1,Graph-MLP (no scan),26,0.0020413366534436,0.0037914551794528
3,1,Graph-MLP (no scan),27,0.0020897382813872,0.0036785244010388
3,1,Graph-MLP (no scan),28,0.0019719942444653,0.0036137274000793
3,1,Graph-MLP (no scan),29,0.0018283314509035,0.0038024813402444
3,1,Graph-MLP (no scan),30,0.0017942117781124,0.0036868632305413
3,1,Graph-MLP (no scan),31,0.0017908289464134,0.0037510166876018
3,1,Graph-MLP (no scan),32,0.001722862030323,0.0035885819233953
3,1,Graph-MLP (no scan),33,0.0017121548369301,0.003825576743111
3,1,Graph-MLP (no scan),34,0.0017000728808907,0.0035734444390982
3,1,Graph-MLP (no scan),35,0.0017126291058957,0.0038292431272566
3,1,Graph-MLP (no scan),36,0.0019672787395503,0.0037414866965264
3,1,Graph-MLP (no scan),37,0.001795094216835,0.0036679776385426
3,1,Graph-MLP (no scan),38,0.001859375938886,0.0037230504676699
3,1,Graph-MLP (no scan),39,0.0017473394135859,0.0037329678889364
3,1,Graph-MLP (no scan),40,0.0016933707379256,0.003574319416657
3,1,Graph-MLP (no scan),41,0.0015970591286366,0.0035394905135035
3,1,Graph-MLP (no scan),42,0.0015972290173963,0.0035738474689424
3,1,Graph-MLP (no scan),43,0.0016219276215203,0.0036491998471319
3,1,Graph-MLP (no scan),44,0.0016505692513998,0.0034633094910532
3,1,Graph-MLP (no scan),45,0.0015362450027499,0.0036068384069949
3,1,Graph-MLP (no scan),46,0.0014780678461785,0.0035226650070399
3,1,Graph-MLP (no scan),47,0.001500164846551,0.0036267512477934
3,1,Graph-MLP (no scan),48,0.0015269131858296,0.0036954374518245
3,1,Graph-MLP (no scan),49,0.0018443235894665,0.003754794364795
3,1,Graph-MLP (no scan),50,0.002006946265641,0.0033419602550566
3,1,Graph-MLP (no scan),51,0.0018130632586579,0.0035648513585329
3,1,Graph-MLP (no scan),52,0.0016335990142331,0.0034677924122661
3,1,Graph-MLP (no scan),53,0.0015028383914437,0.0038274221587926
3,1,Graph-MLP (no scan),54,0.001529848404144,0.0035923598334193
3,1,Graph-MLP (no scan),55,0.0014470189591079,0.0035269793588668
3,1,Graph-MLP (no scan),56,0.0013987089464948,0.0036284502130001
3,1,Graph-MLP (no scan),57,0.0013699456343822,0.0035637223627418
3,1,Graph-MLP (no scan),58,0.0014167893977807,0.0037558986805379
3,1,Graph-MLP (no scan),59,0.001459363766833,0.0034530002158135
3,1,Graph-MLP (no scan),60,0.0014439092306984,0.0034962021745741
3,1,Graph-MLP (no scan),61,0.0013846862323892,0.0036492031067609
3,1,Graph-MLP (no scan),62,0.0016373945576505,0.0036967792548239
3,1,Graph-MLP (no scan),63,0.0018936267059127,0.0039628501981496
3,1,Graph-MLP (no scan),64,0.0017393977852241,0.0038020950742065
3,1,Graph-MLP (no scan),65,0.0015641889450224,0.0035037989728152
3,1,GCP-Mamba (additive prior),0,0.0030065945871738,0.0016363803297281
3,1,GCP-Mamba (additive prior),1,0.0028223548804155,0.0016005020588636
3,1,GCP-Mamba (additive prior),2,0.0027850173329087,0.0015542570035904
3,1,GCP-Mamba (additive prior),3,0.002756801906578,0.0015595994191244
3,1,GCP-Mamba (additive prior),4,0.0027353159966878,0.0015833840006962
3,1,GCP-Mamba (additive prior),5,0.0027143027453513,0.0016010778490453
3,1,GCP-Mamba (additive prior),6,0.0026611768266637,0.0016369232907891
3,1,GCP-Mamba (additive prior),7,0.0026342652272433,0.0016909906407818
3,1,GCP-Mamba (additive prior),8,0.0026227130491117,0.0017399790231138
3,1,GCP-Mamba (additive prior),9,0.0026190678490269,0.0018537862924858
3,1,GCP-Mamba (additive prior),10,0.0026012135274482,0.0019121840596199
3,1,GCP-Mamba (additive prior),11,0.0025448573075912,0.0018251650035381
3,1,GCP-Mamba (additive prior),12,0.0024916476527736,0.0021123571787029
3,1,GCP-Mamba (additive prior),13,0.0024702362469256,0.0019605108536779
3,1,GCP-Mamba (additive prior),14,0.0024392820743025,0.0022027569357305
3,1,GCP-Mamba (additive prior),15,0.0024478924884037,0.0021298541687428
3,1,GCP-Mamba (additive prior),16,0.0024206362819919,0.0020496600773185
3,1,GCP-Mamba (additive prior),17,0.0023790375385997,0.0020355454180389
3,1,GCP-Mamba (additive prior),18,0.0023770839342791,0.0022214215714484
3,1,GCP-Mamba (additive prior),19,0.0024194815619425,0.002051489194855
3,1,GCP-Mamba (additive prior),20,0.0024821699850938,0.00199551647529
3,1,GCP-Mamba (additive prior),21,0.002306299693318,0.0022032030392438
3,1,GCP-Mamba (additive prior),22,0.0022323504690024,0.002436235314235
3,1,GCP-Mamba (additive prior),23,0.0021152127618816,0.0025085131637752
3,1,GCP-Mamba (additive prior),24,0.0020977397181206,0.0027241948992013
3,1,GCP-Mamba (additive prior),25,0.0021550209000424,0.0019501583883538
3,1,GCP-Mamba (additive prior),26,0.0022988922640003,0.0020505047868937
3,1,GCP-Mamba (additive prior),27,0.0022526463267929,0.0021559000015258
3,1,GCP-Mamba (additive prior),28,0.0021460782807094,0.0025716302916407
3,1,GCP-Mamba (additive prior),29,0.0021718213842673,0.0029244148172438
3,1,GCP-Mamba (additive prior),30,0.0021099246382205,0.0025886229705065
3,1,GCP-Mamba (additive prior),31,0.0019789925127318,0.002710192464292
3,1,GCP-Mamba (additive prior),32,0.0019240694051735,0.0031388693023473
3,1,GCP-Mamba (additive prior),33,0.0020713204320407,0.0024461555294692
3,1,GCP-Mamba (additive prior),34,0.0020073582347708,0.0033815819770097
3,1,GCP-Mamba (additive prior),35,0.0020317263040465,0.0024125697091221
3,1,GCP-Mamba (additive prior),36,0.0019781033571978,0.0025523237418383
3,1,GCP-Mamba (additive prior),37,0.0018506057588665,0.0026663853786885
3,1,GCP-Mamba (additive prior),38,0.0017980838646039,0.0027849916368722
3,1,GCP-Mamba (additive prior),39,0.0018338261835389,0.0027992690447717
3,2,GCP-Mamba,0,0.0042427820894359,0.0040443637408316
3,2,GCP-Mamba,1,0.0039498670675763,0.0038925465196371
3,2,GCP-Mamba,2,0.0037654853694028,0.0037512627895921
3,2,GCP-Mamba,3,0.0035697431656334,0.0038312936667352
3,2,GCP-Mamba,4,0.0033629631313184,0.0039356034249067
3,2,GCP-Mamba,5,0.0033946278942466,0.0039496477693319
3,2,GCP-Mamba,6,0.0032196669966321,0.0038332121912389
3,2,GCP-Mamba,7,0.0029640976642964,0.0038620952982455
3,2,GCP-Mamba,8,0.0027651351058121,0.0039953561499714
3,2,GCP-Mamba,9,0.0026982045365553,0.0037880251184105
3,2,GCP-Mamba,10,0.0039067858491431,0.0036639098543673
3,2,GCP-Mamba,11,0.0031577780221899,0.003484187182039
3,2,GCP-Mamba,12,0.0026468083572884,0.0036514229141175
3,2,GCP-Mamba,13,0.0023577782664109,0.0037721444386988
3,2,GCP-Mamba,14,0.0023014429660344,0.0038749065715819
3,2,GCP-Mamba,15,0.002156414091587,0.0039460710249841
3,2,GCP-Mamba,16,0.0022413716863163,0.0039402199909091
3,2,GCP-Mamba,17,0.0021842177392858,0.0036892406642436
3,2,GCP-Mamba,18,0.0020780741893263,0.0038397170137614
3,2,GCP-Mamba,19,0.0020727679084026,0.0042463666759431
3,2,GCP-Mamba,20,0.0020641970772747,0.0040136096067726
3,2,GCP-Mamba,21,0.0022074296668341,0.0038917681667953
3,2,GCP-Mamba,22,0.0024449231145395,0.004153755493462
3,2,GCP-Mamba,23,0.0021155208885443,0.0036215875297784
3,2,GCP-Mamba,24,0.0019984338714769,0.0036331622395664
3,2,GCP-Mamba,25,0.0020257967778227,0.0038923993706703
3,2,GCP-Mamba,26,0.0020280239158168,0.0036541421432048
3,2,GCP-Mamba,27,0.0019050910539755,0.0035337023437023
3,2,GCP-Mamba,28,0.0018271427552187,0.003359087742865
3,2,GCP-Mamba,29,0.001805137461898,0.0035690304357558
3,2,GCP-Mamba,30,0.0017403345343402,0.0034911225084215
3,2,GCP-Mamba,31,0.0016884443025584,0.0034537080209702
3,2,GCP-Mamba,32,0.0016408420633524,0.0034079465549439
3,2,GCP-Mamba,33,0.001759874669722,0.0033413739874958
3,2,GCP-Mamba,34,0.0018301455120584,0.0037038321606814
3,2,GCP-Mamba,35,0.0016957041983859,0.004201631527394
3,2,GCP-Mamba,36,0.0016589356078342,0.0034211999736726
3,2,GCP-Mamba,37,0.001582732141921,0.003456168808043
3,2,GCP-Mamba,38,0.0015657529813435,0.0036763523239642
3,2,GCP-Mamba,39,0.0017578019548884,0.0035618490073829
3,2,GCP-Mamba,40,0.0023733898503423,0.0038228891789913
3,2,GCP-Mamba,41,0.0020264375206986,0.0034923329949378
3,2,GCP-Mamba,42,0.0017726059269272,0.0035973496269434
3,2,GCP-Mamba,43,0.0016034986668576,0.0034803065937012
3,2,GCP-Mamba,44,0.001536304924891,0.0034478332381695
3,2,GCP-Mamba,45,0.0016081709005503,0.0037003878969699
3,2,GCP-Mamba,46,0.001563797576113,0.0035720539744943
3,2,GCP-Mamba,47,0.0016772472052693,0.0034330142661929
3,2,GCP-Mamba,48,0.001633447161029,0.0035292925313115
3,2,GCP-Mamba (perm. graph),0,0.0042550237002697,0.0040315832011401
3,2,GCP-Mamba (perm. graph),1,0.0039546085719132,0.0038812849670648
3,2,GCP-Mamba (perm. graph),2,0.0037662051900318,0.0037296810187399
3,2,GCP-Mamba (perm. graph),3,0.0035449120244293,0.0038525930140167
3,2,GCP-Mamba (perm. graph),4,0.0033346187520885,0.0039950856007635
3,2,GCP-Mamba (perm. graph),5,0.0033386286672656,0.0039340406656265
3,2,GCP-Mamba (perm. graph),6,0.0032272219276902,0.0038990755565464
3,2,GCP-Mamba (perm. graph),7,0.0029854614139449,0.0038487040437757
3,2,GCP-Mamba (perm. graph),8,0.0027256222216017,0.003861817298457
3,2,GCP-Mamba (perm. graph),9,0.0025992087215523,0.0037884716875851
3,2,GCP-Mamba (perm. graph),10,0.0033865903264306,0.0036657380405813
3,2,GCP-Mamba (perm. graph),11,0.0029658011414787,0.0037307909224182
3,2,GCP-Mamba (perm. graph),12,0.0024987757347072,0.0035931940656155
3,2,GCP-Mamba (perm. graph),13,0.0023136702119231,0.0037933026906102
3,2,GCP-Mamba (perm. graph),14,0.0022495554576656,0.0038863443769514
3,2,GCP-Mamba (perm. graph),15,0.0021060219062774,0.0037123416550457
3,2,GCP-Mamba (perm. graph),16,0.0021095600360157,0.0039938786067068
3,2,GCP-Mamba (perm. graph),17,0.0022568751909685,0.0038173287175595
3,2,GCP-Mamba (perm. graph),18,0.0024435842960056,0.0037023292388767
3,2,GCP-Mamba (perm. graph),19,0.0021964872051312,0.003935812972486
3,2,GCP-Mamba (perm. graph),20,0.0019660814185485,0.0036386179272085
3,2,GCP-Mamba (perm. graph),21,0.0018858634020117,0.0038546088617295
3,2,GCP-Mamba (perm. graph),22,0.0021930265762476,0.0038105833809822
3,2,GCP-Mamba (perm. graph),23,0.0020247645972465,0.0036036048550158
3,2,GCP-Mamba (perm. graph),24,0.0019079959196405,0.0036059222184121
3,2,GCP-Mamba (perm. graph),25,0.0017857371836505,0.0036872464697808
3,2,GCP-Mamba (perm. graph),26,0.0017449813542153,0.0034953036811202
3,2,GCP-Mamba (perm. graph),27,0.0017272978950517,0.0034218349028378
3,2,GCP-Mamba (perm. graph),28,0.001745438210271,0.0033587412908673
3,2,GCP-Mamba (perm. graph),29,0.001786434797175,0.0036863277200609
3,2,GCP-Mamba (perm. graph),30,0.0019405878388859,0.0034910028334707
3,2,GCP-Mamba (perm. graph),31,0.0020824739935271,0.0040127695538103
3,2,GCP-Mamba (perm. graph),32,0.0020869701084765,0.0036601996980607
3,2,GCP-Mamba (perm. graph),33,0.0019570182105808,0.0034171412698924
3,2,GCP-Mamba (perm. graph),34,0.0018824577352709,0.0035720828454941
3,2,GCP-Mamba (perm. graph),35,0.0017140808331808,0.0034718092065304
3,2,GCP-Mamba (perm. graph),36,0.0016071557906936,0.0032342465128749
3,2,GCP-Mamba (perm. graph),37,0.0015556174118749,0.0033727106638252
3,2,GCP-Mamba (perm. graph),38,0.0015421361789445,0.0036132528912276
3,2,GCP-Mamba (perm. graph),39,0.0016245457668308,0.0034940440673381
3,2,GCP-Mamba (perm. graph),40,0.0024822540722335,0.0032719140872359
3,2,GCP-Mamba (perm. graph),41,0.0020146238173104,0.0037759477272629
3,2,GCP-Mamba (perm. graph),42,0.0017684174412297,0.003324436256662
3,2,GCP-Mamba (perm. graph),43,0.001600578624868,0.0034913509152829
3,2,GCP-Mamba (perm. graph),44,0.001523856528696,0.0032895253971219
3,2,GCP-Mamba (perm. graph),45,0.0015106293880804,0.0037397840060293
3,2,GCP-Mamba (perm. graph),46,0.0015080335257208,0.0034336268436163
3,2,GCP-Mamba (perm. graph),47,0.0015173034996471,0.0033875850494951
3,2,GCP-Mamba (perm. graph),48,0.0017755523316957,0.0034548284020274
3,2,GCP-Mamba (perm. graph),49,0.0022590695633411,0.00371974427253
3,2,GCP-Mamba (perm. graph),50,0.0022468594657821,0.0031710704788565
3,2,GCP-Mamba (perm. graph),51,0.0017405959819866,0.0031367365736514
3,2,GCP-Mamba (perm. graph),52,0.0015739888397299,0.0030081090517342
3,2,GCP-Mamba (perm. graph),53,0.0014958588554608,0.0032930336892604
3,2,GCP-Mamba (perm. graph),54,0.0014278892900399,0.0029838096816092
3,2,GCP-Mamba (perm. graph),55,0.0013529535058434,0.0029568439349532
3,2,GCP-Mamba (perm. graph),56,0.0013224294684319,0.0033268053084611
3,2,GCP-Mamba (perm. graph),57,0.0013326885721956,0.0029641294386237
3,2,GCP-Mamba (perm. graph),58,0.0012951144158388,0.0032029342837631
3,2,GCP-Mamba (perm. graph),59,0.0013616488907824,0.0030783100519329
3,2,GCP-Mamba (perm. graph),60,0.0014694527102013,0.0030289618298411
3,2,GCP-Mamba (perm. graph),61,0.0016362080703291,0.0031818381976336
3,2,GCP-Mamba (perm. graph),62,0.0015309409654671,0.0031654934864491
3,2,GCP-Mamba (perm. graph),63,0.0013565629628966,0.0028512300923466
3,2,GCP-Mamba (perm. graph),64,0.0012982359586396,0.0030111509840935
3,2,GCP-Mamba (perm. graph),65,0.0012326839619852,0.0029824201483279
3,2,GCP-Mamba (perm. graph),66,0.0012447977417402,0.0031720970291644
3,2,GCP-Mamba (perm. graph),67,0.0012238097560563,0.0029742741025984
3,2,GCP-Mamba (perm. graph),68,0.0012615244045402,0.0032430384308099
3,2,GCP-Mamba (perm. graph),69,0.0013183315115218,0.0029763942584395
3,2,GCP-Mamba (perm. graph),70,0.0013559351809266,0.0033470480702817
3,2,GCP-Mamba (perm. graph),71,0.0012790693506372,0.0029255689587444
3,2,GCP-Mamba (perm. graph),72,0.0011893060820346,0.002918287878856
3,2,GCP-Mamba (perm. graph),73,0.0012313518602626,0.0031582848168909
3,2,GCP-Mamba (perm. graph),74,0.0012043473966927,0.0030250251293182
3,2,GCP-Mamba (perm. graph),75,0.0012369783044877,0.0030304200481623
3,2,GCP-Mamba (perm. graph),76,0.001274471562779,0.0031496384181082
3,2,GCP-Mamba (perm. graph),77,0.0012773625009382,0.0031495916191488
3,2,GCP-Mamba (perm. graph),78,0.0011695293201641,0.003038490191102
3,2,Mamba (no graph),0,0.0040481749174156,0.0039567681960761
3,2,Mamba (no graph),1,0.0038980861674204,0.0038730588275939
3,2,Mamba (no graph),2,0.0037613880086803,0.0040098703466355
3,2,Mamba (no graph),3,0.0036943035454235,0.003759344574064
3,2,Mamba (no graph),4,0.0034930811150733,0.0037064829375594
3,2,Mamba (no graph),5,0.0035113445694812,0.0040413052774965
3,2,Mamba (no graph),6,0.0034177418600654,0.0036089436616748
3,2,Mamba (no graph),7,0.0030946979708405,0.0036608474329113
3,2,Mamba (no graph),8,0.0028740460843299,0.0039163050241768
3,2,Mamba (no graph),9,0.0026543592314489,0.0036249700933694
3,2,Mamba (no graph),10,0.0030919980031974,0.0038063628599047
3,2,Mamba (no graph),11,0.0031123307858113,0.0038176251109689
3,2,Mamba (no graph),12,0.0028162916741249,0.0036307924892753
3,2,Mamba (no graph),13,0.0024563328391223,0.0034541864879429
3,2,Mamba (no graph),14,0.0022911123479857,0.0033817016519606
3,2,Mamba (no graph),15,0.0021927342467913,0.0033639250323176
3,2,Mamba (no graph),16,0.0021371844676182,0.0034031176473945
3,2,Mamba (no graph),17,0.0019723382305748,0.0033342353999614
3,2,Mamba (no graph),18,0.0019396735200037,0.0032183194998651
3,2,Mamba (no graph),19,0.001950748808061,0.0034709936007857
3,2,Mamba (no graph),20,0.0018919449066743,0.0032530101016163
3,2,Mamba (no graph),21,0.0019334749614989,0.0035516619682312
3,2,Mamba (no graph),22,0.0022668855257727,0.0033528488129377
3,2,Mamba (no graph),23,0.0019002033143558,0.0034789340570569
3,2,Mamba (no graph),24,0.0017758789295895,0.0032099024392664
3,2,Mamba (no graph),25,0.0016885469244285,0.0032619095873087
3,2,Mamba (no graph),26,0.0016447376763222,0.0031310103368014
3,2,Mamba (no graph),27,0.0016506378623572,0.0030993602704256
3,2,Mamba (no graph),28,0.0016655011321276,0.0032402770593762
3,2,Mamba (no graph),29,0.0015814190688119,0.0031949058175086
3,2,Mamba (no graph),30,0.0015198105953238,0.003112506121397
3,2,Mamba (no graph),31,0.0016069447685202,0.0032839658670127
3,2,Mamba (no graph),32,0.001540824534569,0.0033023203723132
3,2,Mamba (no graph),33,0.001541112521381,0.0030696906615048
3,2,Mamba (no graph),34,0.0014884120107374,0.0029723355546593
3,2,Mamba (no graph),35,0.0014619451531237,0.0031859169248491
3,2,Mamba (no graph),36,0.0018038213090745,0.0042504942975938
3,2,Mamba (no graph),37,0.0021593103531014,0.0030646610539406
3,2,Mamba (no graph),38,0.0016560325624816,0.0030703512020409
3,2,Mamba (no graph),39,0.00150627070671,0.0030475095845758
3,2,Mamba (no graph),40,0.0014173837279844,0.0031159734353423
3,2,Mamba (no graph),41,0.0013786194895422,0.0030699879862368
3,2,Mamba (no graph),42,0.0013667598479624,0.0030746087431907
3,2,Mamba (no graph),43,0.0013163472617496,0.0030505680479109
3,2,Mamba (no graph),44,0.0013417945575025,0.0030694766901433
3,2,Mamba (no graph),45,0.0013399459739131,0.0032738188747316
3,2,Mamba (no graph),46,0.0016015076579413,0.003235678654164
3,2,Mamba (no graph),47,0.0017112275500866,0.0030521415174007
3,2,Mamba (no graph),48,0.0014318883080374,0.0032336893491446
3,2,Mamba (no graph),49,0.0013322097665602,0.0031366250477731
3,2,Graph-MLP (no scan),0,0.0041971214214396,0.0039628916420042
3,2,Graph-MLP (no scan),1,0.0039388978444604,0.0038993773050606
3,2,Graph-MLP (no scan),2,0.0037564855830913,0.0037910365499556
3,2,Graph-MLP (no scan),3,0.003592694601552,0.0039140903390944
3,2,Graph-MLP (no scan),4,0.0033611632587218,0.0038080927915871
3,2,Graph-MLP (no scan),5,0.0034589365223479,0.003818413708359
3,2,Graph-MLP (no scan),6,0.0034551433301671,0.0037124308291822
3,2,Graph-MLP (no scan),7,0.0032486623491753,0.0037945201620459
3,2,Graph-MLP (no scan),8,0.0030561528436726,0.0037650279700756
3,2,Graph-MLP (no scan),9,0.0033880983493431,0.0036224056966602
3,2,Graph-MLP (no scan),10,0.0031086715276945,0.0036092158406972
3,2,Graph-MLP (no scan),11,0.0027592458028459,0.0037334549706429
3,2,Graph-MLP (no scan),12,0.002590372015468,0.0036309980787336
3,2,Graph-MLP (no scan),13,0.0023925211562803,0.0036434377543628
3,2,Graph-MLP (no scan),14,0.0023007939611984,0.0035716716665774
3,2,Graph-MLP (no scan),15,0.0021576120475815,0.0038911099545657
3,2,Graph-MLP (no scan),16,0.0021245022318467,0.0037984561640769
3,2,Graph-MLP (no scan),17,0.0022994086647293,0.0041710599325597
3,2,Graph-MLP (no scan),18,0.0021456102628938,0.0035179106052964
3,2,Graph-MLP (no scan),19,0.00203908273287,0.0035377687308937
3,2,Graph-MLP (no scan),20,0.0019691906742412,0.0035410977434366
3,2,Graph-MLP (no scan),21,0.0023796145246843,0.0043173911981284
3,2,Graph-MLP (no scan),22,0.0026349013487836,0.0034531201235949
3,2,Graph-MLP (no scan),23,0.0022942050868137,0.0033190082758665
3,2,Graph-MLP (no scan),24,0.0021145876133673,0.0033924153540283
3,2,Graph-MLP (no scan),25,0.0019633129845853,0.0037153831217437
3,2,Graph-MLP (no scan),26,0.0018220556208468,0.0033764399122446
3,2,Graph-MLP (no scan),27,0.0017459227449514,0.0034157531335949
3,2,Graph-MLP (no scan),28,0.0017312514828518,0.003416682826355
3,2,Graph-MLP (no scan),29,0.0017413608553452,0.003480979707092
3,2,Graph-MLP (no scan),30,0.0017018106547325,0.0034555387683212
3,2,Graph-MLP (no scan),31,0.0016964211544925,0.003506266279146
3,2,Graph-MLP (no scan),32,0.0016654812956623,0.0034099940676242
3,2,Graph-MLP (no scan),33,0.0016481477809561,0.0037031709216535
3,2,Graph-MLP (no scan),34,0.001840560375995,0.0033882509451359
3,2,Graph-MLP (no scan),35,0.0018739149496523,0.0038312973920255
3,2,Graph-MLP (no scan),36,0.0016522640750433,0.0033707718830555
3,2,Graph-MLP (no scan),37,0.0015758754523245,0.003404741641134
3,2,Graph-MLP (no scan),38,0.001588335017335,0.0034837184939533
3,2,Graph-MLP (no scan),39,0.0015957926622253,0.0036332998424768
3,2,GCP-Mamba (additive prior),0,0.0029550647807561,0.0015855893725529
3,2,GCP-Mamba (additive prior),1,0.0027946274741693,0.0015643645310774
3,2,GCP-Mamba (additive prior),2,0.0027698616984046,0.0015491051599383
3,2,GCP-Mamba (additive prior),3,0.0027528284470353,0.0015546871582046
3,2,GCP-Mamba (additive prior),4,0.0027409035317374,0.0015736013883724
3,2,GCP-Mamba (additive prior),5,0.0027125007014326,0.0015912419185042
3,2,GCP-Mamba (additive prior),6,0.0026880539971347,0.0016799244331195
3,2,GCP-Mamba (additive prior),7,0.0026620408470714,0.0016702578868716
3,2,GCP-Mamba (additive prior),8,0.0026499149001513,0.0017556279199197
3,2,GCP-Mamba (additive prior),9,0.0026643318759108,0.0018499614670872
3,2,GCP-Mamba (additive prior),10,0.0026743922058041,0.0017048941226676
3,2,GCP-Mamba (additive prior),11,0.0026330808671473,0.0018897694535553
3,2,GCP-Mamba (additive prior),12,0.0025523933229234,0.0018305246485397
3,2,GCP-Mamba (additive prior),13,0.0024916090205255,0.0019111057044938
3,2,GCP-Mamba (additive prior),14,0.0024725447451187,0.0019083252409473
3,2,GCP-Mamba (additive prior),15,0.0025146967258699,0.0019848626106977
3,2,GCP-Mamba (additive prior),16,0.0024251002028132,0.002110413974151
3,2,GCP-Mamba (additive prior),17,0.0023868185164632,0.0019948529079556
3,2,GCP-Mamba (additive prior),18,0.0023137268144637,0.0021302390377968
3,2,GCP-Mamba (additive prior),19,0.0023365060580104,0.0020495203789323
3,2,GCP-Mamba (additive prior),20,0.002254140337534,0.0021302751265466
3,2,GCP-Mamba (additive prior),21,0.0022051100421584,0.0023339667823165
3,2,GCP-Mamba (additive prior),22,0.0021631224857022,0.0020645214244723
3,2,GCP-Mamba (additive prior),23,0.0023859581049305,0.0029720796737819
3,2,GCP-Mamba (additive prior),24,0.0024835607777772,0.001983621623367
3,2,GCP-Mamba (additive prior),25,0.0021598340103854,0.0023944897111505
3,2,GCP-Mamba (additive prior),26,0.0020739775376789,0.0021419215481728
3,2,GCP-Mamba (additive prior),27,0.0020394612308309,0.0019679244142025
3,2,GCP-Mamba (additive prior),28,0.002036332981802,0.002404075814411
3,2,GCP-Mamba (additive prior),29,0.0019339806520182,0.0022988826967775
3,2,GCP-Mamba (additive prior),30,0.0018418658821081,0.0023639453575015
3,2,GCP-Mamba (additive prior),31,0.0019017270991973,0.002648000139743
3,2,GCP-Mamba (additive prior),32,0.0023405012978015,0.0021139879245311
3,2,GCP-Mamba (additive prior),33,0.002190805682348,0.0026825245004147
3,2,GCP-Mamba (additive prior),34,0.0019963116695483,0.002422776306048
3,2,GCP-Mamba (additive prior),35,0.0019245665400486,0.0023314126301556
3,2,GCP-Mamba (additive prior),36,0.0018498213418448,0.0028314869850873
3,2,GCP-Mamba (additive prior),37,0.0017388816781793,0.0021629962138831
3,2,GCP-Mamba (additive prior),38,0.0016700825583415,0.0028573567979037
3,2,GCP-Mamba (additive prior),39,0.0016377171198131,0.002132044872269
4,1,GCP-Mamba,0,0.0044591689981493,0.0036449509207159
4,1,GCP-Mamba,1,0.0041253394112258,0.0034916042350232
4,1,GCP-Mamba,2,0.0039402396701236,0.0030670014675706
4,1,GCP-Mamba,3,0.0036475239087083,0.0027778446674346
4,1,GCP-Mamba,4,0.0036008514584504,0.0027446635067462
4,1,GCP-Mamba,5,0.0033830140546473,0.0027618233580142
4,1,GCP-Mamba,6,0.0031176922514552,0.0025507588870823
4,1,GCP-Mamba,7,0.0029279063824269,0.0024914916139096
4,1,GCP-Mamba,8,0.0027359059907951,0.0024703429080545
4,1,GCP-Mamba,9,0.0025146854145237,0.0023407565895467
4,1,GCP-Mamba,10,0.0025464369590467,0.0027320850640535
4,1,GCP-Mamba,11,0.0027889921246163,0.002338352613151
4,1,GCP-Mamba,12,0.0026524074173787,0.0026630852371454
4,1,GCP-Mamba,13,0.0024049387568031,0.0023870957084
4,1,GCP-Mamba,14,0.0024100819631084,0.0023703845217823
4,1,GCP-Mamba,15,0.0023695747569042,0.0026134445797652
4,1,GCP-Mamba,16,0.0025248775633869,0.00325772841461
4,1,GCP-Mamba,17,0.0024668524098723,0.0022937315516173
4,1,GCP-Mamba,18,0.0021900173926578,0.0023538148961961
4,1,GCP-Mamba,19,0.0020508210161339,0.0022457395680248
4,1,GCP-Mamba,20,0.002224307403424,0.0023680380545556
4,1,GCP-Mamba,21,0.0022424938937769,0.0022774895187467
4,1,GCP-Mamba,22,0.002160385984713,0.0022553021553903
4,1,GCP-Mamba,23,0.002001995804532,0.0021771078463643
4,1,GCP-Mamba,24,0.0018574101381379,0.0020235874690115
4,1,GCP-Mamba,25,0.0018020806257887,0.0020581830758601
4,1,GCP-Mamba,26,0.0017771321920872,0.0020044357515871
4,1,GCP-Mamba,27,0.0017650690274782,0.0020928159356117
4,1,GCP-Mamba,28,0.0017646189055425,0.00198181765154
4,1,GCP-Mamba,29,0.0017816443624403,0.0021427681203931
4,1,GCP-Mamba,30,0.0018344431463964,0.0025001785252243
4,1,GCP-Mamba,31,0.0022417044814796,0.0020466507412493
4,1,GCP-Mamba,32,0.0019274955948734,0.0020450649317353
4,1,GCP-Mamba,33,0.0018203216336881,0.0023895467165857
4,1,GCP-Mamba,34,0.0017111762803677,0.002009492367506
4,1,GCP-Mamba,35,0.001604335766165,0.0021225099917501
4,1,GCP-Mamba,36,0.0015933395165735,0.0019020320614799
4,1,GCP-Mamba,37,0.0014909700475458,0.0020263118203729
4,1,GCP-Mamba,38,0.0015213251961462,0.0020499555394053
4,1,GCP-Mamba,39,0.0014990962850827,0.0019430281827226
4,1,GCP-Mamba,40,0.001474932178674,0.002013977849856
4,1,GCP-Mamba,41,0.001496133545293,0.0021009354386478
4,1,GCP-Mamba,42,0.001499202117498,0.0020379186607897
4,1,GCP-Mamba,43,0.0014644946744699,0.0020236824639141
4,1,GCP-Mamba,44,0.0014437753564792,0.0020305560901761
4,1,GCP-Mamba,45,0.0013830012423254,0.0020442265085875
4,1,GCP-Mamba,46,0.0013927639312975,0.0019582437817007
4,1,GCP-Mamba,47,0.0013994637838223,0.0022801978047937
4,1,GCP-Mamba,48,0.0014590226120496,0.0020822735968977
4,1,GCP-Mamba,49,0.0015240757317422,0.0019960608333349
4,1,GCP-Mamba,50,0.0014135311474929,0.0019737260881811
4,1,GCP-Mamba,51,0.0013903426885832,0.002189363585785
4,1,GCP-Mamba (perm. graph),0,0.0044550487433272,0.0036495176609605
4,1,GCP-Mamba (perm. graph),1,0.0041146134461859,0.0034709582105278
4,1,GCP-Mamba (perm. graph),2,0.0039319124176642,0.0030291362199932
4,1,GCP-Mamba (perm. graph),3,0.0036387009204452,0.0027662420179694
4,1,GCP-Mamba (perm. graph),4,0.0035604031860372,0.0027439943514764
4,1,GCP-Mamba (perm. graph),5,0.0033572246287044,0.0026906400453299
4,1,GCP-Mamba (perm. graph),6,0.0030764522443009,0.0025578108616173
4,1,GCP-Mamba (perm. graph),7,0.0029009906122822,0.0024020494893193
4,1,GCP-Mamba (perm. graph),8,0.0027243919560029,0.0025079939514398
4,1,GCP-Mamba (perm. graph),9,0.002525570326679,0.0023622871376574
4,1,GCP-Mamba (perm. graph),10,0.0026508695295201,0.0028404295444488
4,1,GCP-Mamba (perm. graph),11,0.002996531363724,0.0024787047877907
4,1,GCP-Mamba (perm. graph),12,0.0026322120952205,0.0022780031431466
4,1,GCP-Mamba (perm. graph),13,0.0023092753555384,0.002210492035374
4,1,GCP-Mamba (perm. graph),14,0.0021990066940273,0.0021282178349792
4,1,GCP-Mamba (perm. graph),15,0.0021410427866972,0.0022045662626624
4,1,GCP-Mamba (perm. graph),16,0.0021090488210856,0.0023893015459179
4,1,GCP-Mamba (perm. graph),17,0.0021394881362886,0.0022354968823492
4,1,GCP-Mamba (perm. graph),18,0.0022564040021233,0.002382464474067
4,1,GCP-Mamba (perm. graph),19,0.0022509061068082,0.0022026093211025
4,1,GCP-Mamba (perm. graph),20,0.0021598483636814,0.002283381531015
4,1,GCP-Mamba (perm. graph),21,0.0020200855889283,0.0020510575268417
4,1,GCP-Mamba (perm. graph),22,0.0019354924447365,0.002020705724135
4,1,GCP-Mamba (perm. graph),23,0.0018133667193808,0.002049732254818
4,1,GCP-Mamba (perm. graph),24,0.0017740456219896,0.0019735461100935
4,1,GCP-Mamba (perm. graph),25,0.0018489906688307,0.0020590133499354
4,1,GCP-Mamba (perm. graph),26,0.0018207140446124,0.0019687644671648
4,1,GCP-Mamba (perm. graph),27,0.001789933879585,0.0021223134826868
4,1,GCP-Mamba (perm. graph),28,0.0018594236257184,0.002088273409754
4,1,GCP-Mamba (perm. graph),29,0.0019800097412737,0.0021752528846263
4,1,GCP-Mamba (perm. graph),30,0.0020956426436791,0.003498775884509
4,1,GCP-Mamba (perm. graph),31,0.0027620342179878,0.002252775710076
4,1,GCP-Mamba (perm. graph),32,0.002114251212438,0.0021488261409103
4,1,GCP-Mamba (perm. graph),33,0.0018247234389661,0.0019388229120522
4,1,GCP-Mamba (perm. graph),34,0.0017051779541099,0.0019857594743371
4,1,GCP-Mamba (perm. graph),35,0.0016218197913907,0.0020296433940529
4,1,GCP-Mamba (perm. graph),36,0.0016437033233199,0.0018898610724136
4,1,GCP-Mamba (perm. graph),37,0.0015650668957022,0.0020049163140356
4,1,GCP-Mamba (perm. graph),38,0.0016086194563737,0.001994433812797
4,1,GCP-Mamba (perm. graph),39,0.0015818535056293,0.0019142312230542
4,1,GCP-Mamba (perm. graph),40,0.0014958822481642,0.0018958942964673
4,1,GCP-Mamba (perm. graph),41,0.0015308605825273,0.0020128211472183
4,1,GCP-Mamba (perm. graph),42,0.0016550549269124,0.0019531799480319
4,1,GCP-Mamba (perm. graph),43,0.0016775582113015,0.0020221045706421
4,1,GCP-Mamba (perm. graph),44,0.0015288721987803,0.001970786601305
4,1,GCP-Mamba (perm. graph),45,0.0014830194899423,0.002034094184637
4,1,GCP-Mamba (perm. graph),46,0.001436674901244,0.0018967015203088
4,1,GCP-Mamba (perm. graph),47,0.0014155185274719,0.0019498579204082
4,1,GCP-Mamba (perm. graph),48,0.0013865870976378,0.0019671698100864
4,1,GCP-Mamba (perm. graph),49,0.0014674593954139,0.001994650112465
4,1,GCP-Mamba (perm. graph),50,0.0014636042216296,0.0023080741520971
4,1,GCP-Mamba (perm. graph),51,0.0014773832664242,0.0020185611210763
4,1,Mamba (no graph),0,0.0043781534584386,0.0037729192990809
4,1,Mamba (no graph),1,0.0042091179572099,0.0035829844418913
4,1,Mamba (no graph),2,0.0040423703168873,0.0033056577667593
4,1,Mamba (no graph),3,0.0038780847333184,0.0030702757649123
4,1,Mamba (no graph),4,0.0035611029861749,0.0029911715537309
4,1,Mamba (no graph),5,0.0034919952498011,0.0026579326950013
4,1,Mamba (no graph),6,0.0031073789460678,0.0025790450163185
4,1,Mamba (no graph),7,0.0029550288860826,0.0025537388864904
4,1,Mamba (no graph),8,0.002699174948385,0.0025325417518615
4,1,Mamba (no graph),9,0.0027065817802715,0.0023756630253046
4,1,Mamba (no graph),10,0.0026142098145264,0.0033647455275058
4,1,Mamba (no graph),11,0.002824261764453,0.0025343047454953
4,1,Mamba (no graph),12,0.0025384173035058,0.0022576518822461
4,1,Mamba (no graph),13,0.0022309800214636,0.0021398337557911
4,1,Mamba (no graph),14,0.0021410558788146,0.0021440214477479
4,1,Mamba (no graph),15,0.0020478029882789,0.002039399696514
4,1,Mamba (no graph),16,0.0020264507063644,0.0020293113775551
4,1,Mamba (no graph),17,0.0019681368470392,0.0020545427687466
4,1,Mamba (no graph),18,0.0018897368790407,0.002047435613349
4,1,Mamba (no graph),19,0.0019047828366068,0.0021497483830899
4,1,Mamba (no graph),20,0.0021311861978803,0.0020810507703572
4,1,Mamba (no graph),21,0.0038439256596385,0.0027292659506201
4,1,Mamba (no graph),22,0.0027387807109701,0.0023857485502958
4,1,Mamba (no graph),23,0.0022956259622365,0.0022920812480151
4,1,Mamba (no graph),24,0.0020206333690812,0.0020559525582939
4,1,Mamba (no graph),25,0.0019083574327151,0.0020530389156192
4,1,Mamba (no graph),26,0.0018128215908173,0.0019371348898857
4,1,Mamba (no graph),27,0.001700276621155,0.0019707458559423
4,1,Mamba (no graph),28,0.0016590709724336,0.001924731885083
4,1,Mamba (no graph),29,0.0016398372667968,0.0018987263320013
4,1,Mamba (no graph),30,0.0016466807607534,0.0019475184381008
4,1,Mamba (no graph),31,0.0016151298295619,0.0018937614513561
4,1,Mamba (no graph),32,0.0015477334574642,0.0019200342940166
4,1,Mamba (no graph),33,0.0015477517924586,0.0018735720077529
4,1,Mamba (no graph),34,0.0014886378382647,0.0019616354256868
4,1,Mamba (no graph),35,0.0014799869595859,0.0019502164795994
4,1,Mamba (no graph),36,0.0015050749832147,0.0019386857748031
4,1,Mamba (no graph),37,0.0015570323021492,0.0021381138358265
4,1,Mamba (no graph),38,0.0015062920007144,0.0021887209732085
4,1,Mamba (no graph),39,0.0017648630108845,0.002233091276139
4,1,Mamba (no graph),40,0.0015877002026054,0.0020068639423698
4,1,Mamba (no graph),41,0.0014641993656493,0.0020012529566884
4,1,Mamba (no graph),42,0.0013857269048248,0.0020274326670914
4,1,Mamba (no graph),43,0.0014605792658068,0.0023113074712455
4,1,Mamba (no graph),44,0.0014731304078503,0.001913673011586
4,1,Mamba (no graph),45,0.0013738654356235,0.0018970211967825
4,1,Mamba (no graph),46,0.0014617062481991,0.0020058387890458
4,1,Mamba (no graph),47,0.0014252564149553,0.00194429513067
4,1,Mamba (no graph),48,0.0013570416293261,0.0019960100762546
4,1,Graph-MLP (no scan),0,0.0042411473650056,0.0036623501218855
4,1,Graph-MLP (no scan),1,0.0040954345428525,0.0034075442235916
4,1,Graph-MLP (no scan),2,0.0038809264145737,0.0030477032996714
4,1,Graph-MLP (no scan),3,0.0037095200742775,0.0028502917848527
4,1,Graph-MLP (no scan),4,0.0034167983522303,0.0026871501468122
4,1,Graph-MLP (no scan),5,0.00317172039461,0.0024728670250624
4,1,Graph-MLP (no scan),6,0.0029318369807769,0.0027447449974715
4,1,Graph-MLP (no scan),7,0.0029036660943341,0.0025788887869566
4,1,Graph-MLP (no scan),8,0.0028686017248605,0.0027004098519682
4,1,Graph-MLP (no scan),9,0.0029907322609328,0.0028168112039566
4,1,Graph-MLP (no scan),10,0.0029179625507953,0.0024495730176568
4,1,Graph-MLP (no scan),11,0.0026584905940744,0.0023557951208204
4,1,Graph-MLP (no scan),12,0.0025450650538927,0.0025876834988594
4,1,Graph-MLP (no scan),13,0.0023286584760531,0.0022119404748082
4,1,Graph-MLP (no scan),14,0.0022584742551548,0.0021022616419941
4,1,Graph-MLP (no scan),15,0.0022459734723695,0.0022123290691524
4,1,Graph-MLP (no scan),16,0.0024838464203953,0.0021815439686179
4,1,Graph-MLP (no scan),17,0.0023616145988055,0.0021548219956457
4,1,Graph-MLP (no scan),18,0.0022118998651238,0.0021611659321933
4,1,Graph-MLP (no scan),19,0.0020793198169001,0.0021367031149566
4,1,Graph-MLP (no scan),20,0.0020391008914649,0.0020401231013238
4,1,Graph-MLP (no scan),21,0.001925111620975,0.0020043205004185
4,1,Graph-MLP (no scan),22,0.0020055262700205,0.0021369843743741
4,1,Graph-MLP (no scan),23,0.0020614759200889,0.0021898592822253
4,1,Graph-MLP (no scan),24,0.00216574306774,0.0022924088407307
4,1,Graph-MLP (no scan),25,0.0022429148348302,0.0022408480290323
4,1,Graph-MLP (no scan),26,0.0021293461925799,0.0021118656732141
4,1,Graph-MLP (no scan),27,0.0019665271288333,0.0019815715495496
4,1,Graph-MLP (no scan),28,0.0019091764145041,0.0020290103275328
4,1,Graph-MLP (no scan),29,0.0019143181610115,0.0021310553420335
4,1,Graph-MLP (no scan),30,0.0018441436030037,0.002071124035865
4,1,Graph-MLP (no scan),31,0.0017439447981539,0.0019478561589494
4,1,Graph-MLP (no scan),32,0.0017474847694979,0.0020668229553848
4,1,Graph-MLP (no scan),33,0.0016757187847275,0.0019285038579255
4,1,Graph-MLP (no scan),34,0.0016060629750689,0.0019473190186545
4,1,Graph-MLP (no scan),35,0.0016211983739405,0.001999930711463
4,1,Graph-MLP (no scan),36,0.0019286382723961,0.0022651934996247
4,1,Graph-MLP (no scan),37,0.0019825507498098,0.0024908098857849
4,1,Graph-MLP (no scan),38,0.0018841800306715,0.002088766079396
4,1,Graph-MLP (no scan),39,0.0018199684329518,0.0022929068654775
4,1,Graph-MLP (no scan),40,0.0019438000766078,0.0021108319051563
4,1,Graph-MLP (no scan),41,0.00169989109046,0.0021057859994471
4,1,Graph-MLP (no scan),42,0.0015870730883421,0.0019467320526018
4,1,Graph-MLP (no scan),43,0.0014969873846769,0.0019590524025261
4,1,Graph-MLP (no scan),44,0.0014936498386396,0.001942929928191
4,1,Graph-MLP (no scan),45,0.0016082453193049,0.0019980983342975
4,1,Graph-MLP (no scan),46,0.0015634071272831,0.002002120250836
4,1,Graph-MLP (no scan),47,0.0015369427420547,0.0020556792151182
4,1,Graph-MLP (no scan),48,0.0017471193543655,0.0019472267013043
4,1,GCP-Mamba (additive prior),0,0.0029614586064846,0.0018771765753626
4,1,GCP-Mamba (additive prior),1,0.0028845364489197,0.0018555122660472
4,1,GCP-Mamba (additive prior),2,0.002789842984103,0.0018413972575217
4,1,GCP-Mamba (additive prior),3,0.0027641324316345,0.0018538342555984
4,1,GCP-Mamba (additive prior),4,0.0027409254007121,0.001842453610152
4,1,GCP-Mamba (additive prior),5,0.0027031810960913,0.0018571454565972
4,1,GCP-Mamba (additive prior),6,0.0026845595072418,0.0018782549304887
4,1,GCP-Mamba (additive prior),7,0.0026507801744792,0.0019021268235519
4,1,GCP-Mamba (additive prior),8,0.0026162613129658,0.0020202302839607
4,1,GCP-Mamba (additive prior),9,0.0025981110018148,0.0019631655886769
4,1,GCP-Mamba (additive prior),10,0.0026044549576254,0.0020069896709173
4,1,GCP-Mamba (additive prior),11,0.0025727833862409,0.0020341349299997
4,1,GCP-Mamba (additive prior),12,0.0025453615536672,0.0021069864742457
4,1,GCP-Mamba (additive prior),13,0.0025363987874534,0.0020342417992651
4,1,GCP-Mamba (additive prior),14,0.0025043347297678,0.0021108190994709
4,1,GCP-Mamba (additive prior),15,0.0025004028960754,0.0020801776554435
4,1,GCP-Mamba (additive prior),16,0.0024512842860367,0.0020733149722218
4,1,GCP-Mamba (additive prior),17,0.002431342927672,0.0020303628407418
4,1,GCP-Mamba (additive prior),18,0.0024256297862894,0.0021223158109933
4,1,GCP-Mamba (additive prior),19,0.0024299610225255,0.0021210752893239
4,1,GCP-Mamba (additive prior),20,0.0024175161793962,0.0022895478177815
4,1,GCP-Mamba (additive prior),21,0.0023615823442236,0.0020999468397349
4,1,GCP-Mamba (additive prior),22,0.0022464859326162,0.0022476417943835
4,1,GCP-Mamba (additive prior),23,0.002342135598548,0.0022703304421156
4,1,GCP-Mamba (additive prior),24,0.0025081777218193,0.0021194950677454
4,1,GCP-Mamba (additive prior),25,0.0024012510761913,0.0021751674357801
4,1,GCP-Mamba (additive prior),26,0.0022076998884193,0.0020886799320578
4,1,GCP-Mamba (additive prior),27,0.0021031670081395,0.0022159714717417
4,1,GCP-Mamba (additive prior),28,0.0020294136128207,0.0022564730606973
4,1,GCP-Mamba (additive prior),29,0.0019509291641494,0.0023600973654538
4,1,GCP-Mamba (additive prior),30,0.0020559812098634,0.0019485491793602
4,1,GCP-Mamba (additive prior),31,0.0021465422142558,0.0021299908403307
4,1,GCP-Mamba (additive prior),32,0.002160763410724,0.0023247019853442
4,1,GCP-Mamba (additive prior),33,0.0019411117310816,0.0020921803079545
4,1,GCP-Mamba (additive prior),34,0.001964979300865,0.0022817372810095
4,1,GCP-Mamba (additive prior),35,0.0018465870006425,0.0024932469241321
4,1,GCP-Mamba (additive prior),36,0.0019005483297778,0.002171765314415
4,1,GCP-Mamba (additive prior),37,0.0017734775453698,0.0030594558920711
4,1,GCP-Mamba (additive prior),38,0.0017554311587629,0.0026243620086461
4,1,GCP-Mamba (additive prior),39,0.0017972931600001,0.002602073829621
4,2,GCP-Mamba,0,0.0044523747018102,0.0036735122557729
4,2,GCP-Mamba,1,0.0041456035063635,0.0034448667429387
4,2,GCP-Mamba,2,0.0039548996129079,0.0031098267063498
4,2,GCP-Mamba,3,0.0036855730908192,0.0031981035135686
4,2,GCP-Mamba,4,0.003514216051993,0.0028419126756489
4,2,GCP-Mamba,5,0.0032284105340648,0.0027605320792645
4,2,GCP-Mamba,6,0.0031094796303994,0.0025170117150992
4,2,GCP-Mamba,7,0.0028781363298352,0.0026070971507579
4,2,GCP-Mamba,8,0.0031674658350324,0.0026560828555375
4,2,GCP-Mamba,9,0.0028468748812543,0.0026529256720095
4,2,GCP-Mamba,10,0.0026445217856051,0.0023854556493461
4,2,GCP-Mamba,11,0.0025400321129977,0.0026067893486469
4,2,GCP-Mamba,12,0.0024553127771096,0.0024708330165594
4,2,GCP-Mamba,13,0.002368555658852,0.0025179113727062
4,2,GCP-Mamba,14,0.0022718272985984,0.0025591871235519
4,2,GCP-Mamba,15,0.002416898622077,0.0023064855486154
4,2,GCP-Mamba,16,0.0022911873801859,0.0022874358110129
4,2,GCP-Mamba,17,0.0021990570423977,0.0022024717181921
4,2,GCP-Mamba,18,0.0021066482667978,0.0021347838919609
4,2,GCP-Mamba,19,0.0021384144553633,0.0028251819312572
4,2,GCP-Mamba,20,0.0026637175716727,0.0023715761490166
4,2,GCP-Mamba,21,0.0022559459911652,0.0021793839987367
4,2,GCP-Mamba,22,0.0020156277815992,0.0021919757127761
4,2,GCP-Mamba,23,0.0020362034929152,0.0020939959213137
4,2,GCP-Mamba,24,0.0018797118665663,0.0020491061732172
4,2,GCP-Mamba,25,0.0019069395326211,0.0021962141618132
4,2,GCP-Mamba,26,0.0018991507479264,0.002127701183781
4,2,GCP-Mamba,27,0.0018044998366787,0.0020055717322975
4,2,GCP-Mamba,28,0.0017785079033522,0.0020735042635351
4,2,GCP-Mamba,29,0.0017352096481824,0.0020646415650844
4,2,GCP-Mamba,30,0.0016912179848299,0.0021478629205375
4,2,GCP-Mamba,31,0.0016921008576927,0.0020920170936733
4,2,GCP-Mamba,32,0.0016751792193926,0.0022419621236622
4,2,GCP-Mamba,33,0.0017284133702704,0.0023731519468128
4,2,GCP-Mamba,34,0.0017314454709789,0.0025167730636894
4,2,GCP-Mamba,35,0.0024270746897128,0.0021848734468221
4,2,GCP-Mamba,36,0.001943595191504,0.0022443404886871
4,2,GCP-Mamba,37,0.0017925863248034,0.0021561202593147
4,2,GCP-Mamba,38,0.0015985234841543,0.0020484754350036
4,2,GCP-Mamba,39,0.0016258878335222,0.0020214784890413
4,2,GCP-Mamba,40,0.0015753643447365,0.002005981048569
4,2,GCP-Mamba,41,0.001531432893231,0.0024886385072022
4,2,GCP-Mamba,42,0.001515782044584,0.0021016490645706
4,2,GCP-Mamba (perm. graph),0,0.0044525792527434,0.0036591903772205
4,2,GCP-Mamba (perm. graph),1,0.0041413309116238,0.0034111673012375
4,2,GCP-Mamba (perm. graph),2,0.0039432414517597,0.0030888968612998
4,2,GCP-Mamba (perm. graph),3,0.0036760680343982,0.0031986238900572
4,2,GCP-Mamba (perm. graph),4,0.0035225051327896,0.0028940704651176
4,2,GCP-Mamba (perm. graph),5,0.0032290760578467,0.0027339714579284
4,2,GCP-Mamba (perm. graph),6,0.0031337536672103,0.0024987892247736
4,2,GCP-Mamba (perm. graph),7,0.0028369807229518,0.0025153502356261
4,2,GCP-Mamba (perm. graph),8,0.0030581087959434,0.0027863208670169
4,2,GCP-Mamba (perm. graph),9,0.0027809824255167,0.0024624746292829
4,2,GCP-Mamba (perm. graph),10,0.0025457790566996,0.0024306692648679
4,2,GCP-Mamba (perm. graph),11,0.002499514861575,0.0022896532900631
4,2,GCP-Mamba (perm. graph),12,0.002393917066695,0.0024124353658407
4,2,GCP-Mamba (perm. graph),13,0.0024507146533042,0.0023933011107146
4,2,GCP-Mamba (perm. graph),14,0.002447533570297,0.0028073359280824
4,2,GCP-Mamba (perm. graph),15,0.0026550173906864,0.0022477637976408
4,2,GCP-Mamba (perm. graph),16,0.0021462947559013,0.0021747546270489
4,2,GCP-Mamba (perm. graph),17,0.00205754970197,0.0021936069242656
4,2,GCP-Mamba (perm. graph),18,0.0019597384773811,0.0021095303818583
4,2,GCP-Mamba (perm. graph),19,0.0019381208849481,0.0021183060016483
4,2,GCP-Mamba (perm. graph),20,0.0018891876952039,0.0020480970852077
4,2,GCP-Mamba (perm. graph),21,0.0018497334354349,0.0023066352587193
4,2,GCP-Mamba (perm. graph),22,0.0022726099722073,0.0022474192082881
4,2,GCP-Mamba (perm. graph),23,0.0021917762991925,0.0022194536868482
4,2,GCP-Mamba (perm. graph),24,0.0019812761712149,0.0021392561029642
4,2,GCP-Mamba (perm. graph),25,0.0018741548138422,0.0021522380411624
4,2,GCP-Mamba (perm. graph),26,0.0018172303177818,0.0021420293487608
4,2,GCP-Mamba (perm. graph),27,0.0017424386091825,0.002010537777096
4,2,GCP-Mamba (perm. graph),28,0.0017464866312287,0.0021088602952659
4,2,GCP-Mamba (perm. graph),29,0.0016926410457239,0.0020456931088119
4,2,GCP-Mamba (perm. graph),30,0.0016840533060256,0.0021392935886979
4,2,GCP-Mamba (perm. graph),31,0.0016680717126553,0.0020801024511456
4,2,GCP-Mamba (perm. graph),32,0.0018853380381658,0.0023941458202898
4,2,GCP-Mamba (perm. graph),33,0.0019133334515428,0.0025127509143203
4,2,GCP-Mamba (perm. graph),34,0.0018803306550403,0.0022697411477565
4,2,GCP-Mamba (perm. graph),35,0.0017878950050891,0.0021456503309309
4,2,GCP-Mamba (perm. graph),36,0.0015853431675475,0.0020706830546259
4,2,GCP-Mamba (perm. graph),37,0.0015040699295404,0.0019362348830327
4,2,GCP-Mamba (perm. graph),38,0.0014941130493425,0.0020218377467244
4,2,GCP-Mamba (perm. graph),39,0.0017816719026204,0.0023476912174373
4,2,GCP-Mamba (perm. graph),40,0.0019907997322282,0.0021562094334512
4,2,GCP-Mamba (perm. graph),41,0.0017397965341404,0.0021318749058991
4,2,GCP-Mamba (perm. graph),42,0.0016232496140049,0.0021004881709814
4,2,GCP-Mamba (perm. graph),43,0.0015530677683142,0.0020443855319172
4,2,GCP-Mamba (perm. graph),44,0.0014837152398318,0.0019783452153205
4,2,GCP-Mamba (perm. graph),45,0.0013918131924897,0.0020384523086249
4,2,GCP-Mamba (perm. graph),46,0.0014513342066755,0.0019543052185326
4,2,GCP-Mamba (perm. graph),47,0.0013684814535382,0.0019715104717761
4,2,GCP-Mamba (perm. graph),48,0.0013880227163112,0.0019934796728193
4,2,GCP-Mamba (perm. graph),49,0.0013674717252444,0.0019290474010631
4,2,GCP-Mamba (perm. graph),50,0.0012979237789877,0.0020030119922012
4,2,GCP-Mamba (perm. graph),51,0.0012977600303686,0.0020357596222311
4,2,GCP-Mamba (perm. graph),52,0.0012674461849194,0.001884258002974
4,2,GCP-Mamba (perm. graph),53,0.0012307840327417,0.0019552002195268
4,2,GCP-Mamba (perm. graph),54,0.0013063408755998,0.0020211844239383
4,2,GCP-Mamba (perm. graph),55,0.0013654114211165,0.0019483828218653
4,2,GCP-Mamba (perm. graph),56,0.0013544673255892,0.0020996069069951
4,2,GCP-Mamba (perm. graph),57,0.0014528111661884,0.0022555091418325
4,2,GCP-Mamba (perm. graph),58,0.0013732239536994,0.0019750061910599
4,2,GCP-Mamba (perm. graph),59,0.0013198258854421,0.0021995834540575
4,2,GCP-Mamba (perm. graph),60,0.0013423099512529,0.0021842699497938
4,2,GCP-Mamba (perm. graph),61,0.0013226322652169,0.0020057070069015
4,2,GCP-Mamba (perm. graph),62,0.0011904818406194,0.0019923476502299
4,2,GCP-Mamba (perm. graph),63,0.0012812602456002,0.0019759978167712
4,2,GCP-Mamba (perm. graph),64,0.0012172655539131,0.001983833964914
4,2,GCP-Mamba (perm. graph),65,0.0012004875750515,0.0019511199789121
4,2,GCP-Mamba (perm. graph),66,0.0011489116226611,0.0020569874905049
4,2,GCP-Mamba (perm. graph),67,0.0011136137006013,0.0019433249253779
4,2,Mamba (no graph),0,0.0042345990735045,0.0035753957927227
4,2,Mamba (no graph),1,0.0041261607891605,0.0034781589638441
4,2,Mamba (no graph),2,0.0039451500399225,0.0033316009212285
4,2,Mamba (no graph),3,0.0036913621936181,0.0028843865729868
4,2,Mamba (no graph),4,0.0034438314170931,0.0028849195223301
4,2,Mamba (no graph),5,0.0032042283430802,0.0026804790832102
4,2,Mamba (no graph),6,0.0030663958281653,0.0028497783932834
4,2,Mamba (no graph),7,0.0031346849018453,0.0030219610780477
4,2,Mamba (no graph),8,0.0030278084278709,0.0024489101488143
4,2,Mamba (no graph),9,0.0026486116350903,0.0022695097140967
4,2,Mamba (no graph),10,0.0024585389371344,0.0023224912583827
4,2,Mamba (no graph),11,0.0022349555058766,0.0021847207099199
4,2,Mamba (no graph),12,0.002223565717221,0.0022442271001636
4,2,Mamba (no graph),13,0.0022414940704169,0.0022065895609557
4,2,Mamba (no graph),14,0.0023113000173148,0.0021092935930937
4,2,Mamba (no graph),15,0.0020807115813355,0.002168716629967
4,2,Mamba (no graph),16,0.0019644688305666,0.0021129217930138
4,2,Mamba (no graph),17,0.0018839498650175,0.0020618096459656
4,2,Mamba (no graph),18,0.0018744956016902,0.0020405298564583
4,2,Mamba (no graph),19,0.0019363852070389,0.0021002979483455
4,2,Mamba (no graph),20,0.0020913524308623,0.0020841346122324
4,2,Mamba (no graph),21,0.0018794330141821,0.0020669016521424
4,2,Mamba (no graph),22,0.0017592144766554,0.0019715228118002
4,2,Mamba (no graph),23,0.0018049673823867,0.0021243542432785
4,2,Mamba (no graph),24,0.0017914661782518,0.0020072984043508
4,2,Mamba (no graph),25,0.0017965216852938,0.002090060384944
4,2,Mamba (no graph),26,0.0017852879677088,0.002011971315369
4,2,Mamba (no graph),27,0.0016322559115925,0.0019621704705059
4,2,Mamba (no graph),28,0.0015287556904937,0.0019697544630616
4,2,Mamba (no graph),29,0.0014850929406263,0.0018844797741621
4,2,Mamba (no graph),30,0.0015066587081406,0.0020387065596878
4,2,Mamba (no graph),31,0.0015484852768252,0.0019710573833435
4,2,Mamba (no graph),32,0.0015361869007117,0.0019141262164339
4,2,Mamba (no graph),33,0.0014218913203627,0.0020702728070318
4,2,Mamba (no graph),34,0.0014575747069534,0.0020835020113736
4,2,Mamba (no graph),35,0.0015888211586204,0.0018712052842602
4,2,Mamba (no graph),36,0.0015939885847565,0.0019427458755671
4,2,Mamba (no graph),37,0.0017129864866959,0.002140934811905
4,2,Mamba (no graph),38,0.0016590171634293,0.0024425669107586
4,2,Mamba (no graph),39,0.0015934808179736,0.0020006380509585
4,2,Mamba (no graph),40,0.0013992098392918,0.0018667372642084
4,2,Mamba (no graph),41,0.0013341520202728,0.0019162726821377
4,2,Mamba (no graph),42,0.0013505193394803,0.0019507977413013
4,2,Mamba (no graph),43,0.0013541154715855,0.002016793237999
4,2,Mamba (no graph),44,0.0012703416400032,0.0020251809619367
4,2,Mamba (no graph),45,0.0012787673111482,0.0019593113102018
4,2,Mamba (no graph),46,0.0012342979186784,0.002096849726513
4,2,Mamba (no graph),47,0.0012653333029421,0.0020521089900285
4,2,Mamba (no graph),48,0.001260165244897,0.001969724195078
4,2,Mamba (no graph),49,0.0013211318844487,0.0018843918805941
4,2,Mamba (no graph),50,0.0012322188080321,0.0018642141949385
4,2,Mamba (no graph),51,0.0012055981222526,0.0019324632594361
4,2,Mamba (no graph),52,0.0012139526498168,0.001847079838626
4,2,Mamba (no graph),53,0.0011423551846,0.0019105251412838
4,2,Mamba (no graph),54,0.0012367576722511,0.0018855154048651
4,2,Mamba (no graph),55,0.0011806203698967,0.0018817954696714
4,2,Mamba (no graph),56,0.0011955141906438,0.0018205114174634
4,2,Mamba (no graph),57,0.0011349054800493,0.0019175066845491
4,2,Mamba (no graph),58,0.0012004014930399,0.0018508575158193
4,2,Mamba (no graph),59,0.0013477274220061,0.0020222708117216
4,2,Mamba (no graph),60,0.0013161111688375,0.0018445623572915
4,2,Mamba (no graph),61,0.0011404721655132,0.0018700881628319
4,2,Mamba (no graph),62,0.0011137496209334,0.0018844358855858
4,2,Mamba (no graph),63,0.0010763952071383,0.0017479164525866
4,2,Mamba (no graph),64,0.0010266239007787,0.0017748331883922
4,2,Mamba (no graph),65,0.0010069327779857,0.0017776895547285
4,2,Mamba (no graph),66,0.0009967989887935,0.0017845296533778
4,2,Mamba (no graph),67,0.0009984370135105,0.0017263524932786
4,2,Mamba (no graph),68,0.0010567951759846,0.0018222102662548
4,2,Mamba (no graph),69,0.0010358553996189,0.0017903401749208
4,2,Mamba (no graph),70,0.0012020118280796,0.0019540269859135
4,2,Mamba (no graph),71,0.0011268925255084,0.0020265958737581
4,2,Mamba (no graph),72,0.0010986201383052,0.0019532567821443
4,2,Mamba (no graph),73,0.0012892315950639,0.0020571916829794
4,2,Mamba (no graph),74,0.0013613060557303,0.0018666960531845
4,2,Mamba (no graph),75,0.0017701923828773,0.0018450348870828
4,2,Mamba (no graph),76,0.0014436440358085,0.0018576249713078
4,2,Mamba (no graph),77,0.0010526886296947,0.0017624403117224
4,2,Mamba (no graph),78,0.0009504149688019,0.0017289725365117
4,2,Mamba (no graph),79,0.0008854986362748,0.0016985076945275
4,2,Mamba (no graph),80,0.0008750672455501,0.0017375712050125
4,2,Mamba (no graph),81,0.0008778171869256,0.0016923487419262
4,2,Mamba (no graph),82,0.0008633469115011,0.0016481747152283
4,2,Mamba (no graph),83,0.0008695149135092,0.0016134794568642
4,2,Mamba (no graph),84,0.0008787970777212,0.0017148305196315
4,2,Mamba (no graph),85,0.0008514496404007,0.0016891764244064
4,2,Mamba (no graph),86,0.0008683695349835,0.0017521915724501
4,2,Mamba (no graph),87,0.0009006195602831,0.0017750058323144
4,2,Mamba (no graph),88,0.0010717628790038,0.0018621978815644
4,2,Mamba (no graph),89,0.0009590680225209,0.0017150657949969
4,2,Mamba (no graph),90,0.0009633986272668,0.0016596686327829
4,2,Mamba (no graph),91,0.0009439463954144,0.0016709709307178
4,2,Mamba (no graph),92,0.0008816752746523,0.0018252910813316
4,2,Mamba (no graph),93,0.0009772996744811,0.0016870972467586
4,2,Mamba (no graph),94,0.0010830135752192,0.0020481580868363
4,2,Mamba (no graph),95,0.0009949635278781,0.0018368870951235
4,2,Mamba (no graph),96,0.0009640181787218,0.001800830475986
4,2,Mamba (no graph),97,0.0008597504783073,0.0017451932653784
4,2,Mamba (no graph),98,0.0011407733725705,0.0018560257740318
4,2,Graph-MLP (no scan),0,0.0042152220731694,0.0035845469683408
4,2,Graph-MLP (no scan),1,0.0039620861794678,0.0033226129598915
4,2,Graph-MLP (no scan),2,0.0038602525710041,0.0031593788880854
4,2,Graph-MLP (no scan),3,0.0036097566049425,0.0030298894271254
4,2,Graph-MLP (no scan),4,0.003392732057305,0.0027454160153865
4,2,Graph-MLP (no scan),5,0.0031204480893923,0.0029600171837955
4,2,Graph-MLP (no scan),6,0.0030504657448061,0.0025237500667572
4,2,Graph-MLP (no scan),7,0.0028393316482991,0.0028174025937914
4,2,Graph-MLP (no scan),8,0.0027986848324858,0.0028918706811964
4,2,Graph-MLP (no scan),9,0.0027389454005433,0.0022681877017021
4,2,Graph-MLP (no scan),10,0.0029483648878019,0.0030754008330404
4,2,Graph-MLP (no scan),11,0.0030137403891589,0.0025245554279536
4,2,Graph-MLP (no scan),12,0.0027603134713906,0.0024350301828235
4,2,Graph-MLP (no scan),13,0.0025034424875655,0.0023775461595505
4,2,Graph-MLP (no scan),14,0.0026807814942029,0.0027121994644403
4,2,Graph-MLP (no scan),15,0.0025562360889459,0.0023570575285702
4,2,Graph-MLP (no scan),16,0.0022024685423151,0.0023704716004431
4,2,Graph-MLP (no scan),17,0.0022605458205807,0.0023727712687104
4,2,Graph-MLP (no scan),18,0.0025147095610715,0.0022696626838296
4,2,Graph-MLP (no scan),19,0.0023083241133809,0.002163223689422
4,2,Graph-MLP (no scan),20,0.0021085395450911,0.0021333585027605
4,2,Graph-MLP (no scan),21,0.0020266465567179,0.0021122840698808
4,2,Graph-MLP (no scan),22,0.0019313678121958,0.0020849031861871
4,2,Graph-MLP (no scan),23,0.0018945396057055,0.0021609677933156
4,2,Graph-MLP (no scan),24,0.001946012672077,0.0024792207404971
4,2,Graph-MLP (no scan),25,0.0024124949838858,0.0024171185214072
4,2,Graph-MLP (no scan),26,0.0020520498342946,0.0021891731303185
4,2,Graph-MLP (no scan),27,0.0022285835727004,0.0024275733157992
4,2,Graph-MLP (no scan),28,0.0020920006062487,0.0021587745286524
4,2,Graph-MLP (no scan),29,0.0019932360532392,0.0020663521718233
4,2,Graph-MLP (no scan),30,0.0019845818638426,0.0021056446712464
4,2,Graph-MLP (no scan),31,0.001903788259474,0.0024861637502908
4,2,Graph-MLP (no scan),32,0.0020513699897531,0.0021622914355248
4,2,Graph-MLP (no scan),33,0.0019631655702514,0.0021724323742091
4,2,Graph-MLP (no scan),34,0.0017990233098565,0.0020731247495859
4,2,Graph-MLP (no scan),35,0.0017095095638802,0.0020645316690206
4,2,Graph-MLP (no scan),36,0.0017442523548714,0.0021157718729227
4,2,Graph-MLP (no scan),37,0.0016705709821109,0.0021258012857288
4,2,Graph-MLP (no scan),38,0.0017670961180634,0.0023426678963005
4,2,Graph-MLP (no scan),39,0.0018682381474888,0.0025031641125679
4,2,Graph-MLP (no scan),40,0.0019920086613755,0.002407063730061
4,2,Graph-MLP (no scan),41,0.0019143112966951,0.0021344472188502
4,2,Graph-MLP (no scan),42,0.0019839401951515,0.0023274379782378
4,2,Graph-MLP (no scan),43,0.0018825245269058,0.0026149884797632
4,2,Graph-MLP (no scan),44,0.0018909454936992,0.0024989915546029
4,2,Graph-MLP (no scan),45,0.0016954740318436,0.0023778050672262
4,2,Graph-MLP (no scan),46,0.0016427241213847,0.0021611920092254
4,2,Graph-MLP (no scan),47,0.0015059945461668,0.002077367156744
4,2,Graph-MLP (no scan),48,0.0014768946034793,0.0019713691435754
4,2,Graph-MLP (no scan),49,0.0014435679609083,0.0019904656801372
4,2,Graph-MLP (no scan),50,0.0014807327982145,0.0020317581947892
4,2,Graph-MLP (no scan),51,0.001607001620921,0.0026307865045964
4,2,Graph-MLP (no scan),52,0.001711167525768,0.0022400044836103
4,2,Graph-MLP (no scan),53,0.0017487228296951,0.0022006623912602
4,2,Graph-MLP (no scan),54,0.0015868428699243,0.0020985812880098
4,2,Graph-MLP (no scan),55,0.0016145782893617,0.0020463983528316
4,2,Graph-MLP (no scan),56,0.0014730821465805,0.0020295425783842
4,2,Graph-MLP (no scan),57,0.001421483111293,0.0020461089443415
4,2,Graph-MLP (no scan),58,0.001451130427936,0.0020987270399928
4,2,Graph-MLP (no scan),59,0.0014561258026954,0.0019345360342413
4,2,Graph-MLP (no scan),60,0.0014262503823734,0.0020880112424492
4,2,Graph-MLP (no scan),61,0.0014007374528701,0.0020295914728194
4,2,Graph-MLP (no scan),62,0.0013936044541087,0.0020959039684385
4,2,Graph-MLP (no scan),63,0.0013582676384437,0.0020385629031807
4,2,Graph-MLP (no scan),64,0.0013910645506807,0.0021633363794535
4,2,Graph-MLP (no scan),65,0.0013253677430354,0.0021316851489245
4,2,Graph-MLP (no scan),66,0.0013186559541713,0.0020081684924662
4,2,Graph-MLP (no scan),67,0.0013085787717199,0.0020072208717465
4,2,Graph-MLP (no scan),68,0.0013386277496988,0.002092748414725
4,2,Graph-MLP (no scan),69,0.0014432112388178,0.0020921183750033
4,2,Graph-MLP (no scan),70,0.0016464772265699,0.0021245798561722
4,2,Graph-MLP (no scan),71,0.0015495741043052,0.0023250833619385
4,2,Graph-MLP (no scan),72,0.0014349490013844,0.0019152080640196
4,2,Graph-MLP (no scan),73,0.0013732493640653,0.0020719752646982
4,2,Graph-MLP (no scan),74,0.0014448765884723,0.0020182472653687
4,2,Graph-MLP (no scan),75,0.0014099123076998,0.0022059241309762
4,2,Graph-MLP (no scan),76,0.0015235759314524,0.0019484544172883
4,2,Graph-MLP (no scan),77,0.0013629932696897,0.0020195385441184
4,2,Graph-MLP (no scan),78,0.0012843629341947,0.0021449301857501
4,2,Graph-MLP (no scan),79,0.0012409489366507,0.0020482493564486
4,2,Graph-MLP (no scan),80,0.0011900474406148,0.0020737510640174
4,2,Graph-MLP (no scan),81,0.0012096963268403,0.0020202274899929
4,2,Graph-MLP (no scan),82,0.0011836156502814,0.0021273421589285
4,2,Graph-MLP (no scan),83,0.00118161517316,0.0020632157102227
4,2,Graph-MLP (no scan),84,0.0012168989871903,0.0021038812119513
4,2,Graph-MLP (no scan),85,0.0011941176527615,0.0020509746391326
4,2,Graph-MLP (no scan),86,0.0013797577870875,0.001988013042137
4,2,Graph-MLP (no scan),87,0.0013793385051619,0.0022671211045235
4,2,GCP-Mamba (additive prior),0,0.003066662714897,0.0018927620258182
4,2,GCP-Mamba (additive prior),1,0.0028112277551051,0.0020426309201866
4,2,GCP-Mamba (additive prior),2,0.0028429976781736,0.0018648194381967
4,2,GCP-Mamba (additive prior),3,0.0027817493093555,0.0018559395102784
4,2,GCP-Mamba (additive prior),4,0.0027571687434645,0.0018503125756978
4,2,GCP-Mamba (additive prior),5,0.0027417154269118,0.0018626012606546
4,2,GCP-Mamba (additive prior),6,0.0027421092658082,0.0018515005940571
4,2,GCP-Mamba (additive prior),7,0.002707988070659,0.001926748547703
4,2,GCP-Mamba (additive prior),8,0.0026887598139294,0.0019091007998213
4,2,GCP-Mamba (additive prior),9,0.0026195804544945,0.0020524682477116
4,2,GCP-Mamba (additive prior),10,0.0026163233296691,0.0018647596007212
4,2,GCP-Mamba (additive prior),11,0.0025897030484118,0.0019232537597417
4,2,GCP-Mamba (additive prior),12,0.0025244261977336,0.0019866554066538
4,2,GCP-Mamba (additive prior),13,0.002556282671825,0.0022457505110651
4,2,GCP-Mamba (additive prior),14,0.0025777238045933,0.0019745982717722
4,2,GCP-Mamba (additive prior),15,0.002472968123813,0.0018869243795052
4,2,GCP-Mamba (additive prior),16,0.0024457243681556,0.0019944466184824
4,2,GCP-Mamba (additive prior),17,0.0024392772784202,0.0020659421570599
4,2,GCP-Mamba (additive prior),18,0.0024096401837125,0.0021115539129823
4,2,GCP-Mamba (additive prior),19,0.0024056587671432,0.0020692844409495
4,2,GCP-Mamba (additive prior),20,0.0024294762980199,0.0019683288410305
4,2,GCP-Mamba (additive prior),21,0.0024716977294695,0.0021024495363235
4,2,GCP-Mamba (additive prior),22,0.002413920525515,0.002339904429391
4,2,GCP-Mamba (additive prior),23,0.0023986167699875,0.0020775145385414
4,2,GCP-Mamba (additive prior),24,0.0022566106033062,0.0020255448762327
4,2,GCP-Mamba (additive prior),25,0.0022236367389425,0.0023083507549017
4,2,GCP-Mamba (additive prior),26,0.0020264187650152,0.0021587719675153
4,2,GCP-Mamba (additive prior),27,0.0019681321393376,0.0025654355995357
4,2,GCP-Mamba (additive prior),28,0.0020046656341593,0.0021814641077071
4,2,GCP-Mamba (additive prior),29,0.0022378463512487,0.0022927953395992
4,2,GCP-Mamba (additive prior),30,0.0022273306071543,0.0020339284092187
4,2,GCP-Mamba (additive prior),31,0.0020718147221068,0.0021626115776598
4,2,GCP-Mamba (additive prior),32,0.0020469339127257,0.0023058475926518
4,2,GCP-Mamba (additive prior),33,0.0019015660936602,0.0032815502490848
4,2,GCP-Mamba (additive prior),34,0.0018094619568571,0.0022805868647992
4,2,GCP-Mamba (additive prior),35,0.0018530479689269,0.0023049870505928
4,2,GCP-Mamba (additive prior),36,0.0017742398546727,0.0026655544061213
4,2,GCP-Mamba (additive prior),37,0.0017484904814632,0.0024848578032106
4,2,GCP-Mamba (additive prior),38,0.0016604737201102,0.0027738437056541
4,2,GCP-Mamba (additive prior),39,0.0017226351192221,0.0026803377550095
5,1,GCP-Mamba,0,0.002872296816741,0.0040988614782691
5,1,GCP-Mamba,1,0.002770818870228,0.0037743051070719
5,1,GCP-Mamba,2,0.0027219363810637,0.003716719103977
5,1,GCP-Mamba,3,0.0025950242013025,0.0036532517988234
5,1,GCP-Mamba,4,0.0024701942582256,0.0035689340438693
5,1,GCP-Mamba,5,0.0023702721612957,0.0037176720798015
5,1,GCP-Mamba,6,0.0023200378717424,0.0035768274683505
5,1,GCP-Mamba,7,0.0022301313879254,0.0037352535873651
5,1,GCP-Mamba,8,0.0020791831229311,0.0039484174922108
5,1,GCP-Mamba,9,0.0020933026877733,0.0038907076232135
5,1,GCP-Mamba,10,0.0021129056471041,0.0038486674893647
5,1,GCP-Mamba,11,0.0019558848114684,0.0037081663031131
5,1,GCP-Mamba,12,0.0018624979142959,0.0036934954114258
5,1,GCP-Mamba,13,0.0017796829701043,0.0036651648115366
5,1,GCP-Mamba,14,0.0018817908130586,0.0035422483924776
5,1,GCP-Mamba,15,0.001816966487632,0.0037206611596047
5,1,GCP-Mamba,16,0.0018507450030973,0.003576380200684
5,1,GCP-Mamba,17,0.0019198434212459,0.0037537093739956
5,1,GCP-Mamba,18,0.0018025061008162,0.0037266388535499
5,1,GCP-Mamba,19,0.0017108880466996,0.003497207770124
5,1,GCP-Mamba,20,0.0016484739509626,0.0034558740444481
5,1,GCP-Mamba,21,0.0016434122951558,0.0033463472500443
5,1,GCP-Mamba,22,0.0015711225927449,0.0033511307556182
5,1,GCP-Mamba,23,0.0015287869430791,0.0034259122330695
5,1,GCP-Mamba,24,0.0015700462453353,0.0035358772147446
5,1,GCP-Mamba,25,0.0017403539700003,0.0035375948064029
5,1,GCP-Mamba,26,0.001682293588797,0.0034282761625945
5,1,GCP-Mamba,27,0.0018890371044667,0.0035933915060013
5,1,GCP-Mamba,28,0.0017880738891947,0.0035239059943705
5,1,GCP-Mamba,29,0.0016012140639269,0.003239277517423
5,1,GCP-Mamba,30,0.0015193399220991,0.0030538944993168
5,1,GCP-Mamba,31,0.0014249953942803,0.0032542431727051
5,1,GCP-Mamba,32,0.0013840860400635,0.0033480359707027
5,1,GCP-Mamba,33,0.001374565230575,0.0032146223820745
5,1,GCP-Mamba,34,0.0014002776077876,0.0033502550795674
5,1,GCP-Mamba,35,0.0014198786417882,0.0033590721432119
5,1,GCP-Mamba,36,0.0013692940513675,0.0033607478253543
5,1,GCP-Mamba,37,0.0014008713886141,0.0034010417293757
5,1,GCP-Mamba,38,0.0013934928028342,0.0032401666976511
5,1,GCP-Mamba,39,0.0012976115211271,0.0033030335325747
5,1,GCP-Mamba,40,0.0012760758632794,0.0030821799300611
5,1,GCP-Mamba,41,0.0013190816980428,0.0031706136651337
5,1,GCP-Mamba,42,0.0013747582516561,0.0032732975669205
5,1,GCP-Mamba,43,0.0014880905393511,0.0034920847974717
5,1,GCP-Mamba,44,0.0014255147212399,0.0032142093405127
5,1,GCP-Mamba,45,0.0014392514534008,0.0034172863233834
5,1,GCP-Mamba (perm. graph),0,0.0028553185053169,0.0040364935994148
5,1,GCP-Mamba (perm. graph),1,0.0028004819025787,0.0037085448857396
5,1,GCP-Mamba (perm. graph),2,0.0026880089157762,0.0037523619830608
5,1,GCP-Mamba (perm. graph),3,0.0026276731362136,0.0036744372919201
5,1,GCP-Mamba (perm. graph),4,0.0025584889737029,0.0036116959527134
5,1,GCP-Mamba (perm. graph),5,0.0023971259558143,0.0037080056499689
5,1,GCP-Mamba (perm. graph),6,0.0022642624851029,0.003823471488431
5,1,GCP-Mamba (perm. graph),7,0.0023227720969141,0.0038969991728663
5,1,GCP-Mamba (perm. graph),8,0.0022520505124703,0.003841710044071
5,1,GCP-Mamba (perm. graph),9,0.0020938074825188,0.0036833516787737
5,1,GCP-Mamba (perm. graph),10,0.0020246257718939,0.0039399433881044
5,1,GCP-Mamba (perm. graph),11,0.0019577216858474,0.003659235080704
5,1,GCP-Mamba (perm. graph),12,0.0018966757352105,0.003845911938697
5,1,GCP-Mamba (perm. graph),13,0.0018301064291825,0.0037107022944837
5,1,GCP-Mamba (perm. graph),14,0.0019717741068094,0.0037930035032331
5,1,GCP-Mamba (perm. graph),15,0.002212891399932,0.0037823719903826
5,1,GCP-Mamba (perm. graph),16,0.0020617154319412,0.003921284340322
5,1,GCP-Mamba (perm. graph),17,0.0018653676952593,0.0038010731805115
5,1,GCP-Mamba (perm. graph),18,0.0017679787312562,0.0036737064365297
5,1,GCP-Mamba (perm. graph),19,0.001723724094112,0.0035615065135061
5,1,GCP-Mamba (perm. graph),20,0.0016763904436419,0.0034848349168896
5,1,GCP-Mamba (perm. graph),21,0.0016435450927999,0.0035574836656451
5,1,GCP-Mamba (perm. graph),22,0.0016043474647001,0.0035754195414483
5,1,GCP-Mamba (perm. graph),23,0.0015881725085469,0.0034862752072513
5,1,GCP-Mamba (perm. graph),24,0.0016070379678589,0.0035032089799642
5,1,GCP-Mamba (perm. graph),25,0.0016830968831737,0.0035894713364541
5,1,GCP-Mamba (perm. graph),26,0.0015860084399509,0.00332583184354
5,1,GCP-Mamba (perm. graph),27,0.001554785515719,0.0033584914635866
5,1,GCP-Mamba (perm. graph),28,0.0015287728836903,0.0033664631191641
5,1,GCP-Mamba (perm. graph),29,0.0015065153039848,0.0032967429142445
5,1,GCP-Mamba (perm. graph),30,0.0015340271799896,0.0032635326497256
5,1,GCP-Mamba (perm. graph),31,0.0014628150249616,0.0033123861066997
5,1,GCP-Mamba (perm. graph),32,0.0014610930668333,0.0032458850182592
5,1,GCP-Mamba (perm. graph),33,0.0014221297183002,0.0033197479788213
5,1,GCP-Mamba (perm. graph),34,0.0015110126338326,0.0033538807183504
5,1,GCP-Mamba (perm. graph),35,0.0014827539284641,0.0032508368603885
5,1,GCP-Mamba (perm. graph),36,0.0014173403955422,0.0034426955971866
5,1,GCP-Mamba (perm. graph),37,0.0015024667283376,0.0032924998085945
5,1,GCP-Mamba (perm. graph),38,0.0014601349329146,0.0035721575841307
5,1,GCP-Mamba (perm. graph),39,0.0013762409297319,0.0032812855206429
5,1,GCP-Mamba (perm. graph),40,0.0013126812946911,0.0031656455248594
5,1,GCP-Mamba (perm. graph),41,0.001480063658136,0.0032844056840986
5,1,GCP-Mamba (perm. graph),42,0.0013903672341257,0.0032625719904899
5,1,GCP-Mamba (perm. graph),43,0.0013373259956446,0.0032635412644594
5,1,GCP-Mamba (perm. graph),44,0.0012602380870913,0.003106634132564
5,1,GCP-Mamba (perm. graph),45,0.001283901116739,0.0031870503444224
5,1,GCP-Mamba (perm. graph),46,0.0013586581469728,0.0032049496658146
5,1,GCP-Mamba (perm. graph),47,0.0015332271497195,0.0032973473425954
5,1,GCP-Mamba (perm. graph),48,0.0015358547339788,0.0031506840605288
5,1,GCP-Mamba (perm. graph),49,0.0012995841250253,0.0032070067245513
5,1,GCP-Mamba (perm. graph),50,0.0011957135230589,0.0031655253842473
5,1,GCP-Mamba (perm. graph),51,0.0011484100787828,0.0030956307891756
5,1,GCP-Mamba (perm. graph),52,0.0011336564910239,0.0031201816163957
5,1,GCP-Mamba (perm. graph),53,0.0011612588109878,0.0030203517526388
5,1,GCP-Mamba (perm. graph),54,0.0011698796700399,0.0032398947514593
5,1,GCP-Mamba (perm. graph),55,0.0011803937108757,0.0031363489106297
5,1,GCP-Mamba (perm. graph),56,0.00110673526696,0.0030484229791909
5,1,GCP-Mamba (perm. graph),57,0.0011147091380105,0.0031605202239006
5,1,GCP-Mamba (perm. graph),58,0.0011266797306374,0.0031759527046233
5,1,GCP-Mamba (perm. graph),59,0.0010778012703387,0.0030021164566278
5,1,GCP-Mamba (perm. graph),60,0.0011811775916542,0.0030650261323899
5,1,GCP-Mamba (perm. graph),61,0.00116466135503,0.0033636791631579
5,1,GCP-Mamba (perm. graph),62,0.0011325460536262,0.0031318576075136
5,1,GCP-Mamba (perm. graph),63,0.0011085867451933,0.0032908930443227
5,1,GCP-Mamba (perm. graph),64,0.0010782055109022,0.0032051559537649
5,1,GCP-Mamba (perm. graph),65,0.0010718068152737,0.0030195103026926
5,1,GCP-Mamba (perm. graph),66,0.0011279761343478,0.003082500770688
5,1,GCP-Mamba (perm. graph),67,0.001210311451891,0.0035432826261967
5,1,GCP-Mamba (perm. graph),68,0.0013682699404083,0.0032856259495019
5,1,GCP-Mamba (perm. graph),69,0.0011936432090946,0.0031193224713206
5,1,GCP-Mamba (perm. graph),70,0.0010956160545062,0.0031369267962872
5,1,GCP-Mamba (perm. graph),71,0.0010725845099211,0.0031349337659776
5,1,GCP-Mamba (perm. graph),72,0.0010124770619978,0.0031172963790595
5,1,GCP-Mamba (perm. graph),73,0.0009954965834577,0.0029956919606775
5,1,GCP-Mamba (perm. graph),74,0.0010392967790651,0.0031065491493791
5,1,GCP-Mamba (perm. graph),75,0.0010268354591412,0.0029157230164855
5,1,GCP-Mamba (perm. graph),76,0.0011152237805967,0.0032995734363794
5,1,GCP-Mamba (perm. graph),77,0.0010811169246713,0.0029928593430668
5,1,GCP-Mamba (perm. graph),78,0.0010274377947028,0.0029739250894635
5,1,GCP-Mamba (perm. graph),79,0.0010122560421363,0.0029470571316778
5,1,GCP-Mamba (perm. graph),80,0.0009607872531677,0.0029243400786072
5,1,GCP-Mamba (perm. graph),81,0.0009084266404478,0.0029286465141922
5,1,GCP-Mamba (perm. graph),82,0.0008567858854523,0.0029698507860302
5,1,GCP-Mamba (perm. graph),83,0.0008812082394097,0.0030091276858001
5,1,GCP-Mamba (perm. graph),84,0.0008530770804589,0.0030722657684236
5,1,GCP-Mamba (perm. graph),85,0.0008441703125404,0.0029571107588708
5,1,GCP-Mamba (perm. graph),86,0.0008747621842373,0.0030601185280829
5,1,GCP-Mamba (perm. graph),87,0.0008637761159871,0.0029789237305521
5,1,GCP-Mamba (perm. graph),88,0.0008453977903207,0.0029982656706124
5,1,GCP-Mamba (perm. graph),89,0.0008277957139608,0.0030597187578678
5,1,GCP-Mamba (perm. graph),90,0.000842998583819,0.0032227260526269
5,1,Mamba (no graph),0,0.0029025529475452,0.0038206481840461
5,1,Mamba (no graph),1,0.0029397879476444,0.0038516810163855
5,1,Mamba (no graph),2,0.0027420342702848,0.0037299368996173
5,1,Mamba (no graph),3,0.002665719948709,0.0036502436269074
5,1,Mamba (no graph),4,0.0025620347891862,0.0036675739102065
5,1,Mamba (no graph),5,0.002475285784413,0.0036461143754422
5,1,Mamba (no graph),6,0.0024493364115747,0.0036932853981852
5,1,Mamba (no graph),7,0.0023376042990443,0.0036373324692249
5,1,Mamba (no graph),8,0.0022973988921596,0.0038621525745838
5,1,Mamba (no graph),9,0.0025984945313002,0.0037305769510567
5,1,Mamba (no graph),10,0.002567025546271,0.0039372933097183
5,1,Mamba (no graph),11,0.0023465069010853,0.0036585901398211
5,1,Mamba (no graph),12,0.0021266925945663,0.0037688005249947
5,1,Mamba (no graph),13,0.0020741250634623,0.0037335227243602
5,1,Mamba (no graph),14,0.0019322299094011,0.0036912958603352
5,1,Mamba (no graph),15,0.001843581500893,0.0037393323145806
5,1,Mamba (no graph),16,0.0019324482848437,0.0037365935277193
5,1,Mamba (no graph),17,0.001829480806079,0.0036096195690333
5,1,Mamba (no graph),18,0.0019296944105567,0.0038265883922576
5,1,Mamba (no graph),19,0.0021087697331005,0.0034709761384874
5,1,Mamba (no graph),20,0.0018973551027906,0.0035056837368756
5,1,Mamba (no graph),21,0.0017184883320274,0.0035250603687018
5,1,Mamba (no graph),22,0.0016873803419562,0.0035415976308286
5,1,Mamba (no graph),23,0.0017338803790223,0.003523011226207
5,1,Mamba (no graph),24,0.001670161065144,0.0035096327774226
5,1,Mamba (no graph),25,0.0016629094848982,0.0034096406307071
5,1,Mamba (no graph),26,0.0017080951159676,0.0035040299408137
5,1,Mamba (no graph),27,0.0016622506270113,0.0033824031706899
5,1,Mamba (no graph),28,0.0015541198269392,0.0034231566824018
5,1,Mamba (no graph),29,0.0015478596843492,0.00336967385374
5,1,Mamba (no graph),30,0.0015435294051153,0.0032477581407874
5,1,Mamba (no graph),31,0.0015445401309989,0.0033420140389353
5,1,Mamba (no graph),32,0.00154280476093,0.0032864091917872
5,1,Mamba (no graph),33,0.0014866415876895,0.0032720752060413
5,1,Mamba (no graph),34,0.0015187876961695,0.00345099135302
5,1,Mamba (no graph),35,0.0014896775595843,0.0033180369064211
5,1,Mamba (no graph),36,0.0014409396949654,0.003351621562615
5,1,Mamba (no graph),37,0.0013983730934202,0.0034183380194008
5,1,Mamba (no graph),38,0.0013758470877431,0.0032754668500274
5,1,Mamba (no graph),39,0.0013778922712215,0.0031149985734373
5,1,Mamba (no graph),40,0.0012940881361898,0.0031577912159264
5,1,Mamba (no graph),41,0.0012357055800608,0.0032260615844279
5,1,Mamba (no graph),42,0.0012269755117953,0.0030987665522843
5,1,Mamba (no graph),43,0.0012220952964316,0.0032671750523149
5,1,Mamba (no graph),44,0.0011867020440359,0.0030857087112963
5,1,Mamba (no graph),45,0.0012406027374359,0.003421168308705
5,1,Mamba (no graph),46,0.0012836168408214,0.0033821908291429
5,1,Mamba (no graph),47,0.0012585513723584,0.0031299935653805
5,1,Mamba (no graph),48,0.0012872026086999,0.0035724379122257
5,1,Mamba (no graph),49,0.0014547186724555,0.0032152356579899
5,1,Mamba (no graph),50,0.001365708411098,0.0030561320018023
5,1,Mamba (no graph),51,0.0012353785989734,0.003173244651407
5,1,Mamba (no graph),52,0.0011930598796775,0.0032452517189085
5,1,Mamba (no graph),53,0.0011959268371216,0.0031517331954091
5,1,Mamba (no graph),54,0.0012235357497747,0.0030948591884225
5,1,Mamba (no graph),55,0.001144968083379,0.0032259875442832
5,1,Mamba (no graph),56,0.0011423741404611,0.0033395637292414
5,1,Mamba (no graph),57,0.0011008125479118,0.0031804970931261
5,1,Mamba (no graph),58,0.0010818221830189,0.0031681407708674
5,1,Mamba (no graph),59,0.0010390040572159,0.0031917230226099
5,1,Mamba (no graph),60,0.0010877099031439,0.0032799975015223
5,1,Mamba (no graph),61,0.0010285659746911,0.003136636223644
5,1,Mamba (no graph),62,0.0010129450175624,0.0033089956268668
5,1,Mamba (no graph),63,0.0010221970249683,0.0032263312023133
5,1,Mamba (no graph),64,0.0010224369529169,0.0033953511156141
5,1,Mamba (no graph),65,0.0010606591804669,0.0034632859751582
5,1,Graph-MLP (no scan),0,0.002825000649318,0.0037946850061416
5,1,Graph-MLP (no scan),1,0.0027403210862897,0.0037513393908739
5,1,Graph-MLP (no scan),2,0.0027007114822761,0.0037263047415763
5,1,Graph-MLP (no scan),3,0.0025786810679934,0.0037575657479465
5,1,Graph-MLP (no scan),4,0.0024383969927349,0.0039062756113708
5,1,Graph-MLP (no scan),5,0.0024230698660875,0.0037309606559574
5,1,Graph-MLP (no scan),6,0.0022864945134362,0.0037191195879131
5,1,Graph-MLP (no scan),7,0.0022609973541246,0.0037233547773212
5,1,Graph-MLP (no scan),8,0.0022489727322513,0.0038943104445934
5,1,Graph-MLP (no scan),9,0.0020927282121892,0.0037664126139134
5,1,Graph-MLP (no scan),10,0.00201467239083,0.0037123220972716
5,1,Graph-MLP (no scan),11,0.0019533247525732,0.0037878821603953
5,1,Graph-MLP (no scan),12,0.0019063045503571,0.003914285916835
5,1,Graph-MLP (no scan),13,0.0018681695272859,0.0037900272291153
5,1,Graph-MLP (no scan),14,0.0017945409752428,0.0038531050086021
5,1,Graph-MLP (no scan),15,0.0018103998834983,0.0040278933010995
5,1,Graph-MLP (no scan),16,0.0018487112883191,0.0037497112061828
5,1,Graph-MLP (no scan),17,0.0017563608752635,0.0038185876328498
5,1,Graph-MLP (no scan),18,0.0016720852420593,0.0038746637292206
5,1,Graph-MLP (no scan),19,0.0017408770329963,0.0036785721313208
5,1,Graph-MLP (no scan),20,0.0017734734592242,0.0037355092354118
5,1,Graph-MLP (no scan),21,0.0017431133122255,0.0040011252276599
5,1,Graph-MLP (no scan),22,0.0017846138574756,0.0035810142289847
5,1,Graph-MLP (no scan),23,0.0016116738014926,0.0036178806331008
5,1,Graph-MLP (no scan),24,0.0015659736585803,0.0037730059120804
5,1,Graph-MLP (no scan),25,0.0015592777850822,0.0036047340836375
5,1,Graph-MLP (no scan),26,0.0015296151395887,0.0036808273289352
5,1,Graph-MLP (no scan),27,0.0021113214011375,0.0040243631228804
5,1,Graph-MLP (no scan),28,0.001850630226545,0.0037004754412919
5,1,Graph-MLP (no scan),29,0.0017233241743479,0.003830422880128
5,1,Graph-MLP (no scan),30,0.0015770464159476,0.0036356619093567
5,1,Graph-MLP (no scan),31,0.0015137048787437,0.0034596577752381
5,1,Graph-MLP (no scan),32,0.0014858812434025,0.0036231586709618
5,1,Graph-MLP (no scan),33,0.0014664679765701,0.0033459102269262
5,1,Graph-MLP (no scan),34,0.0014412591896521,0.0034085663501173
5,1,Graph-MLP (no scan),35,0.0014604945344707,0.0035330371465533
5,1,Graph-MLP (no scan),36,0.0015500451312758,0.0036062884610146
5,1,Graph-MLP (no scan),37,0.0015139600763527,0.0034613013267517
5,1,Graph-MLP (no scan),38,0.0014822225256536,0.0033948838245123
5,1,Graph-MLP (no scan),39,0.001374576802258,0.0034309334587305
5,1,Graph-MLP (no scan),40,0.0013627273326094,0.003365040756762
5,1,Graph-MLP (no scan),41,0.0013917797173445,0.0033202718477696
5,1,Graph-MLP (no scan),42,0.0013629649837429,0.0034094150178134
5,1,Graph-MLP (no scan),43,0.0014008860211246,0.0033265033271163
5,1,Graph-MLP (no scan),44,0.0013114535885576,0.0034272216726094
5,1,Graph-MLP (no scan),45,0.0012844017008319,0.0032868462149053
5,1,Graph-MLP (no scan),46,0.0012596269782919,0.0032446687109768
5,1,Graph-MLP (no scan),47,0.0013656155636104,0.0033667953684926
5,1,Graph-MLP (no scan),48,0.0013997731927352,0.0033151861280202
5,1,Graph-MLP (no scan),49,0.0014330251034922,0.0035472875460982
5,1,Graph-MLP (no scan),50,0.0014942941237957,0.0034006771165877
5,1,Graph-MLP (no scan),51,0.0013556096881914,0.0033742976374924
5,1,Graph-MLP (no scan),52,0.0012971756926092,0.0033083958551287
5,1,Graph-MLP (no scan),53,0.0012763563239087,0.0035776400472968
5,1,Graph-MLP (no scan),54,0.0013173438823566,0.0033337539061903
5,1,Graph-MLP (no scan),55,0.0012580963890426,0.0034087616950273
5,1,Graph-MLP (no scan),56,0.0012165593699767,0.003487771609798
5,1,Graph-MLP (no scan),57,0.0012250421998592,0.0034338736440986
5,1,Graph-MLP (no scan),58,0.0011713296658574,0.0033013022039085
5,1,Graph-MLP (no scan),59,0.0011710908944503,0.0033705427777022
5,1,Graph-MLP (no scan),60,0.001171967990768,0.0034141193609684
5,1,Graph-MLP (no scan),61,0.0011518743023491,0.0032645394094288
5,1,GCP-Mamba (additive prior),0,0.0023963786840725,0.0019074127776548
5,1,GCP-Mamba (additive prior),1,0.0022082089661405,0.0018103681504726
5,1,GCP-Mamba (additive prior),2,0.0021500780748633,0.0017540015978738
5,1,GCP-Mamba (additive prior),3,0.0021248832165908,0.0017841118387877
5,1,GCP-Mamba (additive prior),4,0.0020905126835434,0.0017518362728878
5,1,GCP-Mamba (additive prior),5,0.0020506828056218,0.0017750792903825
5,1,GCP-Mamba (additive prior),6,0.0020329458245004,0.0018418078543618
5,1,GCP-Mamba (additive prior),7,0.0020092680638369,0.0019819706212729
5,1,GCP-Mamba (additive prior),8,0.0019530759425833,0.0020276443101465
5,1,GCP-Mamba (additive prior),9,0.0019928775691928,0.00199606991373
5,1,GCP-Mamba (additive prior),10,0.0019791696937038,0.0020110593177378
5,1,GCP-Mamba (additive prior),11,0.0019297510976544,0.0019532823935151
5,1,GCP-Mamba (additive prior),12,0.0018957363441586,0.0019941998180001
5,1,GCP-Mamba (additive prior),13,0.0018706239527091,0.0020266277715563
5,1,GCP-Mamba (additive prior),14,0.0018257474329752,0.0019365332555025
5,1,GCP-Mamba (additive prior),15,0.0017885591440762,0.0020306145306676
5,1,GCP-Mamba (additive prior),16,0.0017593701047679,0.0020436998456716
5,1,GCP-Mamba (additive prior),17,0.0017731545887027,0.0020867942366749
5,1,GCP-Mamba (additive prior),18,0.0017848780360789,0.0021754056215286
5,1,GCP-Mamba (additive prior),19,0.0017631744634574,0.0021881493739783
5,1,GCP-Mamba (additive prior),20,0.0017874922657098,0.002058322308585
5,1,GCP-Mamba (additive prior),21,0.0017635712400078,0.001970553305
5,1,GCP-Mamba (additive prior),22,0.0017322964608096,0.002010045107454
5,1,GCP-Mamba (additive prior),23,0.001707260915114,0.0020131722558289
5,1,GCP-Mamba (additive prior),24,0.0016900307839163,0.0020529674366116
5,1,GCP-Mamba (additive prior),25,0.0016583781456574,0.0021208170801401
5,1,GCP-Mamba (additive prior),26,0.0016624453199955,0.002147703198716
5,1,GCP-Mamba (additive prior),27,0.0016297131185778,0.0021940793376415
5,1,GCP-Mamba (additive prior),28,0.0016629438292091,0.0021937529090791
5,1,GCP-Mamba (additive prior),29,0.001629398136328,0.0020700334571301
5,1,GCP-Mamba (additive prior),30,0.0015997318730044,0.0023250658996403
5,1,GCP-Mamba (additive prior),31,0.001587589427184,0.002262195572257
5,1,GCP-Mamba (additive prior),32,0.0015397291272305,0.0022404631599783
5,1,GCP-Mamba (additive prior),33,0.0015962308218989,0.0021050935611128
5,1,GCP-Mamba (additive prior),34,0.0015648707680296,0.0025007193908095
5,1,GCP-Mamba (additive prior),35,0.0014905108049368,0.0025199074298143
5,1,GCP-Mamba (additive prior),36,0.0015294081495644,0.0025162792298942
5,1,GCP-Mamba (additive prior),37,0.0015687413809176,0.0023792325519025
5,1,GCP-Mamba (additive prior),38,0.001623615117457,0.0027276708278805
5,1,GCP-Mamba (additive prior),39,0.0014953300195674,0.0021075578406453
5,2,GCP-Mamba,0,0.0030518716344466,0.0038131084293127
5,2,GCP-Mamba,1,0.0027171732822003,0.0037851522210985
5,2,GCP-Mamba,2,0.0026353028029776,0.0037406249903142
5,2,GCP-Mamba,3,0.002635398098769,0.0037889722734689
5,2,GCP-Mamba,4,0.0027221477823331,0.0037519093602895
5,2,GCP-Mamba,5,0.0025909557938575,0.0036252166610211
5,2,GCP-Mamba,6,0.0023987715096714,0.0036952479276806
5,2,GCP-Mamba,7,0.0022885590666331,0.0036902404390275
5,2,GCP-Mamba,8,0.0021867850759568,0.0037991434801369
5,2,GCP-Mamba,9,0.0023383427411317,0.0036847237497568
5,2,GCP-Mamba,10,0.0023749279897086,0.0036726861726492
5,2,GCP-Mamba,11,0.0022167405507598,0.0036847258452326
5,2,GCP-Mamba,12,0.0020781129670257,0.0035657037515193
5,2,GCP-Mamba,13,0.0019609506841963,0.0036200829781591
5,2,GCP-Mamba,14,0.0019565260879552,0.0035254536196589
5,2,GCP-Mamba,15,0.0018797508763292,0.003453477518633
5,2,GCP-Mamba,16,0.0017849758589783,0.0036340963561087
5,2,GCP-Mamba,17,0.0017782021170625,0.0033775779884308
5,2,GCP-Mamba,18,0.0017617437845239,0.0037422617897391
5,2,GCP-Mamba,19,0.0017809346792861,0.0034977623727172
5,2,GCP-Mamba,20,0.0017123709074579,0.0035080460365861
5,2,GCP-Mamba,21,0.0018365080020605,0.0033327559940516
5,2,GCP-Mamba,22,0.0017008616777065,0.0034102494828402
5,2,GCP-Mamba,23,0.0015740943105461,0.0035507166758179
5,2,GCP-Mamba,24,0.0015361596185427,0.0034029930830001
5,2,GCP-Mamba,25,0.0015049039708593,0.0035911258310079
5,2,GCP-Mamba,26,0.0014968596658526,0.0033889894839376
5,2,GCP-Mamba,27,0.0015432016189711,0.0036023135762661
5,2,GCP-Mamba,28,0.0015615435496259,0.0033782897517085
5,2,GCP-Mamba,29,0.0015230270030979,0.0032977603841573
5,2,GCP-Mamba,30,0.0015322824044582,0.0034322198480367
5,2,GCP-Mamba,31,0.0014975271868304,0.0034341644495725
5,2,GCP-Mamba,32,0.0014683654119905,0.0033880772534757
5,2,GCP-Mamba,33,0.0014374580198469,0.0032647522166371
5,2,GCP-Mamba,34,0.0013496471819682,0.0031776756513863
5,2,GCP-Mamba,35,0.0013252556055354,0.0032040926162153
5,2,GCP-Mamba,36,0.0013070396165578,0.0031784591265022
5,2,GCP-Mamba,37,0.0012897902777275,0.0032981231343001
5,2,GCP-Mamba,38,0.0012513753617755,0.0032012248411774
5,2,GCP-Mamba,39,0.0012404179478135,0.003282943740487
5,2,GCP-Mamba,40,0.0014912936370819,0.003490210045129
5,2,GCP-Mamba,41,0.0014375577609126,0.0031265607103705
5,2,GCP-Mamba,42,0.0014343991768188,0.003638416994363
5,2,GCP-Mamba,43,0.0014053098517111,0.0031807511113584
5,2,GCP-Mamba,44,0.0013082867595725,0.0031931288540363
5,2,GCP-Mamba,45,0.001191789848515,0.0032247859053313
5,2,GCP-Mamba,46,0.0011834882199764,0.0030843161512166
5,2,GCP-Mamba,47,0.0011424077612061,0.0030746520496904
5,2,GCP-Mamba,48,0.0011084999732422,0.0032630164641886
5,2,GCP-Mamba,49,0.0010926898210667,0.0030823461711406
5,2,GCP-Mamba,50,0.0010743227715675,0.0031293644569814
5,2,GCP-Mamba,51,0.0010919048450887,0.0031928780954331
5,2,GCP-Mamba,52,0.0011466357767438,0.0030772166792303
5,2,GCP-Mamba,53,0.001212981957584,0.0034716262016445
5,2,GCP-Mamba,54,0.0012728905502276,0.0031742434948682
5,2,GCP-Mamba,55,0.0011622262330582,0.0030226367525756
5,2,GCP-Mamba,56,0.0011218742395822,0.0034317071549594
5,2,GCP-Mamba,57,0.0016033981389437,0.0032231344375759
5,2,GCP-Mamba,58,0.0017937460591873,0.0032116172369569
5,2,GCP-Mamba,59,0.001435196161485,0.0031266219448298
5,2,GCP-Mamba,60,0.0013424387112116,0.0029239025898277
5,2,GCP-Mamba,61,0.0011931190768686,0.0030627700034528
5,2,GCP-Mamba,62,0.0011713375471747,0.0031766537576913
5,2,GCP-Mamba,63,0.001184130159135,0.0030704755336046
5,2,GCP-Mamba,64,0.0011380009657631,0.0031611169688403
5,2,GCP-Mamba,65,0.0010760298930108,0.0030259508639574
5,2,GCP-Mamba,66,0.0009928989868897,0.0029742461629211
5,2,GCP-Mamba,67,0.0009783489808726,0.0031211005989462
5,2,GCP-Mamba,68,0.0009580333305236,0.0030899425037205
5,2,GCP-Mamba,69,0.0010477350111334,0.0032861402723938
5,2,GCP-Mamba,70,0.001107504684478,0.0031383021268993
5,2,GCP-Mamba,71,0.0010255362963877,0.0031769520137459
5,2,GCP-Mamba,72,0.0009725592493151,0.0032112423796206
5,2,GCP-Mamba,73,0.000928646516807,0.0030570288654416
5,2,GCP-Mamba,74,0.0009174060595866,0.0031620324589312
5,2,GCP-Mamba,75,0.0008951659779995,0.0031110204290598
5,2,GCP-Mamba (perm. graph),0,0.0030436110109663,0.0038244226016104
5,2,GCP-Mamba (perm. graph),1,0.0027131133139706,0.0037949415855109
5,2,GCP-Mamba (perm. graph),2,0.0026358751508478,0.0037610079161822
5,2,GCP-Mamba (perm. graph),3,0.0025907412744485,0.003965157084167
5,2,GCP-Mamba (perm. graph),4,0.0027140109584881,0.0037897881120443
5,2,GCP-Mamba (perm. graph),5,0.002619181587719,0.0036797809880226
5,2,GCP-Mamba (perm. graph),6,0.0025856719961246,0.003736333688721
5,2,GCP-Mamba (perm. graph),7,0.0024306549045902,0.003682309994474
5,2,GCP-Mamba (perm. graph),8,0.0023030266774675,0.00369682488963
5,2,GCP-Mamba (perm. graph),9,0.0022193223775292,0.0037109325639903
5,2,GCP-Mamba (perm. graph),10,0.0022824480556524,0.0037370794452726
5,2,GCP-Mamba (perm. graph),11,0.0022212180649288,0.0035927218850702
5,2,GCP-Mamba (perm. graph),12,0.0020936108489807,0.0035676388069987
5,2,GCP-Mamba (perm. graph),13,0.0020171932607459,0.0037047832738608
5,2,GCP-Mamba (perm. graph),14,0.0020053062749166,0.0036872865166515
5,2,GCP-Mamba (perm. graph),15,0.0019348070347824,0.0035982504487037
5,2,GCP-Mamba (perm. graph),16,0.0018309604018353,0.0036651853006333
5,2,GCP-Mamba (perm. graph),17,0.0017625140993354,0.0034888398367911
5,2,GCP-Mamba (perm. graph),18,0.0017541357638457,0.0035042017698287
5,2,GCP-Mamba (perm. graph),19,0.0017233052219335,0.0034568563569337
5,2,GCP-Mamba (perm. graph),20,0.0016973307678619,0.0036458515096455
5,2,GCP-Mamba (perm. graph),21,0.0019681824138388,0.0034175005275756
5,2,GCP-Mamba (perm. graph),22,0.0018458560261373,0.003661616705358
5,2,GCP-Mamba (perm. graph),23,0.0017682268284261,0.0033710387069731
5,2,GCP-Mamba (perm. graph),24,0.0017049168433564,0.0034773715306073
5,2,GCP-Mamba (perm. graph),25,0.0016318446562553,0.0035100914537906
5,2,GCP-Mamba (perm. graph),26,0.0015466319423956,0.0034127628896385
5,2,GCP-Mamba (perm. graph),27,0.0015376045762632,0.0033933743834495
5,2,GCP-Mamba (perm. graph),28,0.0015067081522339,0.003440763335675
5,2,GCP-Mamba (perm. graph),29,0.0014675860114109,0.0032835500314831
5,2,GCP-Mamba (perm. graph),30,0.0014483443927019,0.0034567452967166
5,2,GCP-Mamba (perm. graph),31,0.001410410428742,0.0032895072363317
5,2,GCP-Mamba (perm. graph),32,0.0013929361996885,0.0033264975063502
5,2,GCP-Mamba (perm. graph),33,0.0013650277620539,0.0033569573424756
5,2,GCP-Mamba (perm. graph),34,0.0013755517581907,0.0031608559656888
5,2,GCP-Mamba (perm. graph),35,0.0013887984910979,0.0032692679669708
5,2,GCP-Mamba (perm. graph),36,0.0015214154729619,0.0033445013687014
5,2,GCP-Mamba (perm. graph),37,0.0015169777504455,0.0035512787289917
5,2,GCP-Mamba (perm. graph),38,0.0014038684813735,0.0033400866668671
5,2,GCP-Mamba (perm. graph),39,0.0013908329598892,0.0033396203070878
5,2,GCP-Mamba (perm. graph),40,0.0013075807490027,0.0031804970931261
5,2,GCP-Mamba (perm. graph),41,0.0012763791502668,0.003345527453348
5,2,GCP-Mamba (perm. graph),42,0.0013004196610731,0.0036838005762547
5,2,GCP-Mamba (perm. graph),43,0.0014759588950815,0.0034635458141565
5,2,GCP-Mamba (perm. graph),44,0.0013464766106783,0.0033267149701714
5,2,GCP-Mamba (perm. graph),45,0.0011973427519058,0.0033173256088048
5,2,GCP-Mamba (perm. graph),46,0.0011785390759961,0.0032263109460473
5,2,GCP-Mamba (perm. graph),47,0.0011609296887539,0.0032167015597224
5,2,GCP-Mamba (perm. graph),48,0.0011850022522804,0.0033446857705712
5,2,GCP-Mamba (perm. graph),49,0.001216093590483,0.0031705764122307
5,2,Mamba (no graph),0,0.0031617601975225,0.0038586845621466
5,2,Mamba (no graph),1,0.0031207056447433,0.0039286124520003
5,2,Mamba (no graph),2,0.0028044257778674,0.0037394962273538
5,2,Mamba (no graph),3,0.002674364291418,0.0037578390911221
5,2,Mamba (no graph),4,0.0026333985348733,0.0037074072752147
5,2,Mamba (no graph),5,0.0025500329784475,0.0038333216216415
5,2,Mamba (no graph),6,0.0024589499852691,0.0035840054042637
5,2,Mamba (no graph),7,0.0024182313909897,0.003667474258691
5,2,Mamba (no graph),8,0.0024256440022817,0.0036058931145817
5,2,Mamba (no graph),9,0.0023004104222099,0.0036756233312189
5,2,Mamba (no graph),10,0.0023986110212997,0.0037886798381805
5,2,Mamba (no graph),11,0.0026871018183345,0.0038238957058638
5,2,Mamba (no graph),12,0.0024708873878877,0.0035141811240464
5,2,Mamba (no graph),13,0.0021955415069197,0.0035814121365547
5,2,Mamba (no graph),14,0.0020474533013139,0.0036161635071039
5,2,Mamba (no graph),15,0.0019675074557129,0.0036956632975488
5,2,Mamba (no graph),16,0.0018972865646131,0.0036331405863165
5,2,Mamba (no graph),17,0.0018160470188237,0.0036047366447746
5,2,Mamba (no graph),18,0.0017874034766394,0.0036502822767943
5,2,Mamba (no graph),19,0.0018381206533656,0.0036940656136721
5,2,Mamba (no graph),20,0.0017594203899184,0.0036827672738581
5,2,Mamba (no graph),21,0.001700160283452,0.003582511562854
5,2,Mamba (no graph),22,0.0016769074261761,0.0036698631010949
5,2,Mamba (no graph),23,0.0016447967634751,0.0035724400077015
5,2,Mamba (no graph),24,0.0016394470245219,0.0035790621768683
5,2,Mamba (no graph),25,0.0016393670561508,0.0036714349407702
5,2,Mamba (no graph),26,0.0018516845535486,0.0043977461755275
5,2,Mamba (no graph),27,0.0024306757483058,0.0036120268050581
5,2,Mamba (no graph),28,0.0019420407336348,0.0033998163416981
5,2,Mamba (no graph),29,0.0017621452490297,0.0034949639812111
5,2,Mamba (no graph),30,0.0017112318103989,0.0032597717363387
5,2,Mamba (no graph),31,0.0015743601028449,0.0033433276694267
5,2,Mamba (no graph),32,0.0015034172576493,0.0034783012233674
5,2,Mamba (no graph),33,0.0014846494098981,0.0032862941734492
5,2,Mamba (no graph),34,0.0014646492889509,0.0034443512558937
5,2,Mamba (no graph),35,0.0014253622368694,0.0032412458676844
5,2,Mamba (no graph),36,0.0013830910150248,0.0033375490456819
5,2,Mamba (no graph),37,0.0013642767005456,0.0032574830111116
5,2,Mamba (no graph),38,0.0013607197020274,0.0033201747573912
5,2,Mamba (no graph),39,0.0014598612028818,0.0032782608177512
5,2,Mamba (no graph),40,0.0014724865233382,0.0033229773398488
5,2,Mamba (no graph),41,0.0014086136970525,0.0034499319735914
5,2,Mamba (no graph),42,0.0014927054612109,0.0033417055383324
5,2,Mamba (no graph),43,0.0017605265065167,0.0034282298292964
5,2,Mamba (no graph),44,0.0015040191839664,0.0031881628092378
5,2,Mamba (no graph),45,0.0013472321998471,0.0033069755882024
5,2,Mamba (no graph),46,0.0012588973336208,0.0031727515161037
5,2,Mamba (no graph),47,0.0012545712274284,0.0032219002023339
5,2,Mamba (no graph),48,0.0012190335215284,0.0031445058993995
5,2,Mamba (no graph),49,0.0012131060822866,0.0033876644447445
5,2,Mamba (no graph),50,0.0011791824040791,0.0032554843928664
5,2,Mamba (no graph),51,0.0011572496213305,0.0032718419097363
5,2,Mamba (no graph),52,0.0011574836071723,0.0033547824714332
5,2,Mamba (no graph),53,0.0011394084328248,0.0033529326319694
5,2,Mamba (no graph),54,0.0011347652260715,0.0033367455471307
5,2,Mamba (no graph),55,0.0011636459479072,0.0032969659660011
5,2,Mamba (no graph),56,0.0011741115514618,0.0033800757955759
5,2,Mamba (no graph),57,0.0011855284737136,0.003206607652828
5,2,Mamba (no graph),58,0.0011222475996384,0.003171783639118
5,2,Mamba (no graph),59,0.0011116922537509,0.0033265640959143
5,2,Mamba (no graph),60,0.0010955033071625,0.0032026909757405
5,2,Mamba (no graph),61,0.001109544850456,0.003363978350535
5,2,Mamba (no graph),62,0.0011596167334713,0.0032242429442703
5,2,Mamba (no graph),63,0.0013439442944498,0.0035005293320864
5,2,Graph-MLP (no scan),0,0.0039152216094617,0.0042639807797968
5,2,Graph-MLP (no scan),1,0.003156545643623,0.0038716287817806
5,2,Graph-MLP (no scan),2,0.0029728308069304,0.0039451979100704
5,2,Graph-MLP (no scan),3,0.0028072589972557,0.0038494579493999
5,2,Graph-MLP (no scan),4,0.0027054353438031,0.0038050601724535
5,2,Graph-MLP (no scan),5,0.0026638952334626,0.0037985951639711
5,2,Graph-MLP (no scan),6,0.0026135845575481,0.0038082425016909
5,2,Graph-MLP (no scan),7,0.0025437922449782,0.0038367640227079
5,2,Graph-MLP (no scan),8,0.0025008181235394,0.0038538887165486
5,2,Graph-MLP (no scan),9,0.0023915033894949,0.0038380022160708
5,2,Graph-MLP (no scan),10,0.0023071214055212,0.0038748232182115
5,2,Graph-MLP (no scan),11,0.0022420064349157,0.003953568637371
5,2,Graph-MLP (no scan),12,0.002134484779806,0.0037749516777694
5,2,Graph-MLP (no scan),13,0.0021456264675809,0.0039675710722804
5,2,Graph-MLP (no scan),14,0.0022547036051177,0.0037548036780208
5,2,Graph-MLP (no scan),15,0.0021508852342286,0.0037971239071339
5,2,Graph-MLP (no scan),16,0.0019705887901811,0.0036654078867286
5,2,Graph-MLP (no scan),17,0.0019660882938366,0.0039270897395908
5,2,Graph-MLP (no scan),18,0.0019496962625103,0.0039886869490146
5,2,Graph-MLP (no scan),19,0.0020240583349592,0.0036569463554769
5,2,Graph-MLP (no scan),20,0.0019447167009974,0.0036462475545704
5,2,Graph-MLP (no scan),21,0.0018475231033964,0.0038404837250709
5,2,Graph-MLP (no scan),22,0.0017654347403619,0.003747679060325
5,2,Graph-MLP (no scan),23,0.0017404081568551,0.0036493521183729
5,2,Graph-MLP (no scan),24,0.0017693727993621,0.0037630184087902
5,2,Graph-MLP (no scan),25,0.0022286800345262,0.0038676327094435
5,2,Graph-MLP (no scan),26,0.0019234746587104,0.0037085863295942
5,2,Graph-MLP (no scan),27,0.0017617735528172,0.0037354265805333
5,2,Graph-MLP (no scan),28,0.0016869198217486,0.0036442892160266
5,2,Graph-MLP (no scan),29,0.0016370763393262,0.0037578986957669
5,2,Graph-MLP (no scan),30,0.0016802200707248,0.003799905302003
5,2,Graph-MLP (no scan),31,0.0017049701714243,0.0035926806740462
5,2,Graph-MLP (no scan),32,0.001593646274593,0.0035005691461265
5,2,Graph-MLP (no scan),33,0.001607312921148,0.0036021827254444
5,2,Graph-MLP (no scan),34,0.0015602104347915,0.0036272346042096
5,2,Graph-MLP (no scan),35,0.0016234403332838,0.0034697223454713
5,2,Graph-MLP (no scan),36,0.0016624885270945,0.0040548839606344
5,2,Graph-MLP (no scan),37,0.0018101554023675,0.0037383497692644
5,2,Graph-MLP (no scan),38,0.0017321836418257,0.0036450738552957
5,2,Graph-MLP (no scan),39,0.0016664345596487,0.0035708940122276
5,2,Graph-MLP (no scan),40,0.001582385175145,0.0034694850910454
5,2,Graph-MLP (no scan),41,0.00153891213883,0.0034269783645868
5,2,Graph-MLP (no scan),42,0.0014749025352872,0.0034310021437704
5,2,Graph-MLP (no scan),43,0.0014217634336091,0.0034590465947985
5,2,Graph-MLP (no scan),44,0.0013955575467732,0.0034308352041989
5,2,Graph-MLP (no scan),45,0.0013752522555967,0.003411351935938
5,2,Graph-MLP (no scan),46,0.0014304399866467,0.003432328114286
5,2,Graph-MLP (no scan),47,0.0015937587622409,0.0034361272118985
5,2,Graph-MLP (no scan),48,0.0014407071320769,0.0034609450958669
5,2,Graph-MLP (no scan),49,0.0013567861348677,0.0034392315428704
5,2,Graph-MLP (no scan),50,0.0013605163952049,0.0035427366383373
5,2,Graph-MLP (no scan),51,0.001471378822596,0.0035078004002571
5,2,Graph-MLP (no scan),52,0.001395386389385,0.0034908771049231
5,2,Graph-MLP (no scan),53,0.0013376738016421,0.0033839717507362
5,2,Graph-MLP (no scan),54,0.0013011963285792,0.0034927686210721
5,2,Graph-MLP (no scan),55,0.0013560053874523,0.0034018715377897
5,2,Graph-MLP (no scan),56,0.0012940789152008,0.0033866323065012
5,2,Graph-MLP (no scan),57,0.0013499369808974,0.0034490502439439
5,2,Graph-MLP (no scan),58,0.0012520770649783,0.0033742689993232
5,2,Graph-MLP (no scan),59,0.0012269471109343,0.0034668198786675
5,2,Graph-MLP (no scan),60,0.0012887296016113,0.0034594587050378
5,2,Graph-MLP (no scan),61,0.0014703214652119,0.0036815765779465
5,2,Graph-MLP (no scan),62,0.0013974713895899,0.0034055565483868
5,2,Graph-MLP (no scan),63,0.0013239994233187,0.0034809703938663
5,2,Graph-MLP (no scan),64,0.0013364106389837,0.0035447156988084
5,2,Graph-MLP (no scan),65,0.0013159897939588,0.0034480360336601
5,2,Graph-MLP (no scan),66,0.0012333877724953,0.0033246658276766
5,2,Graph-MLP (no scan),67,0.0012573243477023,0.0034188593272119
5,2,Graph-MLP (no scan),68,0.0013993680727883,0.0032896716147661
5,2,Graph-MLP (no scan),69,0.0014922502414824,0.0031697256490588
5,2,Graph-MLP (no scan),70,0.0013840635844434,0.0031997244805097
5,2,Graph-MLP (no scan),71,0.0012956260990064,0.0031762782018631
5,2,Graph-MLP (no scan),72,0.0012946710330792,0.0032694241963326
5,2,Graph-MLP (no scan),73,0.0012260384732284,0.003266324289143
5,2,Graph-MLP (no scan),74,0.0011667233667909,0.0032249048817902
5,2,Graph-MLP (no scan),75,0.0011582438135519,0.0032744375057518
5,2,Graph-MLP (no scan),76,0.0011547429737849,0.0032891572918742
5,2,Graph-MLP (no scan),77,0.0011691503370037,0.0031872445251792
5,2,Graph-MLP (no scan),78,0.0011525853456427,0.0033762389793992
5,2,Graph-MLP (no scan),79,0.0011631031565439,0.0033870309125632
5,2,Graph-MLP (no scan),80,0.0011473094256451,0.0032747234217822
5,2,Graph-MLP (no scan),81,0.001098612568771,0.003382553346455
5,2,Graph-MLP (no scan),82,0.0012231513584713,0.0034871639218181
5,2,Graph-MLP (no scan),83,0.0012475315821715,0.0033122056629508
5,2,Graph-MLP (no scan),84,0.0011072817401817,0.0032426598481833
5,2,GCP-Mamba (additive prior),0,0.0026925726256404,0.0018496140837669
5,2,GCP-Mamba (additive prior),1,0.0022125888759127,0.0017920844256877
5,2,GCP-Mamba (additive prior),2,0.0021651360063025,0.0017690671375021
5,2,GCP-Mamba (additive prior),3,0.0021392831838546,0.0017628071364015
5,2,GCP-Mamba (additive prior),4,0.0021299232388488,0.0017674205591902
5,2,GCP-Mamba (additive prior),5,0.0021230197816084,0.001761375577189
5,2,GCP-Mamba (additive prior),6,0.0021073228912428,0.001765729044564
5,2,GCP-Mamba (additive prior),7,0.0020853476634678,0.0017563469009473
5,2,GCP-Mamba (additive prior),8,0.0020570148982537,0.0017934740753844
5,2,GCP-Mamba (additive prior),9,0.0020872596973696,0.001802479266189
5,2,GCP-Mamba (additive prior),10,0.0021519169641228,0.0019986035767942
5,2,GCP-Mamba (additive prior),11,0.0020584972987238,0.0018357986118644
5,2,GCP-Mamba (additive prior),12,0.0019902718504174,0.0018551083048805
5,2,GCP-Mamba (additive prior),13,0.0019101633170906,0.0018622057978063
5,2,GCP-Mamba (additive prior),14,0.0018946882955228,0.0018624170916154
5,2,GCP-Mamba (additive prior),15,0.0018582335368801,0.0018975377315655
5,2,GCP-Mamba (additive prior),16,0.0018128276122017,0.0019327960908412
5,2,GCP-Mamba (additive prior),17,0.0017900635882352,0.0018958308501169
5,2,GCP-Mamba (additive prior),18,0.0018466048300839,0.0019073493313044
5,2,GCP-Mamba (additive prior),19,0.0017987392117412,0.0019540735520422
5,2,GCP-Mamba (additive prior),20,0.0017477224974964,0.0019304102752357
5,2,GCP-Mamba (additive prior),21,0.0017372239560175,0.0018704612739384
5,2,GCP-Mamba (additive prior),22,0.0017396048226286,0.0019150886218994
5,2,GCP-Mamba (additive prior),23,0.0017437454384679,0.0018804739229381
5,2,GCP-Mamba (additive prior),24,0.0017578945101167,0.002048140624538
5,2,GCP-Mamba (additive prior),25,0.0017236827478672,0.0019430743996053
5,2,GCP-Mamba (additive prior),26,0.0016268119305515,0.0018657703185454
5,2,GCP-Mamba (additive prior),27,0.0016107911038069,0.0020724989008158
5,2,GCP-Mamba (additive prior),28,0.0016704470528146,0.0020907805301249
5,2,GCP-Mamba (additive prior),29,0.0015932551191116,0.0019683444406837
5,2,GCP-Mamba (additive prior),30,0.0015603574171948,0.0020892801694571
5,2,GCP-Mamba (additive prior),31,0.0015449498565151,0.0021293160971254
5,2,GCP-Mamba (additive prior),32,0.0015061066647131,0.0020924173295497
5,2,GCP-Mamba (additive prior),33,0.0015315179014578,0.0022745765745639
5,2,GCP-Mamba (additive prior),34,0.0015243786619976,0.0021320774685591
5,2,GCP-Mamba (additive prior),35,0.0014908532289644,0.0022150427103042
5,2,GCP-Mamba (additive prior),36,0.0014381925038133,0.0022098198533058
5,2,GCP-Mamba (additive prior),37,0.0014015143576006,0.0023433468304574
5,2,GCP-Mamba (additive prior),38,0.0013928678692676,0.0022965027019381
5,2,GCP-Mamba (additive prior),39,0.0014002676578596,0.0023624235764145
