seed,model,condition,subgroup,mse_de20,pearson_delta,pearson_delta_de20,direction_de20,gi_pearson_de20,gi_mse_de20
1,No change,CBL+PTPN9,combo_seen0,0.5927895307540894,,,0.0,-0.28807467222213745,0.5927895307540894
1,No change,DUSP9+ctrl,unseen_single,0.746263861656189,,,0.0,,
1,No change,MAP2K6+SPI1,combo_seen1,0.2123228758573532,,,0.0,0.8812568187713623,0.2123228758573532
1,No change,UBASH3B+PTPN12,combo_seen2,0.8538859486579895,,,0.0,-0.5976268649101257,0.8538859486579895
1,No change,BCORL1+ctrl,unseen_single,0.09003075957298279,,,0.0,,
1,No change,MEIS1+ctrl,unseen_single,0.057747982442379,,,0.0,,
1,No change,CBL+ctrl,unseen_single,0.24518844485282898,,,0.0,,
1,No change,KLF1+FOXA1,combo_seen2,0.4543466567993164,,,0.0,0.3723040521144867,0.4543466567993164
1,No change,TBX3+TBX2,combo_seen2,0.8792871236801147,,,0.0,0.9039709568023682,0.8792871236801147
1,No change,SLC4A1+ctrl,unseen_single,0.278923898935318,,,0.0,,
1,No change,DUSP9+MAPK1,combo_seen1,0.24132299423217773,,,0.0,0.8676993250846863,0.24132299423217773
1,No change,COL2A1+ctrl,unseen_single,0.5735378861427307,,,0.0,,
1,No change,CEBPE+KLF1,combo_seen2,0.39498576521873474,,,0.0,0.752507209777832,0.39498576521873474
1,No change,UBASH3B+OSR2,combo_seen1,0.16987495124340057,,,0.0,0.26235154271125793,0.16987495124340057
1,No change,UBASH3B+ZBTB25,combo_seen2,0.7080748677253723,,,0.0,-0.3746064603328705,0.7080748677253723
1,No change,DUSP9+ETS2,combo_seen1,0.529249370098114,,,0.0,0.2844691574573517,0.529249370098114
1,No change,ZNF318+FOXL2,combo_seen1,0.19284382462501526,,,0.0,-0.0550471693277359,0.19284382462501526
1,No change,UBASH3B+PTPN9,combo_seen1,0.585911214351654,,,0.0,-0.5704020857810974,0.585911214351654
1,No change,S1PR2+ctrl,unseen_single,0.4194749891757965,,,0.0,,
1,No change,CELF2+ctrl,unseen_single,0.13501793146133423,,,0.0,,
1,No change,JUN+CEBPA,combo_seen1,2.2691147327423096,,,0.0,0.7437542676925659,2.2691147327423096
1,No change,CDKN1A+ctrl,unseen_single,0.2984200716018677,,,0.0,,
1,No change,ctrl+MEIS1,unseen_single,0.04905318096280098,,,0.0,,
1,No change,MAPK1+PRTG,combo_seen1,0.2792460024356842,,,0.0,0.5941300392150879,0.2792460322380066
1,No change,MAP2K3+IKZF3,combo_seen2,1.5694663524627686,,,0.0,0.2611846923828125,1.5694663524627686
1,No change,KLF1+COL2A1,combo_seen1,0.6451014876365662,,,0.0,0.2512359917163849,0.6451014876365662
1,No change,PTPN12+OSR2,combo_seen1,0.14751417934894562,,,0.0,0.6987262964248657,0.14751417934894562
1,No change,ETS2+CEBPE,combo_seen2,0.7741341590881348,,,0.0,0.9394870400428772,0.7741341590881348
1,No change,POU3F2+FOXL2,combo_seen1,0.4562123417854309,,,0.0,-0.47649580240249634,0.4562123417854309
1,No change,DUSP9+PRTG,combo_seen0,1.1511764526367188,,,0.0,0.9665448069572449,1.1511764526367188
1,No change,CKS1B+ctrl,unseen_single,0.3662514090538025,,,0.0,,
1,No change,BCL2L11+TGFBR2,combo_seen1,0.12424381077289581,,,0.0,-0.28066328167915344,0.12424381077289581
1,No change,AHR+KLF1,combo_seen2,0.686873197555542,,,0.0,0.8740396499633789,0.686873197555542
1,No change,CEBPB+CEBPA,combo_seen1,1.598396897315979,,,0.0,0.9932630658149719,1.598396897315979
1,No change,PRTG+ctrl,unseen_single,0.5080361366271973,,,0.0,,
1,No change,ETS2+CNN1,combo_seen2,0.2405458688735962,,,0.0,0.22547896206378937,0.2405458688735962
1,No change,C3orf72+ctrl,unseen_single,0.22725827991962433,,,0.0,,
1,No change,CNN1+MAPK1,combo_seen2,0.23712635040283203,,,0.0,0.47411656379699707,0.23712635040283203
1,No change,FOXL2+MEIS1,combo_seen0,0.2673860192298889,,,0.0,-0.6135022044181824,0.2673860192298889
1,No change,FOXL2+ctrl,unseen_single,0.1517319232225418,,,0.0,,
1,No change,FOSB+CEBPE,combo_seen2,1.2431919574737549,,,0.0,0.5887565016746521,1.2431919574737549
1,No change,PTPN12+PTPN9,combo_seen1,0.6518785953521729,,,0.0,-0.39098113775253296,0.6518785953521729
1,No change,FOSB+CEBPB,combo_seen1,1.1400434970855713,,,0.0,-0.3179520070552826,1.1400434970855713
1,No change,ctrl+CDKN1A,unseen_single,0.3688916862010956,,,0.0,,
1,No change,BCL2L11+BAK1,combo_seen1,0.025255760177969933,,,0.0,0.06566105037927628,0.025255760177969933
1,No change,FOXA3+HOXB9,combo_seen2,0.5472209453582764,,,0.0,-0.6802390217781067,0.5472209453582764
1,No change,ARID1A+ctrl,unseen_single,0.3666671812534332,,,0.0,,
1,No change,ctrl+COL2A1,unseen_single,0.564376711845398,,,0.0,,
1,No change,CEBPE+CNN1,combo_seen2,0.3432162404060364,,,0.0,0.7197063565254211,0.3432162404060364
1,No change,ZC3HAV1+HOXC13,combo_seen2,0.2417815923690796,,,0.0,0.32067543268203735,0.2417815923690796
1,No change,CBL+CNN1,combo_seen1,1.6469933986663818,,,0.0,-0.4180424213409424,1.6469933986663818
1,No change,ZBTB10+PTPN12,combo_seen1,0.3468976616859436,,,0.0,0.28435519337654114,0.3468976616859436
1,No change,CBL+UBASH3B,combo_seen1,1.247373104095459,,,0.0,-0.6821771860122681,1.247373104095459
1,No change,CEBPB+PTPN12,combo_seen1,0.35692816972732544,,,0.0,0.7029322981834412,0.35692816972732544
1,No change,BCL2L11+ctrl,unseen_single,0.019473785534501076,,,0.0,,
1,No change,OSR2+ctrl,unseen_single,0.4287569522857666,,,0.0,,
1,No change,ctrl+SPI1,unseen_single,0.4993215501308441,,,0.0,,
1,No change,CEBPB+MAPK1,combo_seen1,0.8044971227645874,,,0.0,0.9671913385391235,0.8044971227645874
1,No change,ETS2+MAPK1,combo_seen2,1.064429521560669,,,0.0,0.8198584318161011,1.064429521560669
1,No change,DUSP9+IGDCC3,combo_seen1,1.0386292934417725,,,0.0,0.9269733428955078,1.0386292934417725
1,No change,CEBPB+ctrl,unseen_single,0.5547780394554138,,,0.0,,
1,No change,CBL+PTPN12,combo_seen1,0.9834672808647156,,,0.0,-0.42123162746429443,0.9834672808647156
1,No change,CEBPB+OSR2,combo_seen0,0.7802659869194031,,,0.0,0.7991558313369751,0.7802659869194031
1,No change,ctrl+PRTG,unseen_single,0.47762051224708557,,,0.0,,
1,No change,SGK1+S1PR2,combo_seen1,0.7041481733322144,,,0.0,0.4899769127368927,0.7041481733322144
1,No change,DUSP9+KLF1,combo_seen1,1.5251715183258057,,,0.0,0.7100154161453247,1.5251715183258057
1,No change,CDKN1B+ctrl,unseen_single,0.2520004212856293,,,0.0,,
1,No change,FEV+ISL2,combo_seen2,0.7937198877334595,,,0.0,-0.641437292098999,0.7937198877334595
1,No change,JUN+ctrl,unseen_single,0.30772972106933594,,,0.0,,
1,No change,POU3F2+CBFA2T3,combo_seen2,0.28868868947029114,,,0.0,-0.4383612275123596,0.28868868947029114
1,No change,FOXA1+HOXB9,combo_seen2,0.4246361255645752,,,0.0,-0.664226770401001,0.4246361255645752
1,No change,ZBTB10+ctrl,unseen_single,0.40617331862449646,,,0.0,,
1,No change,CEBPE+SPI1,combo_seen1,1.7020995616912842,,,0.0,0.6905176043510437,1.7020995616912842
1,No change,PTPN13+ctrl,unseen_single,0.17593929171562195,,,0.0,,
1,No change,CBL+TGFBR2,combo_seen1,0.5457083582878113,,,0.0,-0.355396568775177,0.5457083582878113
1,No change,FOXA1+FOXL2,combo_seen1,0.30738502740859985,,,0.0,-0.37417587637901306,0.30738502740859985
1,No change,FOXF1+FOXL2,combo_seen1,0.40013498067855835,,,0.0,-0.6975114345550537,0.40013498067855835
1,No change,ETS2+PRTG,combo_seen1,0.30285078287124634,,,0.0,0.3435371518135071,0.30285078287124634
1,No change,PTPN9+ctrl,unseen_single,0.10357238352298737,,,0.0,,
1,No change,LYL1+CEBPB,combo_seen1,0.4171780049800873,,,0.0,0.33012956380844116,0.4171780049800873
1,No change,DUSP9+SNAI1,combo_seen1,0.6819252371788025,,,0.0,-0.0768955796957016,0.6819252371788025
1,No change,ctrl+CEBPB,unseen_single,0.617763876914978,,,0.0,,
1,No change,TGFBR2+PRTG,combo_seen1,0.5555855631828308,,,0.0,0.7848601341247559,0.5555855631828308
1,No change,PRDM1+ctrl,unseen_single,0.8622359037399292,,,0.0,,
1,No change,FOSB+OSR2,combo_seen1,0.7942751049995422,,,0.0,0.38800978660583496,0.7942751049995422
1,No change,FOXL2+HOXB9,combo_seen1,0.5578526258468628,,,0.0,-0.46948960423469543,0.5578526258468628
1,No change,ctrl+PTPN9,unseen_single,0.10969036817550659,,,0.0,,
1,No change,ctrl+OSR2,unseen_single,0.35058456659317017,,,0.0,,
1,No change,ZBTB10+ELMSAN1,combo_seen1,0.4472128450870514,,,0.0,-0.7271461486816406,0.4472128450870514
1,No change,JUN+CEBPB,combo_seen0,0.8642336130142212,,,0.0,-0.5566713213920593,0.8642336130142212
1,No change,ZBTB10+SNAI1,combo_seen1,0.9303131103515625,,,0.0,-0.3083679676055908,0.9303131103515625
1,No change,ctrl+FOXL2,unseen_single,0.15023086965084076,,,0.0,,
1,No change,CEBPE+CEBPB,combo_seen1,1.2133539915084839,,,0.0,0.8104149103164673,1.2133539915084839
1,No change,PRDM1+CBFA2T3,combo_seen1,0.7162413001060486,,,0.0,-0.5842604637145996,0.7162413001060486
1,No change,FOXA3+FOXL2,combo_seen1,0.5369858741760254,,,0.0,-0.6453894376754761,0.5369858741760254
1,No change,CDKN1C+CDKN1B,combo_seen0,0.5485933423042297,,,0.0,0.9492527842521667,0.5485933423042297
1,No change,CDKN1C+CDKN1A,combo_seen0,0.5934043526649475,,,0.0,0.937006950378418,0.5934043526649475
1,No change,SPI1+ctrl,unseen_single,0.7641857862472534,,,0.0,,
1,No change,EGR1+ctrl,unseen_single,0.13535982370376587,,,0.0,,
1,No change,ZBTB10+DLX2,combo_seen1,0.7339025139808655,,,0.0,-0.7434961199760437,0.7339025139808655
1,No change,CBL+UBASH3A,combo_seen1,0.5686988830566406,,,0.0,-0.7422916293144226,0.5686988830566406
1,No change,SNAI1+DLX2,combo_seen2,0.5488580465316772,,,0.0,0.03799512982368469,0.5488580465316772
1,No change,IGDCC3+PRTG,combo_seen1,0.6110531091690063,,,0.0,0.9494746327400208,0.6110531091690063
1,No change,CDKN1C+ctrl,unseen_single,0.32178041338920593,,,0.0,,
1,No change,ctrl+CDKN1B,unseen_single,0.1369590312242508,,,0.0,,
1,No change,CDKN1B+CDKN1A,combo_seen0,0.4674360752105713,,,0.0,0.921787440776825,0.4674360752105713
1,No change,C3orf72+FOXL2,combo_seen0,0.20405550301074982,,,0.0,0.6731420159339905,0.20405550301074982
1,Train mean,CBL+PTPN9,combo_seen0,0.3299163281917572,0.7276251912117004,0.9381769895553589,0.95,-0.18979565799236298,0.3299163281917572
1,Train mean,DUSP9+ctrl,unseen_single,0.5376495122909546,0.5820409655570984,0.785625696182251,0.8,,
1,Train mean,MAP2K6+SPI1,combo_seen1,0.15766088664531708,0.4989694058895111,0.7629406452178955,0.75,0.8798015117645264,0.15766087174415588
1,Train mean,UBASH3B+PTPN12,combo_seen2,0.567639946937561,0.6572899222373962,0.9177594184875488,0.85,-0.5101458430290222,0.567639946937561
1,Train mean,BCORL1+ctrl,unseen_single,0.0753893107175827,0.34634268283843994,0.4117172062397003,0.8,,
1,Train mean,MEIS1+ctrl,unseen_single,0.017856989055871964,0.609950602054596,0.8579861521720886,0.9,,
1,Train mean,CBL+ctrl,unseen_single,0.14268635213375092,0.566860556602478,0.7317153215408325,0.85,,
1,Train mean,KLF1+FOXA1,combo_seen2,0.3522213101387024,0.5105452537536621,0.5735337734222412,0.8,0.3055870831012726,0.3522213101387024
1,Train mean,TBX3+TBX2,combo_seen2,0.7840210199356079,0.44930702447891235,0.3974188566207886,0.75,0.8900527954101562,0.7840210199356079
1,Train mean,SLC4A1+ctrl,unseen_single,0.304743230342865,0.1994008868932724,-0.039642319083213806,0.6,,
1,Train mean,DUSP9+MAPK1,combo_seen1,0.16475677490234375,0.4477575421333313,0.6673293709754944,0.95,0.8180844187736511,0.16475677490234375
1,Train mean,COL2A1+ctrl,unseen_single,0.6096361875534058,0.19597144424915314,-0.12607954442501068,0.65,,
1,Train mean,CEBPE+KLF1,combo_seen2,0.34437301754951477,0.18299421668052673,0.38282108306884766,0.65,0.7322394251823425,0.34437301754951477
1,Train mean,UBASH3B+OSR2,combo_seen1,0.17235121130943298,0.19322934746742249,0.0904506966471672,0.65,0.1705542653799057,0.1723511964082718
1,Train mean,UBASH3B+ZBTB25,combo_seen2,0.45811399817466736,0.7021334171295166,0.9300423264503479,0.85,-0.2803674042224884,0.45811399817466736
1,Train mean,DUSP9+ETS2,combo_seen1,0.3528079390525818,0.622200608253479,0.811297595500946,0.85,0.4035113751888275,0.3528079390525818
1,Train mean,ZNF318+FOXL2,combo_seen1,0.073846235871315,0.8015905022621155,0.8918280005455017,0.9,0.21187946200370789,0.073846235871315
1,Train mean,UBASH3B+PTPN9,combo_seen1,0.3370528221130371,0.7380893230438232,0.926490306854248,0.95,-0.39821818470954895,0.3370527923107147
1,Train mean,S1PR2+ctrl,unseen_single,0.2844352424144745,0.5574005842208862,0.7914988994598389,0.8,,
1,Train mean,CELF2+ctrl,unseen_single,0.14023593068122864,0.2937278151512146,-0.052280113101005554,0.6,,
1,Train mean,JUN+CEBPA,combo_seen1,1.9460824728012085,0.5607551336288452,0.7792972326278687,0.9,0.7148779034614563,1.9460824728012085
1,Train mean,CDKN1A+ctrl,unseen_single,0.13243237137794495,0.7480421662330627,0.9075261354446411,0.95,,
1,Train mean,ctrl+MEIS1,unseen_single,0.01619422622025013,0.5403988361358643,0.8523141145706177,0.95,,
1,Train mean,MAPK1+PRTG,combo_seen1,0.18767325580120087,0.49124079942703247,0.7047052383422852,0.9,0.5594710111618042,0.18767325580120087
1,Train mean,MAP2K3+IKZF3,combo_seen2,1.2242631912231445,0.597562849521637,0.8462337851524353,0.8,0.25165894627571106,1.2242631912231445
1,Train mean,KLF1+COL2A1,combo_seen1,0.6481672525405884,0.21953879296779633,0.218869149684906,0.65,0.2130872905254364,0.6481672525405884
1,Train mean,PTPN12+OSR2,combo_seen1,0.1272026151418686,0.409920334815979,0.4967533051967621,0.8,0.7113728523254395,0.1272026151418686
1,Train mean,ETS2+CEBPE,combo_seen2,0.8078174591064453,0.320771187543869,-0.09638708084821701,0.65,0.9420398473739624,0.8078174591064453
1,Train mean,POU3F2+FOXL2,combo_seen1,0.2423619031906128,0.8020457625389099,0.9386756420135498,0.9,-0.304755300283432,0.2423619031906128
1,Train mean,DUSP9+PRTG,combo_seen0,0.84648597240448,0.6922458410263062,0.8714818358421326,0.85,0.9635217785835266,0.84648597240448
1,Train mean,CKS1B+ctrl,unseen_single,0.276054710149765,0.620240330696106,0.6736293435096741,0.85,,
1,Train mean,BCL2L11+TGFBR2,combo_seen1,0.05868306756019592,0.2996298670768738,0.7677831649780273,0.8,0.04146069288253784,0.05868306756019592
1,Train mean,AHR+KLF1,combo_seen2,0.5522232055664062,0.23036633431911469,0.5608371496200562,0.6,0.7508836388587952,0.5522232055664062
1,Train mean,CEBPB+CEBPA,combo_seen1,1.426287055015564,0.5306227207183838,0.5569120049476624,0.8,0.9909046292304993,1.4262869358062744
1,Train mean,PRTG+ctrl,unseen_single,0.3089844882488251,0.6818113327026367,0.8992283940315247,0.9,,
1,Train mean,ETS2+CNN1,combo_seen2,0.13674475252628326,0.6117807626724243,0.7964751124382019,1.0,0.26451575756073,0.13674475252628326
1,Train mean,C3orf72+ctrl,unseen_single,0.11859102547168732,0.7287496328353882,0.8462494015693665,0.85,,
1,Train mean,CNN1+MAPK1,combo_seen2,0.18171723186969757,0.493734210729599,0.7719528675079346,0.9,0.46270033717155457,0.18171723186969757
1,Train mean,FOXL2+MEIS1,combo_seen0,0.12413676083087921,0.7426373362541199,0.8958578109741211,0.9,-0.49607613682746887,0.12413676083087921
1,Train mean,FOXL2+ctrl,unseen_single,0.14201942086219788,0.582704484462738,0.3064669370651245,0.7,,
1,Train mean,FOSB+CEBPE,combo_seen2,1.1083768606185913,0.5405563712120056,0.31236395239830017,0.75,0.6172224879264832,1.1083768606185913
1,Train mean,PTPN12+PTPN9,combo_seen1,0.41699448227882385,0.6701128482818604,0.8697704076766968,0.9,-0.3367082178592682,0.41699448227882385
1,Train mean,FOSB+CEBPB,combo_seen1,1.021008849143982,0.542035698890686,0.5131627917289734,0.7,-0.26464223861694336,1.021008849143982
1,Train mean,ctrl+CDKN1A,unseen_single,0.18372727930545807,0.7038926482200623,0.8673739433288574,0.95,,
1,Train mean,BCL2L11+BAK1,combo_seen1,0.03374393284320831,-0.06259073317050934,0.12995097041130066,0.25,0.07504633069038391,0.033743929117918015
1,Train mean,FOXA3+HOXB9,combo_seen2,0.3132566213607788,0.7823527455329895,0.9300373196601868,1.0,-0.6731224060058594,0.3132566213607788
1,Train mean,ARID1A+ctrl,unseen_single,0.21279995143413544,0.7477315068244934,0.798226535320282,0.95,,
1,Train mean,ctrl+COL2A1,unseen_single,0.561754047870636,0.2528599798679352,0.11787167936563492,0.7,,
1,Train mean,CEBPE+CNN1,combo_seen2,0.23240116238594055,0.607419490814209,0.7508466243743896,0.85,0.7084432244300842,0.23240116238594055
1,Train mean,ZC3HAV1+HOXC13,combo_seen2,0.13795259594917297,0.6390931010246277,0.8178011775016785,0.95,0.31520313024520874,0.13795259594917297
1,Train mean,CBL+CNN1,combo_seen1,1.2524811029434204,0.663446307182312,0.8960134983062744,0.95,-0.36917006969451904,1.2524811029434204
1,Train mean,ZBTB10+PTPN12,combo_seen1,0.19818410277366638,0.7354670166969299,0.8644255995750427,0.8,0.26796966791152954,0.19818410277366638
1,Train mean,CBL+UBASH3B,combo_seen1,0.8688931465148926,0.7191881537437439,0.9411953091621399,0.95,-0.5972446799278259,0.8688931465148926
1,Train mean,CEBPB+PTPN12,combo_seen1,0.21830356121063232,0.7115501165390015,0.9276775121688843,0.85,0.7402687668800354,0.21830356121063232
1,Train mean,BCL2L11+ctrl,unseen_single,0.016994589939713478,0.1838253140449524,0.4361765682697296,0.4,,
1,Train mean,OSR2+ctrl,unseen_single,0.4800282418727875,0.20195257663726807,-0.47568562626838684,0.55,,
1,Train mean,ctrl+SPI1,unseen_single,0.3391302227973938,0.7341786026954651,0.8457942605018616,0.95,,
1,Train mean,CEBPB+MAPK1,combo_seen1,0.7385074496269226,0.36066538095474243,0.11251983791589737,0.8,0.9625910520553589,0.7385074496269226
1,Train mean,ETS2+MAPK1,combo_seen2,1.0565695762634277,0.3004017770290375,-0.06868063658475876,0.75,0.8415685892105103,1.0565695762634277
1,Train mean,DUSP9+IGDCC3,combo_seen1,0.7670487761497498,0.7015098333358765,0.8378466367721558,0.85,0.918193519115448,0.7670487761497498
1,Train mean,CEBPB+ctrl,unseen_single,0.48717814683914185,0.5391181707382202,0.24815374612808228,0.75,,
1,Train mean,CBL+PTPN12,combo_seen1,0.6856108903884888,0.6151122450828552,0.9081097841262817,0.8,-0.385064959526062,0.6856108903884888
1,Train mean,CEBPB+OSR2,combo_seen0,0.6851850748062134,0.5062983632087708,0.5439567565917969,0.65,0.8126012086868286,0.6851850748062134
1,Train mean,ctrl+PRTG,unseen_single,0.28887683153152466,0.642895519733429,0.8834701180458069,0.85,,
1,Train mean,SGK1+S1PR2,combo_seen1,0.4805940091609955,0.7303827404975891,0.8934348225593567,0.9,0.4910522699356079,0.4805940091609955
1,Train mean,DUSP9+KLF1,combo_seen1,1.204404592514038,0.5403019785881042,0.7195858359336853,0.65,0.7183707356452942,1.204404592514038
1,Train mean,CDKN1B+ctrl,unseen_single,0.0926041528582573,0.768977701663971,0.9419436454772949,1.0,,
1,Train mean,FEV+ISL2,combo_seen2,0.6255607008934021,0.57589191198349,0.7424464821815491,0.9,-0.5633889436721802,0.6255607008934021
1,Train mean,JUN+ctrl,unseen_single,0.20193226635456085,0.617967963218689,0.8629319667816162,0.9,,
1,Train mean,POU3F2+CBFA2T3,combo_seen2,0.12116634845733643,0.7653167843818665,0.9072610139846802,0.9,-0.1741478592157364,0.12116634845733643
1,Train mean,FOXA1+HOXB9,combo_seen2,0.22411584854125977,0.7933362126350403,0.9149653911590576,0.95,-0.5593373775482178,0.22411584854125977
1,Train mean,ZBTB10+ctrl,unseen_single,0.27422574162483215,0.6243191361427307,0.6299076080322266,0.85,,
1,Train mean,CEBPE+SPI1,combo_seen1,1.4438421726226807,0.5931095480918884,0.8313450813293457,0.8,0.6891357898712158,1.4438421726226807
1,Train mean,PTPN13+ctrl,unseen_single,0.137798473238945,0.5862060189247131,0.6781770586967468,0.95,,
1,Train mean,CBL+TGFBR2,combo_seen1,0.35107511281967163,0.6061077117919922,0.860310435295105,0.85,-0.2684362828731537,0.35107511281967163
1,Train mean,FOXA1+FOXL2,combo_seen1,0.15321436524391174,0.7258842587471008,0.9710873365402222,1.0,-0.2811262607574463,0.15321436524391174
1,Train mean,FOXF1+FOXL2,combo_seen1,0.22267957031726837,0.7118301391601562,0.8934172987937927,0.9,-0.5360143780708313,0.22267957031726837
1,Train mean,ETS2+PRTG,combo_seen1,0.1790052056312561,0.6794016361236572,0.8404711484909058,0.85,0.33047178387641907,0.1790052056312561
1,Train mean,PTPN9+ctrl,unseen_single,0.042615603655576706,0.5903497934341431,0.7970297932624817,0.65,,
1,Train mean,LYL1+CEBPB,combo_seen1,0.3176862597465515,0.611051082611084,0.6672272682189941,0.8,0.3779231309890747,0.3176862597465515
1,Train mean,DUSP9+SNAI1,combo_seen1,0.43558067083358765,0.7168175578117371,0.8729491233825684,0.95,-0.0213621873408556,0.43558067083358765
1,Train mean,ctrl+CEBPB,unseen_single,0.5347458720207214,0.5490699410438538,0.3983599841594696,0.8,,
1,Train mean,TGFBR2+PRTG,combo_seen1,0.347859650850296,0.6820098757743835,0.8919849395751953,0.9,0.7850983142852783,0.3478596806526184
1,Train mean,PRDM1+ctrl,unseen_single,0.5767613649368286,0.6968932151794434,0.9138325452804565,0.7,,
1,Train mean,FOSB+OSR2,combo_seen1,0.8107810020446777,0.27767619490623474,-0.2542955279350281,0.5,0.4158320128917694,0.8107810020446777
1,Train mean,FOXL2+HOXB9,combo_seen1,0.3160989284515381,0.738362193107605,0.9218830466270447,0.95,-0.42429420351982117,0.3160989284515381
1,Train mean,ctrl+PTPN9,unseen_single,0.040464483201503754,0.6045854687690735,0.819248616695404,0.8,,
1,Train mean,ctrl+OSR2,unseen_single,0.40024977922439575,0.18337935209274292,-0.4750381410121918,0.55,,
1,Train mean,ZBTB10+ELMSAN1,combo_seen1,0.287431538105011,0.6573660373687744,0.8525126576423645,0.8,-0.6628739833831787,0.287431538105011
1,Train mean,JUN+CEBPB,combo_seen0,0.630922257900238,0.67893385887146,0.8796037435531616,1.0,-0.5901966691017151,0.6309223175048828
1,Train mean,ZBTB10+SNAI1,combo_seen1,0.8191161155700684,0.5843525528907776,0.3909945487976074,0.8,-0.24309086799621582,0.8191161155700684
1,Train mean,ctrl+FOXL2,unseen_single,0.12873147428035736,0.622952938079834,0.398430198431015,0.7,,
1,Train mean,CEBPE+CEBPB,combo_seen1,1.0604515075683594,0.5601609945297241,0.5108237862586975,0.75,0.8204922080039978,1.0604515075683594
1,Train mean,PRDM1+CBFA2T3,combo_seen1,0.4476354122161865,0.8320838809013367,0.9323279857635498,0.95,-0.5338461995124817,0.4476354122161865
1,Train mean,FOXA3+FOXL2,combo_seen1,0.32438746094703674,0.7241765856742859,0.8865968585014343,0.95,-0.6119931936264038,0.32438746094703674
1,Train mean,CDKN1C+CDKN1B,combo_seen0,0.31009596586227417,0.7356104254722595,0.8954324722290039,0.9,0.9497633576393127,0.31009596586227417
1,Train mean,CDKN1C+CDKN1A,combo_seen0,0.3541789948940277,0.7294073700904846,0.9101892709732056,0.95,0.9379062652587891,0.3541789948940277
1,Train mean,SPI1+ctrl,unseen_single,0.5473750829696655,0.766845166683197,0.8616144061088562,0.85,,
1,Train mean,EGR1+ctrl,unseen_single,0.040075164288282394,0.724841833114624,0.8848955035209656,0.9,,
1,Train mean,ZBTB10+DLX2,combo_seen1,0.5698778629302979,0.5990954041481018,0.6571440100669861,0.8,-0.7628999352455139,0.5698778629302979
1,Train mean,CBL+UBASH3A,combo_seen1,0.32805266976356506,0.71271812915802,0.9296177625656128,0.95,-0.6672477126121521,0.32805266976356506
1,Train mean,SNAI1+DLX2,combo_seen2,0.5586484670639038,0.5967704057693481,0.09646423906087875,0.7,0.21626077592372894,0.5586484670639038
1,Train mean,IGDCC3+PRTG,combo_seen1,0.3908763527870178,0.7299768328666687,0.8541673421859741,0.85,0.9422532320022583,0.3908763527870178
1,Train mean,CDKN1C+ctrl,unseen_single,0.1594763845205307,0.7126176953315735,0.8639141917228699,0.8,,
1,Train mean,ctrl+CDKN1B,unseen_single,0.034952931106090546,0.7171489596366882,0.9341872930526733,0.95,,
1,Train mean,CDKN1B+CDKN1A,combo_seen0,0.2588323950767517,0.7530251145362854,0.9118339419364929,0.95,0.9085971117019653,0.2588323950767517
1,Train mean,C3orf72+FOXL2,combo_seen0,0.10833610594272614,0.678561270236969,0.8446545004844666,0.85,0.7303470373153687,0.10833609104156494
1,Additive,CBL+PTPN9,combo_seen0,0.2527318596839905,0.7043679356575012,0.9025097489356995,0.95,-0.10634315758943558,0.2527318596839905
1,Additive,DUSP9+ctrl,unseen_single,0.5938843488693237,0.5612605810165405,0.7737604975700378,0.8,,
1,Additive,MAP2K6+SPI1,combo_seen1,0.15357720851898193,0.379658967256546,0.65501868724823,0.8,0.9119364619255066,0.15357720851898193
1,Additive,UBASH3B+PTPN12,combo_seen2,0.045432765036821365,0.9310980439186096,0.9787854552268982,1.0,0.48045387864112854,0.045432765036821365
1,Additive,BCORL1+ctrl,unseen_single,0.07542379200458527,0.3581349551677704,0.4239596128463745,0.8,,
1,Additive,MEIS1+ctrl,unseen_single,0.024424457922577858,0.6051075458526611,0.814497172832489,1.0,,
1,Additive,CBL+ctrl,unseen_single,0.16625908017158508,0.5468891263008118,0.7292681932449341,0.9,,
1,Additive,KLF1+FOXA1,combo_seen2,0.3353586792945862,0.5213302373886108,0.44548824429512024,0.85,0.37029048800468445,0.3353586792945862
1,Additive,TBX3+TBX2,combo_seen2,0.3184959888458252,0.8142579793930054,0.8151225447654724,0.85,0.4751875102519989,0.3184959888458252
1,Additive,SLC4A1+ctrl,unseen_single,0.2906147837638855,0.238112211227417,-0.02415345422923565,0.55,,
1,Additive,DUSP9+MAPK1,combo_seen1,0.2815352976322174,0.3737731873989105,0.4826170802116394,0.8,0.5993072986602783,0.2815352976322174
1,Additive,COL2A1+ctrl,unseen_single,0.5847229361534119,0.2166670709848404,-0.04322798177599907,0.65,,
1,Additive,CEBPE+KLF1,combo_seen2,0.46065554022789,0.33487001061439514,0.35904189944267273,0.5,-0.2054930329322815,0.46065554022789
1,Additive,UBASH3B+OSR2,combo_seen1,0.23491251468658447,-0.007526712026447058,-0.09699994325637817,0.25,0.14547111093997955,0.23491251468658447
1,Additive,UBASH3B+ZBTB25,combo_seen2,0.03794203698635101,0.9442086219787598,0.9813087582588196,1.0,0.45179158449172974,0.03794203698635101
1,Additive,DUSP9+ETS2,combo_seen1,0.6832417249679565,0.14844229817390442,0.06642785668373108,0.5,-0.10133080184459686,0.6832417249679565
1,Additive,ZNF318+FOXL2,combo_seen1,0.03656553477048874,0.8218448758125305,0.920253336429596,0.95,0.47751903533935547,0.03656553477048874
1,Additive,UBASH3B+PTPN9,combo_seen1,0.1309751719236374,0.9116725325584412,0.9705475568771362,1.0,-0.0404679961502552,0.1309751719236374
1,Additive,S1PR2+ctrl,unseen_single,0.32121527194976807,0.5413960218429565,0.8056831955909729,0.85,,
1,Additive,CELF2+ctrl,unseen_single,0.13664337992668152,0.30747297406196594,-0.02999844402074814,0.65,,
1,Additive,JUN+CEBPA,combo_seen1,0.02098603919148445,0.9635056257247925,0.9963156580924988,1.0,0.8264073729515076,0.02098603919148445
1,Additive,CDKN1A+ctrl,unseen_single,0.16531401872634888,0.7416400909423828,0.8988534808158875,0.95,,
1,Additive,ctrl+MEIS1,unseen_single,0.021053733304142952,0.5408561825752258,0.823663592338562,1.0,,
1,Additive,MAPK1+PRTG,combo_seen1,0.25205689668655396,0.5413329601287842,0.47483935952186584,0.75,0.37361082434654236,0.25205689668655396
1,Additive,MAP2K3+IKZF3,combo_seen2,0.0438360720872879,0.9486610889434814,0.9862375855445862,1.0,0.6477364897727966,0.0438360720872879
1,Additive,KLF1+COL2A1,combo_seen1,0.658052921295166,0.21302920579910278,0.26697680354118347,0.65,0.18855752050876617,0.6580528616905212
1,Additive,PTPN12+OSR2,combo_seen1,0.12153130769729614,0.3407180905342102,0.40920066833496094,0.75,0.7683447599411011,0.12153132259845734
1,Additive,ETS2+CEBPE,combo_seen2,0.0751442164182663,0.9644638895988464,0.994127094745636,1.0,,0.0751442164182663
1,Additive,POU3F2+FOXL2,combo_seen1,0.049006979912519455,0.851539134979248,0.9802179336547852,1.0,-0.13524124026298523,0.049006979912519455
1,Additive,DUSP9+PRTG,combo_seen0,0.7572900056838989,0.6626719832420349,0.8410409092903137,0.8,0.9586586356163025,0.7572900056838989
1,Additive,CKS1B+ctrl,unseen_single,0.2994946837425232,0.6054934859275818,0.6824617385864258,0.9,,
1,Additive,BCL2L11+TGFBR2,combo_seen1,0.024218613281846046,0.5877915024757385,0.8923413157463074,0.9,0.340218186378479,0.024218611419200897
1,Additive,AHR+KLF1,combo_seen2,0.39973700046539307,0.3884858191013336,0.5065760612487793,0.85,0.4178692698478699,0.39973700046539307
1,Additive,CEBPB+CEBPA,combo_seen1,0.07573077082633972,0.9721814393997192,0.9962190389633179,1.0,0.9751185178756714,0.07573077082633972
1,Additive,PRTG+ctrl,unseen_single,0.3659939467906952,0.6528845429420471,0.8618438243865967,0.9,,
1,Additive,ETS2+CNN1,combo_seen2,0.012037167325615883,0.8681141138076782,0.9763914346694946,1.0,,0.012037167325615883
1,Additive,C3orf72+ctrl,unseen_single,0.12865975499153137,0.7627668976783752,0.8651577234268188,0.9,,
1,Additive,CNN1+MAPK1,combo_seen2,0.021380731835961342,0.8845013976097107,0.9681828022003174,1.0,0.5073865056037903,0.021380731835961342
1,Additive,FOXL2+MEIS1,combo_seen0,0.07734445482492447,0.757888674736023,0.894417941570282,0.95,-0.34695813059806824,0.07734445482492447
1,Additive,FOXL2+ctrl,unseen_single,0.1290440708398819,0.629996120929718,0.3801342248916626,0.8,,
1,Additive,FOSB+CEBPE,combo_seen2,0.059637874364852905,0.9290609359741211,0.9778141975402832,1.0,,0.059637874364852905
1,Additive,PTPN12+PTPN9,combo_seen1,0.06716112047433853,0.9091817736625671,0.970747709274292,1.0,0.024907266721129417,0.06716112047433853
1,Additive,FOSB+CEBPB,combo_seen1,0.5218486785888672,0.8512894511222839,0.9235275983810425,0.95,-0.3438131809234619,0.5218486785888672
1,Additive,ctrl+CDKN1A,unseen_single,0.21665377914905548,0.7046943306922913,0.873810887336731,0.95,,
1,Additive,BCL2L11+BAK1,combo_seen1,0.02047083154320717,0.11560960859060287,0.4328370690345764,0.3,0.28435009717941284,0.02047083154320717
1,Additive,FOXA3+HOXB9,combo_seen2,0.0409398153424263,0.9154199957847595,0.9839304685592651,1.0,-0.4198152720928192,0.0409398153424263
1,Additive,ARID1A+ctrl,unseen_single,0.23141661286354065,0.749912440776825,0.8072149157524109,0.95,,
1,Additive,ctrl+COL2A1,unseen_single,0.5517694354057312,0.2732993960380554,0.1716129183769226,0.7,,
1,Additive,CEBPE+CNN1,combo_seen2,0.06352149695158005,0.8633923530578613,0.9535405039787292,0.95,,0.06352149695158005
1,Additive,ZC3HAV1+HOXC13,combo_seen2,0.01890740916132927,0.893115222454071,0.9641407132148743,1.0,,0.01890740916132927
1,Additive,CBL+CNN1,combo_seen1,0.3906068503856659,0.9099108576774597,0.9481301307678223,1.0,-0.3548199534416199,0.3906068503856659
1,Additive,ZBTB10+PTPN12,combo_seen1,0.10316754877567291,0.5682803392410278,0.9102124571800232,0.9,0.2774803042411804,0.10316754877567291
1,Additive,CBL+UBASH3B,combo_seen1,0.4814468026161194,0.8844133615493774,0.9739146828651428,1.0,-0.5437716245651245,0.4814468026161194
1,Additive,CEBPB+PTPN12,combo_seen1,0.192758709192276,0.5888106226921082,0.757021963596344,0.75,0.6613519191741943,0.192758709192276
1,Additive,BCL2L11+ctrl,unseen_single,0.014835136011242867,0.16062112152576447,0.43691447377204895,0.35,,
1,Additive,OSR2+ctrl,unseen_single,0.45564478635787964,0.22697381675243378,-0.39151039719581604,0.55,,
1,Additive,ctrl+SPI1,unseen_single,0.37164613604545593,0.7292400598526001,0.8000965714454651,0.9,,
1,Additive,CEBPB+MAPK1,combo_seen1,0.05214187502861023,0.892815887928009,0.9698400497436523,1.0,0.9320355653762817,0.05214187502861023
1,Additive,ETS2+MAPK1,combo_seen2,0.11254601180553436,0.9522209763526917,0.9811257123947144,1.0,-0.1119406670331955,0.11254601180553436
1,Additive,DUSP9+IGDCC3,combo_seen1,0.23669154942035675,0.8326386213302612,0.9225953221321106,1.0,0.8708821535110474,0.23669154942035675
1,Additive,CEBPB+ctrl,unseen_single,0.4917014539241791,0.5554739236831665,0.3745993673801422,0.8,,
1,Additive,CBL+PTPN12,combo_seen1,0.17482666671276093,0.8851647973060608,0.9759792685508728,1.0,-0.41734790802001953,0.17482666671276093
1,Additive,CEBPB+OSR2,combo_seen0,0.6375315189361572,0.521883487701416,0.5865851044654846,0.7,0.8117081522941589,0.6375314593315125
1,Additive,ctrl+PRTG,unseen_single,0.34384438395500183,0.6122976541519165,0.8484192490577698,0.8,,
1,Additive,SGK1+S1PR2,combo_seen1,0.3106018900871277,0.7209734916687012,0.8468163013458252,0.9,0.27828624844551086,0.3106018900871277
1,Additive,DUSP9+KLF1,combo_seen1,1.1372907161712646,0.4978238642215729,0.6591293215751648,0.65,0.7110219597816467,1.1372907161712646
1,Additive,CDKN1B+ctrl,unseen_single,0.12410581111907959,0.7671154737472534,0.94373619556427,1.0,,
1,Additive,FEV+ISL2,combo_seen2,0.03132183104753494,0.9224947094917297,0.9854588508605957,1.0,0.7121476531028748,0.03132183104753494
1,Additive,JUN+ctrl,unseen_single,0.2115062028169632,0.6483020186424255,0.8630380034446716,0.9,,
1,Additive,POU3F2+CBFA2T3,combo_seen2,0.0187492985278368,0.8722130656242371,0.9751431941986084,1.0,0.6260585188865662,0.0187492985278368
1,Additive,FOXA1+HOXB9,combo_seen2,0.031056854873895645,0.9001153707504272,0.979557991027832,1.0,-0.4342191517353058,0.031056854873895645
1,Additive,ZBTB10+ctrl,unseen_single,0.27836471796035767,0.6704540848731995,0.6818251013755798,0.85,,
1,Additive,CEBPE+SPI1,combo_seen1,0.2960802912712097,0.9241642951965332,0.9659786224365234,1.0,0.7550021409988403,0.2960802912712097
1,Additive,PTPN13+ctrl,unseen_single,0.14275026321411133,0.5932010412216187,0.6713191866874695,0.9,,
1,Additive,CBL+TGFBR2,combo_seen1,0.22975286841392517,0.7688634395599365,0.9123209714889526,0.95,-0.17879414558410645,0.22975286841392517
1,Additive,FOXA1+FOXL2,combo_seen1,0.05436510592699051,0.7982137203216553,0.9667323231697083,1.0,-0.17652298510074615,0.05436509847640991
1,Additive,FOXF1+FOXL2,combo_seen1,0.1496225893497467,0.8195991516113281,0.9570761919021606,1.0,-0.5590963363647461,0.1496225893497467
1,Additive,ETS2+PRTG,combo_seen1,0.30444204807281494,0.3859066665172577,0.2791159152984619,0.75,0.00329421553760767,0.30444204807281494
1,Additive,PTPN9+ctrl,unseen_single,0.05314656347036362,0.5783771276473999,0.7672908902168274,0.65,,
1,Additive,LYL1+CEBPB,combo_seen1,0.2230869084596634,0.6112154722213745,0.6920666098594666,0.7,0.4758983552455902,0.2230869084596634
1,Additive,DUSP9+SNAI1,combo_seen1,0.25414133071899414,0.8352384567260742,0.8743143677711487,0.9,0.09253326803445816,0.25414133071899414
1,Additive,ctrl+CEBPB,unseen_single,0.5431203842163086,0.563133716583252,0.4964626133441925,0.85,,
1,Additive,TGFBR2+PRTG,combo_seen1,0.22151155769824982,0.8146796226501465,0.9431574940681458,1.0,0.7673280239105225,0.22151155769824982
1,Additive,PRDM1+ctrl,unseen_single,0.6640468835830688,0.6522038578987122,0.8685746788978577,0.75,,
1,Additive,FOSB+OSR2,combo_seen1,0.3168547451496124,0.8052189946174622,0.8389046788215637,0.95,0.42094942927360535,0.31685471534729004
1,Additive,FOXL2+HOXB9,combo_seen1,0.08399239182472229,0.8675371408462524,0.9582635760307312,1.0,-0.19011685252189636,0.08399239182472229
1,Additive,ctrl+PTPN9,unseen_single,0.049460865557193756,0.6009546518325806,0.8100307583808899,0.8,,
1,Additive,ctrl+OSR2,unseen_single,0.37435322999954224,0.2110961526632309,-0.37518924474716187,0.55,,
1,Additive,ZBTB10+ELMSAN1,combo_seen1,0.20908968150615692,0.68947434425354,0.8594796061515808,0.8,-0.5475327968597412,0.20908968150615692
1,Additive,JUN+CEBPB,combo_seen0,0.5112143754959106,0.6974384784698486,0.8680182099342346,0.95,-0.6195535659790039,0.5112143754959106
1,Additive,ZBTB10+SNAI1,combo_seen1,0.37707656621932983,0.8016994595527649,0.9317229986190796,1.0,-0.28927648067474365,0.37707656621932983
1,Additive,ctrl+FOXL2,unseen_single,0.11680641025304794,0.6679805517196655,0.4731549620628357,0.75,,
1,Additive,CEBPE+CEBPB,combo_seen1,0.15099914371967316,0.9321227669715881,0.9485064148902893,0.95,0.7972702980041504,0.15099914371967316
1,Additive,PRDM1+CBFA2T3,combo_seen1,0.5841270685195923,0.5409034490585327,0.4441884756088257,0.75,-0.6165313124656677,0.5841270685195923
1,Additive,FOXA3+FOXL2,combo_seen1,0.1255270093679428,0.824446439743042,0.947370707988739,1.0,-0.41733115911483765,0.1255270093679428
1,Additive,CDKN1C+CDKN1B,combo_seen0,0.23267093300819397,0.7289701104164124,0.8870048522949219,0.9,0.935471773147583,0.23267094790935516
1,Additive,CDKN1C+CDKN1A,combo_seen0,0.28282564878463745,0.7223416566848755,0.9024553298950195,0.95,0.9302138090133667,0.28282564878463745
1,Additive,SPI1+ctrl,unseen_single,0.5902292132377625,0.7662001252174377,0.8221849799156189,0.8,,
1,Additive,EGR1+ctrl,unseen_single,0.05510019138455391,0.7075071334838867,0.8637231588363647,0.9,,
1,Additive,ZBTB10+DLX2,combo_seen1,0.3746606409549713,0.7380160689353943,0.8913609385490417,0.95,-0.817121684551239,0.3746606409549713
1,Additive,CBL+UBASH3A,combo_seen1,0.33212319016456604,0.6543689966201782,0.8391671776771545,0.9,-0.6847546100616455,0.33212319016456604
1,Additive,SNAI1+DLX2,combo_seen2,0.040481626987457275,0.8470497131347656,0.9618738293647766,1.0,-0.570996105670929,0.040481626987457275
1,Additive,IGDCC3+PRTG,combo_seen1,0.047918789088726044,0.9060337543487549,0.9632031917572021,0.9,0.9405046701431274,0.047918789088726044
1,Additive,CDKN1C+ctrl,unseen_single,0.18672271072864532,0.7174093127250671,0.8739506602287292,0.9,,
1,Additive,ctrl+CDKN1B,unseen_single,0.05036114901304245,0.7247484922409058,0.9354528188705444,0.95,,
1,Additive,CDKN1B+CDKN1A,combo_seen0,0.18959975242614746,0.7524294257164001,0.9139134287834167,0.95,0.9021928906440735,0.18959975242614746
1,Additive,C3orf72+FOXL2,combo_seen0,0.06970061361789703,0.7127478718757629,0.85770183801651,0.9,0.7622781991958618,0.06970061361789703
1,Linear (PCA),CBL+PTPN9,combo_seen0,0.3557686498155476,0.6835428383081668,0.9007533926616553,0.95,-0.1953976656090601,0.3557686498155476
1,Linear (PCA),DUSP9+ctrl,unseen_single,0.5377086899945399,0.5887920005646151,0.7913851301678385,0.8,,
1,Linear (PCA),MAP2K6+SPI1,combo_seen1,0.10354446674649151,0.5989693931975095,0.8027796925726453,0.8,0.8542743557967214,0.10354446737702741
1,Linear (PCA),UBASH3B+PTPN12,combo_seen2,0.42447754072401295,0.77082424442119,0.956177376200143,0.95,-0.4735096629240065,0.42447754072401295
1,Linear (PCA),BCORL1+ctrl,unseen_single,0.07559194592904982,0.34606591790134356,0.4093597547947499,0.85,,
1,Linear (PCA),MEIS1+ctrl,unseen_single,0.016574768290560052,0.6262858532938533,0.8628005398920522,0.9,,
1,Linear (PCA),CBL+ctrl,unseen_single,0.15386317079607797,0.5236209004028021,0.7122425687179017,0.9,,
1,Linear (PCA),KLF1+FOXA1,combo_seen2,0.32103320154302106,0.480759160814644,0.48917424859484326,0.7,0.0377107382885332,0.32103320154302106
1,Linear (PCA),TBX3+TBX2,combo_seen2,0.7034696741926012,0.5453435658552238,0.659337222925273,0.75,0.893072385213942,0.7034696741926012
1,Linear (PCA),SLC4A1+ctrl,unseen_single,0.30790469330439557,0.19508524312116243,-0.04775948686367802,0.6,,
1,Linear (PCA),DUSP9+MAPK1,combo_seen1,0.1336056740336547,0.5667664469559588,0.7047668743929659,0.95,0.7892140546389087,0.13360567437734758
1,Linear (PCA),COL2A1+ctrl,unseen_single,0.5688143024599601,0.1911755674409488,0.03669676674532514,0.65,,
1,Linear (PCA),CEBPE+KLF1,combo_seen2,0.27873083091969325,0.3476893785440671,0.43435771019313923,0.7,0.5512078323557116,0.27873083091969325
1,Linear (PCA),UBASH3B+OSR2,combo_seen1,0.17791975327947585,0.1466224641026265,0.046709559732217014,0.6,0.17058264194893827,0.17791975327947585
1,Linear (PCA),UBASH3B+ZBTB25,combo_seen2,0.4007862276758276,0.7706913628080208,0.9395856744894842,0.85,-0.2751882192266521,0.4007862276758276
1,Linear (PCA),DUSP9+ETS2,combo_seen1,0.2971660701533099,0.6452489679226485,0.8037994145572622,0.8,0.4085982228725333,0.2971660701533099
1,Linear (PCA),ZNF318+FOXL2,combo_seen1,0.07615789544191381,0.8011593881274593,0.8878051192678504,0.95,0.20321569954860777,0.07615789544191381
1,Linear (PCA),UBASH3B+PTPN9,combo_seen1,0.289384125915372,0.8024664038983347,0.9454197377297107,1.0,-0.3699847626771592,0.289384125915372
1,Linear (PCA),S1PR2+ctrl,unseen_single,0.28861390248068597,0.553744827001959,0.7894486341721068,0.8,,
1,Linear (PCA),CELF2+ctrl,unseen_single,0.1385030663394519,0.31817852607425634,0.007445141333724594,0.7,,
1,Linear (PCA),JUN+CEBPA,combo_seen1,1.6274497091523574,0.844241895785127,0.9557853084940247,1.0,0.7279311266560149,1.6274497091523574
1,Linear (PCA),CDKN1A+ctrl,unseen_single,0.13475768178718983,0.7351952139707952,0.9068379232771916,0.95,,
1,Linear (PCA),ctrl+MEIS1,unseen_single,0.014791687348473507,0.5596208071049098,0.8599646426052167,0.95,,
1,Linear (PCA),MAPK1+PRTG,combo_seen1,0.12560715930647973,0.6597220796073832,0.8193684347177669,0.95,0.566136228409873,0.12560716104487504
1,Linear (PCA),MAP2K3+IKZF3,combo_seen2,1.187544891087382,0.6443391410866742,0.9404455302509427,0.95,0.27460823112414073,1.187544891087382
1,Linear (PCA),KLF1+COL2A1,combo_seen1,0.7157527765857852,0.07045862586510769,-0.18442412368734692,0.4,0.18100879324931213,0.7157527765857852
1,Linear (PCA),PTPN12+OSR2,combo_seen1,0.12358051346508794,0.41759637116767095,0.4609635491305634,0.8,0.7006606089590445,0.1235805132855667
1,Linear (PCA),ETS2+CEBPE,combo_seen2,0.3296969668600068,0.8303254149933472,0.8913545819422007,0.95,0.9407031336303152,0.3296969668600068
1,Linear (PCA),POU3F2+FOXL2,combo_seen1,0.24051208305462116,0.7822970212499122,0.9426031499965326,0.95,-0.31122102966112575,0.24051208305462116
1,Linear (PCA),DUSP9+PRTG,combo_seen0,0.8464669331691631,0.6987158795108236,0.8751741754245992,0.85,0.9635653830071412,0.8464669331691631
1,Linear (PCA),CKS1B+ctrl,unseen_single,0.24938476342912336,0.6531142345800931,0.5774298155002419,0.8,,
1,Linear (PCA),BCL2L11+TGFBR2,combo_seen1,0.07588269133251671,0.20049624003006825,0.6843320527084295,0.8,-0.04663621954026302,0.07588269144742502
1,Linear (PCA),AHR+KLF1,combo_seen2,0.4284002597239566,0.3613331161413357,0.637802475870067,0.75,0.5576723233691021,0.4284002597239566
1,Linear (PCA),CEBPB+CEBPA,combo_seen1,1.1147000540557626,0.8637206810773201,0.9430587210450081,0.9,0.9921444103800109,1.1147000540557628
1,Linear (PCA),PRTG+ctrl,unseen_single,0.30845678561639206,0.6825811268222838,0.8996786948834136,0.9,,
1,Linear (PCA),ETS2+CNN1,combo_seen2,0.077171032751072,0.7962721578996608,0.8192646727952132,1.0,0.2560655401080511,0.077171032751072
1,Linear (PCA),C3orf72+ctrl,unseen_single,0.11851859931948594,0.7296772851854415,0.8467449954962087,0.85,,
1,Linear (PCA),CNN1+MAPK1,combo_seen2,0.11311091771776023,0.5616180201189419,0.9146165662245479,1.0,0.5116671717046836,0.11311091771776023
1,Linear (PCA),FOXL2+MEIS1,combo_seen0,0.12596845035113294,0.7336738635869244,0.8919747255807385,0.9,-0.4903048881474639,0.12596845035113297
1,Linear (PCA),FOXL2+ctrl,unseen_single,0.15061323750630679,0.5545223743198504,0.2480089151342997,0.7,,
1,Linear (PCA),FOSB+CEBPE,combo_seen2,0.4479470770611836,0.9487644289214594,0.991814896722619,1.0,0.6836855727502228,0.4479470770611836
1,Linear (PCA),PTPN12+PTPN9,combo_seen1,0.34472482603247395,0.7273904471861522,0.9185960855925536,0.95,-0.28757340158749456,0.34472482603247395
1,Linear (PCA),FOSB+CEBPB,combo_seen1,1.019910703583251,0.5481262598997602,0.5241522619372389,0.75,-0.26926537762769925,1.01991070351938
1,Linear (PCA),ctrl+CDKN1A,unseen_single,0.1879931207431706,0.6870489489845341,0.8611919090143803,0.95,,
1,Linear (PCA),BCL2L11+BAK1,combo_seen1,0.034127961845196814,-0.1296665872108367,0.08383211860055995,0.3,0.07077886801956625,0.03412796197486099
1,Linear (PCA),FOXA3+HOXB9,combo_seen2,0.26845643035868083,0.785687560742239,0.9496152503051475,1.0,-0.6639000836824365,0.26845643035868083
1,Linear (PCA),ARID1A+ctrl,unseen_single,0.20901234789825968,0.7515480783809845,0.8030929113120794,0.95,,
1,Linear (PCA),ctrl+COL2A1,unseen_single,0.4959144880352788,0.26314546611414996,0.4146779810091658,0.7,,
1,Linear (PCA),CEBPE+CNN1,combo_seen2,0.10137767903374535,0.7712826849176391,0.8789315244553156,1.0,0.6137570607437703,0.10137767903374532
1,Linear (PCA),ZC3HAV1+HOXC13,combo_seen2,0.10652387185079619,0.66152314176856,0.8582210353300672,0.95,0.335881699279185,0.10652387185079619
1,Linear (PCA),CBL+CNN1,combo_seen1,0.9262907115725889,0.8015997758151404,0.9324233077526404,1.0,-0.37998096072193777,0.9262907115725889
1,Linear (PCA),ZBTB10+PTPN12,combo_seen1,0.17688913247368626,0.7104958253001987,0.8693407583753318,0.8,0.27210301216083205,0.17688913247368626
1,Linear (PCA),CBL+UBASH3B,combo_seen1,0.8398900918922749,0.7382289992307964,0.9299364820085209,0.95,-0.6074475144369964,0.8398900943041792
1,Linear (PCA),CEBPB+PTPN12,combo_seen1,0.19684554108948,0.7256672485506284,0.9122815771607614,0.85,0.7564030754787621,0.19684554108948
1,Linear (PCA),BCL2L11+ctrl,unseen_single,0.01488766277457087,0.13159514750336493,0.4226211990189891,0.35,,
1,Linear (PCA),OSR2+ctrl,unseen_single,0.4751381918513141,0.21054002230490765,-0.46051394126682427,0.55,,
1,Linear (PCA),ctrl+SPI1,unseen_single,0.24148723791321594,0.7925975730221871,0.9354851930663777,0.95,,
1,Linear (PCA),CEBPB+MAPK1,combo_seen1,0.6169531988130585,0.4506148917552837,0.4297115713991037,0.9,0.9584630191778368,0.6169531988130583
1,Linear (PCA),ETS2+MAPK1,combo_seen2,0.8571131975065016,0.48401532768001837,0.30924877311250554,0.85,0.849764394698141,0.8571131975065016
1,Linear (PCA),DUSP9+IGDCC3,combo_seen1,0.5130346889745006,0.8047010436458456,0.9114310661839875,0.9,0.9151329305376248,0.5130346889745007
1,Linear (PCA),CEBPB+ctrl,unseen_single,0.4848724564051735,0.5444204587383633,0.27305068358448914,0.75,,
1,Linear (PCA),CBL+PTPN12,combo_seen1,0.6401847677243673,0.6293567720562911,0.9128528718374113,0.85,-0.37323498022744134,0.6401847677243673
1,Linear (PCA),CEBPB+OSR2,combo_seen0,0.6805624219886599,0.527194454942918,0.5858142793039107,0.7,0.8107386326571762,0.6805624219886599
1,Linear (PCA),ctrl+PRTG,unseen_single,0.28833495916487484,0.6437484246076833,0.8842377891857833,0.85,,
1,Linear (PCA),SGK1+S1PR2,combo_seen1,0.5375175599240567,0.6489665154718075,0.9061819214184873,0.9,0.5225109858630849,0.5375175599240566
1,Linear (PCA),DUSP9+KLF1,combo_seen1,0.9074394603726365,0.6795240564644945,0.8143419630042517,0.75,0.7283597841547141,0.9074394603726365
1,Linear (PCA),CDKN1B+ctrl,unseen_single,0.08869672816512192,0.776521163467751,0.939173210311825,1.0,,
1,Linear (PCA),FEV+ISL2,combo_seen2,0.12047213837263218,0.8985749440942725,0.9876055148212707,1.0,-0.21139507667149374,0.12047213837263218
1,Linear (PCA),JUN+ctrl,unseen_single,0.19998387846022597,0.6337148404017912,0.8638083596077725,0.9,,
1,Linear (PCA),POU3F2+CBFA2T3,combo_seen2,0.11243805985520669,0.7696789972336657,0.9030474899042593,0.95,-0.1543791112592782,0.11243805985520669
1,Linear (PCA),FOXA1+HOXB9,combo_seen2,0.1813519007471351,0.7920776844657574,0.9716832406003849,1.0,-0.5634878617655309,0.1813519007471351
1,Linear (PCA),ZBTB10+ctrl,unseen_single,0.2775838968719242,0.6178728887301062,0.615681182736245,0.85,,
1,Linear (PCA),CEBPE+SPI1,combo_seen1,0.5425726380473204,0.9325566807294965,0.9892531703261845,1.0,0.7777238345857961,0.5425726380473204
1,Linear (PCA),PTPN13+ctrl,unseen_single,0.13779847768196546,0.5862059709052956,0.6781771088761527,0.95,,
1,Linear (PCA),CBL+TGFBR2,combo_seen1,0.37908326849841384,0.5397215715657598,0.8045509694914281,0.8,-0.2840664927739048,0.37908326849841384
1,Linear (PCA),FOXA1+FOXL2,combo_seen1,0.15479258290435302,0.7231002018355981,0.9751002280510548,1.0,-0.281613380468659,0.154792582904353
1,Linear (PCA),FOXF1+FOXL2,combo_seen1,0.23121260812500397,0.7012924859510564,0.890702970379064,0.95,-0.5559340133162674,0.23121260812500397
1,Linear (PCA),ETS2+PRTG,combo_seen1,0.10876151171886081,0.7764870097735406,0.9077886355055907,0.95,0.343115369279859,0.10876151171886081
1,Linear (PCA),PTPN9+ctrl,unseen_single,0.0425253816037184,0.5883283882043018,0.796641406426763,0.65,,
1,Linear (PCA),LYL1+CEBPB,combo_seen1,0.31313748131887376,0.48845737436924136,0.629244607628232,0.75,0.3867130373296265,0.31313748131887376
1,Linear (PCA),DUSP9+SNAI1,combo_seen1,0.4336697898420983,0.7237963561394464,0.8752381227661052,0.95,-0.02371103606881183,0.4336697898420983
1,Linear (PCA),ctrl+CEBPB,unseen_single,0.5339269080512288,0.555591034683403,0.409449770071126,0.8,,
1,Linear (PCA),TGFBR2+PRTG,combo_seen1,0.339982975994506,0.6779317681011987,0.895492621615056,0.95,0.7833743372626452,0.339982975994506
1,Linear (PCA),PRDM1+ctrl,unseen_single,0.5930337161803203,0.6818350181369123,0.8993245647054906,0.8,,
1,Linear (PCA),FOSB+OSR2,combo_seen1,0.8046817749428072,0.29188882380753706,-0.22362614097638375,0.5,0.4160144145263858,0.8046817749428072
1,Linear (PCA),FOXL2+HOXB9,combo_seen1,0.2967708494174778,0.6742041002019586,0.9260436734087162,0.95,-0.4501823273223689,0.2967708494174778
1,Linear (PCA),ctrl+PTPN9,unseen_single,0.039681504019687064,0.6039975473180846,0.823319507145328,0.8,,
1,Linear (PCA),ctrl+OSR2,unseen_single,0.39523176446583685,0.1916053598838637,-0.45695918631076754,0.55,,
1,Linear (PCA),ZBTB10+ELMSAN1,combo_seen1,0.28489874210162397,0.652923930121791,0.8601751904003542,0.8,-0.6647690809437026,0.28489874210162397
1,Linear (PCA),JUN+CEBPB,combo_seen0,0.6404709084994191,0.6604340655713321,0.8637254187458595,0.95,-0.5961044692082336,0.6404709084994191
1,Linear (PCA),ZBTB10+SNAI1,combo_seen1,0.8230015835215605,0.5827908921915935,0.37875121670759887,0.8,-0.2412911329519669,0.8230015835215605
1,Linear (PCA),ctrl+FOXL2,unseen_single,0.13600992813572194,0.5991666451109819,0.35107511930057206,0.7,,
1,Linear (PCA),CEBPE+CEBPB,combo_seen1,0.4803234982149368,0.9415647700634419,0.9855528325508922,1.0,0.8457458592652367,0.4803234982149368
1,Linear (PCA),PRDM1+CBFA2T3,combo_seen1,0.46226372378194014,0.8075261669473777,0.9099076133454986,0.95,-0.5441430905151934,0.46226372378194014
1,Linear (PCA),FOXA3+FOXL2,combo_seen1,0.32794575328997494,0.7327593891452331,0.8915055549409981,0.95,-0.6106066203456751,0.32794575328997494
1,Linear (PCA),CDKN1C+CDKN1B,combo_seen0,0.27760999932748404,0.7498827353468086,0.9034975038193527,0.95,0.948937096067034,0.27760999932748404
1,Linear (PCA),CDKN1C+CDKN1A,combo_seen0,0.3367839324622487,0.7210746628845294,0.9124949108896114,1.0,0.9357437324978944,0.3367839324622487
1,Linear (PCA),SPI1+ctrl,unseen_single,0.41865623785783956,0.8026531643091509,0.9653624946521719,0.9,,
1,Linear (PCA),EGR1+ctrl,unseen_single,0.038544583175179455,0.7234740325785732,0.8753711467843647,0.9,,
1,Linear (PCA),ZBTB10+DLX2,combo_seen1,0.5654435543721822,0.6008712813025718,0.6660040904009957,0.8,-0.7674163188254512,0.565443554510675
1,Linear (PCA),CBL+UBASH3A,combo_seen1,0.3403294365561361,0.6940277014162997,0.9072816049622312,0.95,-0.6780139690048886,0.34032943716154834
1,Linear (PCA),SNAI1+DLX2,combo_seen2,0.5497354817756841,0.6143840785511865,0.11680629334632628,0.7,0.21644001913921582,0.5497354817756841
1,Linear (PCA),IGDCC3+PRTG,combo_seen1,0.2167146377978202,0.8460860166824373,0.9536278089941483,0.95,0.9479833368309802,0.2167146377978202
1,Linear (PCA),CDKN1C+ctrl,unseen_single,0.1423717223983017,0.7100509904249297,0.8916147809541156,0.9,,
1,Linear (PCA),ctrl+CDKN1B,unseen_single,0.0328591304640667,0.7245057569733895,0.9331247525238051,0.95,,
1,Linear (PCA),CDKN1B+CDKN1A,combo_seen0,0.2558208891987196,0.7483834175812943,0.9072501574134385,0.95,0.907361880179945,0.2558208891987196
1,Linear (PCA),C3orf72+FOXL2,combo_seen0,0.11087670324141827,0.6589946346536355,0.8443366308076131,0.85,0.7309175705037891,0.1108767030769785
1,Linear (ctrl emb.),CBL+PTPN9,combo_seen0,10.043080502310579,0.45689351241147524,0.7750452743358316,0.7,0.1776385371728918,10.043080502310579
1,Linear (ctrl emb.),DUSP9+ctrl,unseen_single,2.9248322129802173,-0.20518923695945115,-0.6078258676807988,0.25,,
1,Linear (ctrl emb.),MAP2K6+SPI1,combo_seen1,0.04985697863932116,0.22608985638300344,0.8646206942315869,0.95,0.9093403635458556,0.049856979219104744
1,Linear (ctrl emb.),UBASH3B+PTPN12,combo_seen2,0.0492805049997985,0.9546856735194672,0.9946881711275251,1.0,0.35536870042855506,0.0492805049997985
1,Linear (ctrl emb.),BCORL1+ctrl,unseen_single,0.19459939038808802,0.20163444928813057,0.22895034588924254,0.85,,
1,Linear (ctrl emb.),MEIS1+ctrl,unseen_single,0.878724773086249,0.41659916110380607,0.8397757856948518,0.85,,
1,Linear (ctrl emb.),CBL+ctrl,unseen_single,4.49946601200315,0.5011501901742683,0.7166420234752109,0.8,,
1,Linear (ctrl emb.),KLF1+FOXA1,combo_seen2,1.7480097534496424,0.48399441833740114,0.49857760378365396,0.7,-0.49662757875016633,1.7480097534496424
1,Linear (ctrl emb.),TBX3+TBX2,combo_seen2,0.99458855180233,0.33175948866349436,0.22820083561606325,0.8,0.7320799487795087,0.9945885518023301
1,Linear (ctrl emb.),SLC4A1+ctrl,unseen_single,9.090685847673587,-0.11299453684459214,-0.34923968851205617,0.3,,
1,Linear (ctrl emb.),DUSP9+MAPK1,combo_seen1,1.4506161642964017,-0.017341196842063096,-0.028690517381705798,0.75,0.5963247129416475,1.450616162611641
1,Linear (ctrl emb.),COL2A1+ctrl,unseen_single,2.464021785970713,-0.20870694396051684,-0.5114136709112198,0.2,,
1,Linear (ctrl emb.),CEBPE+KLF1,combo_seen2,1.277632329976305,0.15808338743084271,0.4527681909946911,0.6,0.39267671875554533,1.277632329976305
1,Linear (ctrl emb.),UBASH3B+OSR2,combo_seen1,0.5118525052294671,-0.26865137839691844,-0.2953952549687877,0.2,0.22465267028729008,0.5118525052294671
1,Linear (ctrl emb.),UBASH3B+ZBTB25,combo_seen2,0.05118623844311698,0.953348003156818,0.9752348645241008,1.0,0.37184412877139533,0.05118623844311698
1,Linear (ctrl emb.),DUSP9+ETS2,combo_seen1,3.157103385812761,-0.2785860552314864,-0.583254125713486,0.35,-0.335605224155491,3.157103385812761
1,Linear (ctrl emb.),ZNF318+FOXL2,combo_seen1,2.0744457190138093,0.5885172299561886,0.8036762032411466,0.8,0.6609920154623526,2.0744457190138093
1,Linear (ctrl emb.),UBASH3B+PTPN9,combo_seen1,0.8051415864586101,0.6462104839546388,0.8269519003630199,0.9,0.4782911477296311,0.8051415864586101
1,Linear (ctrl emb.),S1PR2+ctrl,unseen_single,0.32947209388409193,0.3999547072838778,0.6504102261804752,0.65,,
1,Linear (ctrl emb.),CELF2+ctrl,unseen_single,0.09002601996445678,0.39444852771808653,0.5690223493487541,0.9,,
1,Linear (ctrl emb.),JUN+CEBPA,combo_seen1,1.6771255191403216,0.7183478365281044,0.8851372322570347,0.9,0.0798695749181816,1.6771255191403216
1,Linear (ctrl emb.),CDKN1A+ctrl,unseen_single,5.416187710082536,-0.2824228345806301,-0.5551647656979153,0.3,,
1,Linear (ctrl emb.),ctrl+MEIS1,unseen_single,0.7757261225933375,0.3307395344954882,0.7502439626455102,0.8,,
1,Linear (ctrl emb.),MAPK1+PRTG,combo_seen1,13.5597383599723,-0.006038749077531412,-0.3873483640859902,0.5,0.3795388308952842,13.559738367751361
1,Linear (ctrl emb.),MAP2K3+IKZF3,combo_seen2,0.16718773988380425,0.8789372020846252,0.9696357739265572,1.0,0.2634689699455555,0.16718773988380425
1,Linear (ctrl emb.),KLF1+COL2A1,combo_seen1,2.0086133596972373,0.047362837345873945,0.05634349040015008,0.5,0.09508333685786927,2.0086133596972373
1,Linear (ctrl emb.),PTPN12+OSR2,combo_seen1,0.3286766679015024,0.02272147194314127,-0.15688697252498757,0.6,0.6690565385769482,0.3286766675304973
1,Linear (ctrl emb.),ETS2+CEBPE,combo_seen2,0.10273275782106417,0.9386966196569776,0.955244160797969,1.0,0.8532863887905252,0.10273275782106417
1,Linear (ctrl emb.),POU3F2+FOXL2,combo_seen1,0.7451871727705692,0.5601367511260514,0.9242564902432483,0.95,0.8703533303128789,0.7451871727705692
1,Linear (ctrl emb.),DUSP9+PRTG,combo_seen0,50.592845372065206,-0.4157422241805226,-0.8489854289573989,0.1,0.9034786540543495,50.592845372065206
1,Linear (ctrl emb.),CKS1B+ctrl,unseen_single,3.0487278702226677,0.21159874362839598,0.34565122747682353,0.6,,
1,Linear (ctrl emb.),BCL2L11+TGFBR2,combo_seen1,1.0814462385582155,0.5882201138997771,0.7970321783293992,0.9,0.3983423111078246,1.081446238704271
1,Linear (ctrl emb.),AHR+KLF1,combo_seen2,1.2995696835308825,0.2777770645932067,0.6734731090287716,0.75,-0.6717297889082133,1.2995696835308825
1,Linear (ctrl emb.),CEBPB+CEBPA,combo_seen1,1.0104111964858713,0.3373949249983975,0.5943926582105759,0.65,0.9458735831954138,1.0104111964858715
1,Linear (ctrl emb.),PRTG+ctrl,unseen_single,30.828479542415295,-0.42466889260015545,-0.8333102564356591,0.2,,
1,Linear (ctrl emb.),ETS2+CNN1,combo_seen2,0.07798693093545891,0.8050426890021986,0.8183703288989425,1.0,0.2661930451537055,0.07798693093545891
1,Linear (ctrl emb.),C3orf72+ctrl,unseen_single,0.14064928235149157,0.5156188834281423,0.7516018124736568,0.85,,
1,Linear (ctrl emb.),CNN1+MAPK1,combo_seen2,0.048913178916007216,0.7857248263813714,0.9085268871203613,1.0,0.6176270640967865,0.048913178916007216
1,Linear (ctrl emb.),FOXL2+MEIS1,combo_seen0,4.200142220115215,0.4441376709598169,0.7700179890478076,0.85,0.5253238924222313,4.200142220115215
1,Linear (ctrl emb.),FOXL2+ctrl,unseen_single,6.278582259387513,0.2153758354584447,-0.16623387754914604,0.6,,
1,Linear (ctrl emb.),FOSB+CEBPE,combo_seen2,0.25134726268856616,0.8948668602513229,0.9633211075326292,1.0,0.6476776431892832,0.25134726268856616
1,Linear (ctrl emb.),PTPN12+PTPN9,combo_seen1,0.9175241860025558,0.7054037194762979,0.8868257980814839,0.95,0.5706083690897622,0.9175241860025558
1,Linear (ctrl emb.),FOSB+CEBPB,combo_seen1,1.5742647492483963,-0.2172784973709436,0.06490205249699187,0.5,-0.5029648413513627,1.5742647490513657
1,Linear (ctrl emb.),ctrl+CDKN1A,unseen_single,6.429608205529242,-0.32171538701190294,-0.6015615555293211,0.2,,
1,Linear (ctrl emb.),BCL2L11+BAK1,combo_seen1,0.050601212060843656,0.2502741117472791,0.4281451891454343,0.65,0.1226985214484374,0.05060121223942119
1,Linear (ctrl emb.),FOXA3+HOXB9,combo_seen2,0.10638353313769992,0.924347782818633,0.9507956327302781,1.0,-0.4802632908689958,0.10638353313769992
1,Linear (ctrl emb.),ARID1A+ctrl,unseen_single,0.23917887661035006,0.0664036369275683,0.6251416218489809,0.8,,
1,Linear (ctrl emb.),ctrl+COL2A1,unseen_single,2.090703536491664,-0.1551404027261748,-0.4184844129503657,0.25,,
1,Linear (ctrl emb.),CEBPE+CNN1,combo_seen2,0.11477028038830905,0.7851102554409005,0.8223807140151312,0.95,0.5365670891209198,0.11477028038830905
1,Linear (ctrl emb.),ZC3HAV1+HOXC13,combo_seen2,0.11620829491591922,0.7536918583461574,0.7910076810736709,0.95,0.1433797534929049,0.11620829491591922
1,Linear (ctrl emb.),CBL+CNN1,combo_seen1,4.454562733950778,0.6108221832097673,0.8445671951676991,0.9,0.41735437204291637,4.454562733950778
1,Linear (ctrl emb.),ZBTB10+PTPN12,combo_seen1,0.8959583319918021,-0.38414487526967683,-0.47539350377292955,0.3,0.2603798441426534,0.8959583319918021
1,Linear (ctrl emb.),CBL+UBASH3B,combo_seen1,3.8536940986491133,0.5213376104857743,0.8613641646170537,0.8,0.543000588929115,3.853694092575766
1,Linear (ctrl emb.),CEBPB+PTPN12,combo_seen1,1.1735547281739949,-0.30860259595187295,-0.4516176206956365,0.4,0.7135929466059375,1.1735547281739949
1,Linear (ctrl emb.),BCL2L11+ctrl,unseen_single,0.622438013486134,0.3393550011869676,0.42667027855247447,0.75,,
1,Linear (ctrl emb.),OSR2+ctrl,unseen_single,1.1762702624996402,-0.4036844586147652,-0.6611415726864558,0.05,,
1,Linear (ctrl emb.),ctrl+SPI1,unseen_single,0.1663337852783781,0.42352011515764565,0.8368509385726083,0.85,,
1,Linear (ctrl emb.),CEBPB+MAPK1,combo_seen1,0.605169051173643,0.22317631250981926,0.6051857174977501,0.85,0.4399568134827325,0.605169051173643
1,Linear (ctrl emb.),ETS2+MAPK1,combo_seen2,0.08247291585621373,0.8928526361670903,0.9704825458181044,1.0,0.7749378358640444,0.08247291585621373
1,Linear (ctrl emb.),DUSP9+IGDCC3,combo_seen1,2.340207522646459,0.08093802318903964,-0.3383444580823974,0.45,0.9339040849050074,2.340207522646459
1,Linear (ctrl emb.),CEBPB+ctrl,unseen_single,1.2161652246834644,-0.30208713462355824,-0.21591659428062032,0.45,,
1,Linear (ctrl emb.),CBL+PTPN12,combo_seen1,4.537150709379682,0.6302898291516003,0.9201829390042047,0.9,0.4787524318454665,4.537150709379682
1,Linear (ctrl emb.),CEBPB+OSR2,combo_seen0,1.5182133545333525,-0.47004876792125105,-0.4579800510506949,0.3,0.6220583287629778,1.5182133545333525
1,Linear (ctrl emb.),ctrl+PRTG,unseen_single,28.301977659514684,-0.42245289060079627,-0.8429539921857607,0.2,,
1,Linear (ctrl emb.),SGK1+S1PR2,combo_seen1,0.33612033903898236,0.6524942448890172,0.8677748644498939,0.8,0.3622080620023974,0.33612033903898236
1,Linear (ctrl emb.),DUSP9+KLF1,combo_seen1,1.3712422741142616,0.3467630810870246,0.28880875910344017,0.55,0.3804843704096051,1.3712422741142616
1,Linear (ctrl emb.),CDKN1B+ctrl,unseen_single,0.6027992717834636,-0.19406891186559336,-0.3257496401547845,0.3,,
1,Linear (ctrl emb.),FEV+ISL2,combo_seen2,0.14095725786952204,0.8672470456233687,0.9836922212495692,1.0,-0.34889532845804966,0.14095725786952204
1,Linear (ctrl emb.),JUN+ctrl,unseen_single,1.7274419028643186,-0.018609484237963263,-0.2054798134918236,0.5,,
1,Linear (ctrl emb.),POU3F2+CBFA2T3,combo_seen2,0.15166304032894715,0.6729117049429039,0.9083466775853736,0.9,-0.2552593433943464,0.15166304032894715
1,Linear (ctrl emb.),FOXA1+HOXB9,combo_seen2,0.08966678149076933,0.9101119743690075,0.9558367229369389,1.0,-0.3004420712700358,0.08966678149076933
1,Linear (ctrl emb.),ZBTB10+ctrl,unseen_single,1.6496477092126418,-0.5313428749539528,-0.8721786139835072,0.0,,
1,Linear (ctrl emb.),CEBPE+SPI1,combo_seen1,0.517157681912464,0.5832183368996388,0.9099782434061129,0.95,0.5839756659957003,0.517157681912464
1,Linear (ctrl emb.),PTPN13+ctrl,unseen_single,0.13779847768196546,0.5862059709052956,0.6781771088761527,0.95,,
1,Linear (ctrl emb.),CBL+TGFBR2,combo_seen1,4.592763789776125,0.5458288661924795,0.8774396905534272,0.9,0.6104674973410135,4.592763789776125
1,Linear (ctrl emb.),FOXA1+FOXL2,combo_seen1,0.6929790655300059,0.4150323974784315,0.8962973138535504,0.95,0.675259178128462,0.6929790655300059
1,Linear (ctrl emb.),FOXF1+FOXL2,combo_seen1,0.7993309202740402,0.33877757091588184,0.6599975757663246,0.85,0.4672064260806083,0.7993309202740402
1,Linear (ctrl emb.),ETS2+PRTG,combo_seen1,18.46996162217827,-0.2589842921746191,-0.7498678876111846,0.2,0.06370951291357069,18.46996162217827
1,Linear (ctrl emb.),PTPN9+ctrl,unseen_single,1.015884195103835,0.4564736753797881,0.6329090079661012,0.8,,
1,Linear (ctrl emb.),LYL1+CEBPB,combo_seen1,1.3740046287451104,-0.39233966593014424,-0.3502601073233016,0.35,0.16519652160105067,1.3740046287451102
1,Linear (ctrl emb.),DUSP9+SNAI1,combo_seen1,0.7818810148021258,0.3435426928532582,0.21576579816746022,0.8,0.07689721406795672,0.7818810148021258
1,Linear (ctrl emb.),ctrl+CEBPB,unseen_single,1.2757840302277152,-0.2934974416877011,-0.19876747872213532,0.5,,
1,Linear (ctrl emb.),TGFBR2+PRTG,combo_seen1,30.340795258880227,-0.44524543125811294,-0.8540723725129605,0.15,0.6675489835899087,30.340795258880227
1,Linear (ctrl emb.),PRDM1+ctrl,unseen_single,2.7034785837573834,-0.03769461814538596,0.09590733951285471,0.55,,
1,Linear (ctrl emb.),FOSB+OSR2,combo_seen1,0.9642843832935928,-0.07768670839373819,0.02570328322442403,0.3,0.4867334782572106,0.9642843832935928
1,Linear (ctrl emb.),FOXL2+HOXB9,combo_seen1,0.7783413593219225,0.4495359185671556,0.842334444278156,0.85,0.4157331589721051,0.7783413593219225
1,Linear (ctrl emb.),ctrl+PTPN9,unseen_single,1.1455616371422246,0.41149730255277867,0.5557281209311431,0.8,,
1,Linear (ctrl emb.),ctrl+OSR2,unseen_single,1.0548354404938876,-0.3973146318819113,-0.6718402988800162,0.05,,
1,Linear (ctrl emb.),ZBTB10+ELMSAN1,combo_seen1,1.9475939965347575,-0.40666236587964594,-0.6927011010139938,0.15,-0.7747020665618898,1.9475939965347575
1,Linear (ctrl emb.),JUN+CEBPB,combo_seen0,1.8223365752046958,0.1623880329316364,-0.007560040154277284,0.35,-0.26059293893675944,1.8223365752046958
1,Linear (ctrl emb.),ZBTB10+SNAI1,combo_seen1,2.219603328786291,-0.5357639500172164,-0.7884412524386176,0.15,-0.271861939577632,2.219603328786291
1,Linear (ctrl emb.),ctrl+FOXL2,unseen_single,6.245646953512678,0.28322844891241594,-0.022723221967096304,0.65,,
1,Linear (ctrl emb.),CEBPE+CEBPB,combo_seen1,1.8033480038039653,-0.1315415550042404,0.018044708854529582,0.55,0.5989296750006368,1.8033480038039653
1,Linear (ctrl emb.),PRDM1+CBFA2T3,combo_seen1,4.641808444127394,-0.26665296004655703,-0.27395718438248245,0.35,-0.36929344160237687,4.641808444127394
1,Linear (ctrl emb.),FOXA3+FOXL2,combo_seen1,0.8819593714495157,0.44065518131392406,0.8029494743382848,0.95,0.5163613261628559,0.8819593714495157
1,Linear (ctrl emb.),CDKN1C+CDKN1B,combo_seen0,0.5660104234606107,0.32288899177666863,0.4265313564817197,0.75,0.7464427293157571,0.5660104234606107
1,Linear (ctrl emb.),CDKN1C+CDKN1A,combo_seen0,3.929560571564578,-0.18528882799171434,-0.48561403882819254,0.45,0.7709313686009753,3.929560571564578
1,Linear (ctrl emb.),SPI1+ctrl,unseen_single,0.27368606814003904,0.4316597436896842,0.8777786169522254,0.8,,
1,Linear (ctrl emb.),EGR1+ctrl,unseen_single,2.349021620690258,-0.20889723370775418,-0.4624665479683264,0.4,,
1,Linear (ctrl emb.),ZBTB10+DLX2,combo_seen1,1.7928539478528076,-0.5433014137091657,-0.8061796133055953,0.2,-0.6678175726411455,1.7928539480692542
1,Linear (ctrl emb.),CBL+UBASH3A,combo_seen1,4.098227565422031,0.457295201208927,0.8681778604640378,0.7,0.72842822659435,4.098227566453355
1,Linear (ctrl emb.),SNAI1+DLX2,combo_seen2,0.2263705969479506,0.716096351270774,0.7240667351706895,1.0,-0.5517753005083645,0.2263705969479506
1,Linear (ctrl emb.),IGDCC3+PRTG,combo_seen1,26.504323642353278,-0.31678241285233527,-0.7629282643233256,0.2,0.861829698946161,26.504323642353278
1,Linear (ctrl emb.),CDKN1C+ctrl,unseen_single,0.8372597283471261,0.50374124038292,0.5129975027206506,0.8,,
1,Linear (ctrl emb.),ctrl+CDKN1B,unseen_single,0.4653250903049451,-0.16183231916774857,-0.4492280725426496,0.25,,
1,Linear (ctrl emb.),CDKN1B+CDKN1A,combo_seen0,9.179685953713454,-0.45599461747714654,-0.5967433258633768,0.3,0.7046374362272788,9.179685953713454
1,Linear (ctrl emb.),C3orf72+FOXL2,combo_seen0,0.6784748019314716,0.5695311165336769,0.7979844498725001,0.9,0.14514521948755021,0.6784748017880193
1,GCP-Mamba,CBL+PTPN9,combo_seen0,0.2566983103752136,0.779201328754425,0.9437081813812256,0.95,-0.18690916895866394,0.2566983103752136
1,GCP-Mamba,DUSP9+ctrl,unseen_single,0.5294962525367737,0.4608301818370819,0.7016332745552063,0.75,,
1,GCP-Mamba,MAP2K6+SPI1,combo_seen1,0.15735283493995667,0.12807370722293854,0.6848725080490112,0.8,0.9058672189712524,0.15735286474227905
1,GCP-Mamba,UBASH3B+PTPN12,combo_seen2,0.07892962545156479,0.9311211109161377,0.9763959646224976,1.0,0.21542403101921082,0.07892962545156479
1,GCP-Mamba,BCORL1+ctrl,unseen_single,0.07530935853719711,0.34749412536621094,0.44351834058761597,0.85,,
1,GCP-Mamba,MEIS1+ctrl,unseen_single,0.018990295007824898,0.6105995774269104,0.8395893573760986,0.95,,
1,GCP-Mamba,CBL+ctrl,unseen_single,0.1452842652797699,0.7038633227348328,0.8155379891395569,0.9,,
1,GCP-Mamba,KLF1+FOXA1,combo_seen2,0.32024121284484863,0.47784140706062317,0.5335699319839478,0.8,0.09804664552211761,0.320241242647171
1,GCP-Mamba,TBX3+TBX2,combo_seen2,0.7304948568344116,0.4723062217235565,0.3622560203075409,0.8,0.8594818711280823,0.7304948568344116
1,GCP-Mamba,SLC4A1+ctrl,unseen_single,0.2007288932800293,0.27260488271713257,0.47230687737464905,0.75,,
1,GCP-Mamba,DUSP9+MAPK1,combo_seen1,0.23194828629493713,0.25089940428733826,0.41393834352493286,0.7,0.7688669562339783,0.23194825649261475
1,GCP-Mamba,COL2A1+ctrl,unseen_single,0.5491080284118652,0.2889721393585205,0.15896855294704437,0.65,,
1,GCP-Mamba,CEBPE+KLF1,combo_seen2,0.31278201937675476,0.24538250267505646,0.4803275465965271,0.7,0.541024923324585,0.31278201937675476
1,GCP-Mamba,UBASH3B+OSR2,combo_seen1,0.18871112167835236,0.06228640303015709,0.07125840336084366,0.5,0.2502782642841339,0.18871112167835236
1,GCP-Mamba,UBASH3B+ZBTB25,combo_seen2,0.07487913221120834,0.9414985179901123,0.9777194261550903,1.0,0.36822476983070374,0.07487913221120834
1,GCP-Mamba,DUSP9+ETS2,combo_seen1,0.4622960686683655,0.2914694547653198,0.40606215596199036,0.7,0.18711283802986145,0.4622960686683655
1,GCP-Mamba,ZNF318+FOXL2,combo_seen1,0.04418732970952988,0.7177643179893494,0.8967153429985046,0.95,0.7170786261558533,0.04418732970952988
1,GCP-Mamba,UBASH3B+PTPN9,combo_seen1,0.14879347383975983,0.858515202999115,0.9624887704849243,0.95,-0.07305169105529785,0.14879347383975983
1,GCP-Mamba,S1PR2+ctrl,unseen_single,0.3203025460243225,0.5383865237236023,0.7794169187545776,0.85,,
1,GCP-Mamba,CELF2+ctrl,unseen_single,0.24740907549858093,0.10283675044775009,-0.3711585998535156,0.6,,
1,GCP-Mamba,JUN+CEBPA,combo_seen1,0.23430387675762177,0.8713546395301819,0.9783362150192261,1.0,0.8320002555847168,0.23430387675762177
1,GCP-Mamba,CDKN1A+ctrl,unseen_single,0.14753146469593048,0.3691524267196655,0.7947717308998108,0.85,,
1,GCP-Mamba,ctrl+MEIS1,unseen_single,0.016950732097029686,0.5632804036140442,0.8256667256355286,1.0,,
1,GCP-Mamba,MAPK1+PRTG,combo_seen1,0.17039166390895844,0.41762080788612366,0.6545736789703369,0.75,0.14638017117977142,0.17039166390895844
1,GCP-Mamba,MAP2K3+IKZF3,combo_seen2,0.26276010274887085,0.8604937791824341,0.9206838011741638,0.95,0.11534930020570755,0.26276010274887085
1,GCP-Mamba,KLF1+COL2A1,combo_seen1,0.6511136293411255,0.22657065093517303,0.3526059687137604,0.6,0.17673960328102112,0.6511136293411255
1,GCP-Mamba,PTPN12+OSR2,combo_seen1,0.133018359541893,0.29000574350357056,0.32172319293022156,0.65,0.7917498350143433,0.133018359541893
1,GCP-Mamba,ETS2+CEBPE,combo_seen2,0.1430560052394867,0.9012277722358704,0.9746931791305542,1.0,0.9279686212539673,0.1430560201406479
1,GCP-Mamba,POU3F2+FOXL2,combo_seen1,0.07817643880844116,0.7026220560073853,0.9467620849609375,1.0,0.13394442200660706,0.07817643880844116
1,GCP-Mamba,DUSP9+PRTG,combo_seen0,0.26265063881874084,0.7002180814743042,0.872197151184082,0.9,0.7028515338897705,0.26265063881874084
1,GCP-Mamba,CKS1B+ctrl,unseen_single,0.3210955858230591,0.3048533499240875,0.6376933455467224,0.9,,
1,GCP-Mamba,BCL2L11+TGFBR2,combo_seen1,0.11569811403751373,0.013877167366445065,0.2681037187576294,0.55,-0.07773677259683609,0.11569811403751373
1,GCP-Mamba,AHR+KLF1,combo_seen2,0.40672507882118225,0.2894832491874695,0.6467581391334534,0.7,0.371370792388916,0.40672507882118225
1,GCP-Mamba,CEBPB+CEBPA,combo_seen1,0.08271656930446625,0.936949610710144,0.9877703785896301,1.0,0.9878007173538208,0.08271656930446625
1,GCP-Mamba,PRTG+ctrl,unseen_single,0.1478695124387741,0.6916106939315796,0.8873889446258545,0.95,,
1,GCP-Mamba,ETS2+CNN1,combo_seen2,0.06012246012687683,0.6817507147789001,0.9086883068084717,1.0,0.4187532663345337,0.06012246012687683
1,GCP-Mamba,C3orf72+ctrl,unseen_single,0.08605985343456268,0.785947859287262,0.8813666701316833,0.9,,
1,GCP-Mamba,CNN1+MAPK1,combo_seen2,0.14300550520420074,0.5708827376365662,0.9092840552330017,0.95,0.5215816497802734,0.14300549030303955
1,GCP-Mamba,FOXL2+MEIS1,combo_seen0,0.047838710248470306,0.7163281440734863,0.9070044159889221,1.0,0.05035814270377159,0.047838710248470306
1,GCP-Mamba,FOXL2+ctrl,unseen_single,0.19967898726463318,0.42156410217285156,0.115154929459095,0.75,,
1,GCP-Mamba,FOSB+CEBPE,combo_seen2,0.46645599603652954,0.8543073534965515,0.8953928351402283,1.0,0.5494824647903442,0.46645599603652954
1,GCP-Mamba,PTPN12+PTPN9,combo_seen1,0.1320469230413437,0.8677353262901306,0.9441067576408386,0.95,-0.12914352118968964,0.1320469081401825
1,GCP-Mamba,FOSB+CEBPB,combo_seen1,0.7549611330032349,0.6328482627868652,0.7837584018707275,1.0,-0.3100888431072235,0.7549611330032349
1,GCP-Mamba,ctrl+CDKN1A,unseen_single,0.2356099635362625,0.290037602186203,0.6563569903373718,0.75,,
1,GCP-Mamba,BCL2L11+BAK1,combo_seen1,0.055323582142591476,-0.18141084909439087,0.029582630842924118,0.3,0.0010139057412743568,0.055323582142591476
1,GCP-Mamba,FOXA3+HOXB9,combo_seen2,0.12100955098867416,0.8675635457038879,0.9652416706085205,1.0,-0.5433332324028015,0.12100955098867416
1,GCP-Mamba,ARID1A+ctrl,unseen_single,0.24015331268310547,0.6842408180236816,0.8407336473464966,1.0,,
1,GCP-Mamba,ctrl+COL2A1,unseen_single,0.4900866150856018,0.3370678126811981,0.3719675540924072,0.75,,
1,GCP-Mamba,CEBPE+CNN1,combo_seen2,0.18328000605106354,0.686504065990448,0.8708147406578064,0.95,0.7207749485969543,0.18328000605106354
1,GCP-Mamba,ZC3HAV1+HOXC13,combo_seen2,0.10697342455387115,0.6781991124153137,0.857733428478241,0.95,0.22672414779663086,0.10697342455387115
1,GCP-Mamba,CBL+CNN1,combo_seen1,0.42837268114089966,0.9148730039596558,0.9427121877670288,1.0,-0.1550188809633255,0.42837268114089966
1,GCP-Mamba,ZBTB10+PTPN12,combo_seen1,0.19588735699653625,0.46483513712882996,0.8714861273765564,0.9,0.2695798873901367,0.19588735699653625
1,GCP-Mamba,CBL+UBASH3B,combo_seen1,0.52653968334198,0.9177112579345703,0.9686943888664246,1.0,-0.5509889721870422,0.52653968334198
1,GCP-Mamba,CEBPB+PTPN12,combo_seen1,0.25471651554107666,0.46208199858665466,0.6333362460136414,0.85,0.7840405106544495,0.25471651554107666
1,GCP-Mamba,BCL2L11+ctrl,unseen_single,0.03351547196507454,-0.0643916130065918,-0.16808533668518066,0.1,,
1,GCP-Mamba,OSR2+ctrl,unseen_single,0.39200878143310547,0.48619353771209717,0.14123253524303436,0.8,,
1,GCP-Mamba,ctrl+SPI1,unseen_single,0.3934013247489929,0.5538403987884521,0.7414761185646057,0.9,,
1,GCP-Mamba,CEBPB+MAPK1,combo_seen1,0.22494399547576904,0.7541114091873169,0.9251728653907776,1.0,0.9558964371681213,0.22494399547576904
1,GCP-Mamba,ETS2+MAPK1,combo_seen2,0.28225240111351013,0.7651187181472778,0.9313595294952393,1.0,0.7985070943832397,0.28225240111351013
1,GCP-Mamba,DUSP9+IGDCC3,combo_seen1,0.29396942257881165,0.8152624368667603,0.9074363708496094,1.0,0.904401957988739,0.29396945238113403
1,GCP-Mamba,CEBPB+ctrl,unseen_single,0.4167906641960144,0.4718092978000641,0.8355145454406738,0.85,,
1,GCP-Mamba,CBL+PTPN12,combo_seen1,0.2510249614715576,0.9073732495307922,0.9634034633636475,1.0,-0.3154420256614685,0.2510249614715576
1,GCP-Mamba,CEBPB+OSR2,combo_seen0,0.5674241781234741,0.5711126327514648,0.7627463936805725,0.95,0.7839617729187012,0.5674241781234741
1,GCP-Mamba,ctrl+PRTG,unseen_single,0.16391082108020782,0.6544959545135498,0.8717851042747498,0.9,,
1,GCP-Mamba,SGK1+S1PR2,combo_seen1,0.3442089557647705,0.7415768504142761,0.8331732749938965,0.9,0.3427979648113251,0.3442089557647705
1,GCP-Mamba,DUSP9+KLF1,combo_seen1,0.8492603302001953,0.5443836450576782,0.7373754978179932,0.8,0.6950368285179138,0.8492603302001953
1,GCP-Mamba,CDKN1B+ctrl,unseen_single,0.16092020273208618,0.7250762581825256,0.9075628519058228,1.0,,
1,GCP-Mamba,FEV+ISL2,combo_seen2,0.14805766940116882,0.814177930355072,0.9777854084968567,1.0,-0.3141117990016937,0.14805766940116882
1,GCP-Mamba,JUN+ctrl,unseen_single,0.3073106110095978,0.16484226286411285,0.2591530978679657,0.65,,
1,GCP-Mamba,POU3F2+CBFA2T3,combo_seen2,0.09112261235713959,0.7998445630073547,0.9572619199752808,0.95,-0.10484220832586288,0.09112261235713959
1,GCP-Mamba,FOXA1+HOXB9,combo_seen2,0.09201760590076447,0.8672195672988892,0.9651871919631958,0.95,-0.31161966919898987,0.09201760590076447
1,GCP-Mamba,ZBTB10+ctrl,unseen_single,0.3823859691619873,0.2920330762863159,0.3352525234222412,0.75,,
1,GCP-Mamba,CEBPE+SPI1,combo_seen1,0.9043766260147095,0.893206775188446,0.9607862234115601,1.0,0.720392644405365,0.9043766856193542
1,GCP-Mamba,PTPN13+ctrl,unseen_single,0.14417272806167603,0.571670651435852,0.6182631254196167,1.0,,
1,GCP-Mamba,CBL+TGFBR2,combo_seen1,0.256849080324173,0.8450079560279846,0.9095264673233032,0.9,-0.20182451605796814,0.25684911012649536
1,GCP-Mamba,FOXA1+FOXL2,combo_seen1,0.07695236802101135,0.6270104050636292,0.9344262480735779,1.0,0.02504511922597885,0.07695236802101135
1,GCP-Mamba,FOXF1+FOXL2,combo_seen1,0.17974184453487396,0.656931459903717,0.8660722970962524,0.95,-0.4032191038131714,0.17974184453487396
1,GCP-Mamba,ETS2+PRTG,combo_seen1,0.1536669135093689,0.6081038117408752,0.7584510445594788,0.65,-0.19391165673732758,0.1536669135093689
1,GCP-Mamba,PTPN9+ctrl,unseen_single,0.05076485127210617,0.4972103536128998,0.742375910282135,0.65,,
1,GCP-Mamba,LYL1+CEBPB,combo_seen1,0.33161139488220215,0.36636480689048767,0.6947043538093567,0.85,0.36883434653282166,0.33161136507987976
1,GCP-Mamba,DUSP9+SNAI1,combo_seen1,0.2930668592453003,0.7458527088165283,0.8896329402923584,1.0,0.1501251608133316,0.2930668592453003
1,GCP-Mamba,ctrl+CEBPB,unseen_single,0.45676979422569275,0.5072265267372131,0.7509351968765259,0.9,,
1,GCP-Mamba,TGFBR2+PRTG,combo_seen1,0.17942164838314056,0.7301366329193115,0.9102416038513184,0.9,0.24483436346054077,0.17942164838314056
1,GCP-Mamba,PRDM1+ctrl,unseen_single,0.5951953530311584,0.635001003742218,0.9194167256355286,0.8,,
1,GCP-Mamba,FOSB+OSR2,combo_seen1,0.44738370180130005,0.8023349642753601,0.8356851935386658,0.95,0.4249754846096039,0.44738370180130005
1,GCP-Mamba,FOXL2+HOXB9,combo_seen1,0.1576457917690277,0.702926754951477,0.9466674327850342,0.95,-0.3018958568572998,0.1576457917690277
1,GCP-Mamba,ctrl+PTPN9,unseen_single,0.04711376875638962,0.5254650712013245,0.7714675068855286,0.75,,
1,GCP-Mamba,ctrl+OSR2,unseen_single,0.32277169823646545,0.4651302397251129,0.09508812427520752,0.8,,
1,GCP-Mamba,ZBTB10+ELMSAN1,combo_seen1,0.3110341727733612,0.47306761145591736,0.8134403228759766,0.75,-0.7077390551567078,0.3110341727733612
1,GCP-Mamba,JUN+CEBPB,combo_seen0,0.7484452724456787,0.37211349606513977,0.5059703588485718,0.7,-0.5164177417755127,0.7484452724456787
1,GCP-Mamba,ZBTB10+SNAI1,combo_seen1,0.7148951292037964,0.635341465473175,0.905324399471283,1.0,-0.2850383222103119,0.7148951292037964
1,GCP-Mamba,ctrl+FOXL2,unseen_single,0.1746349036693573,0.482952743768692,0.24869020283222198,0.75,,
1,GCP-Mamba,CEBPE+CEBPB,combo_seen1,0.5940396785736084,0.8065372705459595,0.8586642146110535,1.0,0.7751278877258301,0.5940396189689636
1,GCP-Mamba,PRDM1+CBFA2T3,combo_seen1,0.5416359305381775,0.6526901721954346,0.7752372026443481,0.8,-0.5641597509384155,0.5416358709335327
1,GCP-Mamba,FOXA3+FOXL2,combo_seen1,0.18664106726646423,0.6557633280754089,0.8579756021499634,0.95,-0.33913344144821167,0.18664106726646423
1,GCP-Mamba,CDKN1C+CDKN1B,combo_seen0,0.23154251277446747,0.7522264122962952,0.9215205907821655,1.0,0.9479743838310242,0.23154249787330627
1,GCP-Mamba,CDKN1C+CDKN1A,combo_seen0,0.18935486674308777,0.6720747351646423,0.884814977645874,0.95,0.906539261341095,0.18935486674308777
1,GCP-Mamba,SPI1+ctrl,unseen_single,0.6200354099273682,0.5793530344963074,0.7869207262992859,0.8,,
1,GCP-Mamba,EGR1+ctrl,unseen_single,0.0695999339222908,0.46551162004470825,0.9035584926605225,0.9,,
1,GCP-Mamba,ZBTB10+DLX2,combo_seen1,0.6166495680809021,0.5850008726119995,0.7243002653121948,0.8,-0.7522100210189819,0.6166495680809021
1,GCP-Mamba,CBL+UBASH3A,combo_seen1,0.16751980781555176,0.8601181507110596,0.976142168045044,0.95,-0.3732125163078308,0.16751982271671295
1,GCP-Mamba,SNAI1+DLX2,combo_seen2,0.2551676332950592,0.7496192455291748,0.8433303833007812,0.9,0.10072855651378632,0.2551676332950592
1,GCP-Mamba,IGDCC3+PRTG,combo_seen1,0.33599093556404114,0.7766104936599731,0.9145350456237793,0.85,0.24911750853061676,0.33599093556404114
1,GCP-Mamba,CDKN1C+ctrl,unseen_single,0.14054816961288452,0.74294513463974,0.8522407412528992,0.9,,
1,GCP-Mamba,ctrl+CDKN1B,unseen_single,0.07039234787225723,0.6985882520675659,0.9202150106430054,0.95,,
1,GCP-Mamba,CDKN1B+CDKN1A,combo_seen0,0.23498089611530304,0.5366958975791931,0.7979070544242859,0.8,0.8617390990257263,0.23498089611530304
1,GCP-Mamba,C3orf72+FOXL2,combo_seen0,0.04498422518372536,0.6258620023727417,0.8820908665657043,0.95,0.7954389452934265,0.04498422518372536
1,GCP-Mamba (Delta only),CBL+PTPN9,combo_seen0,0.3409934341907501,0.6947965025901794,0.894341766834259,0.95,-0.20352572202682495,0.3409934341907501
1,GCP-Mamba (Delta only),DUSP9+ctrl,unseen_single,0.44422492384910583,0.6330313682556152,0.8428740501403809,0.95,,
1,GCP-Mamba (Delta only),MAP2K6+SPI1,combo_seen1,0.17720603942871094,0.05897437036037445,0.4038352966308594,0.55,0.8849000334739685,0.17720603942871094
1,GCP-Mamba (Delta only),UBASH3B+PTPN12,combo_seen2,0.03018888831138611,0.9545838236808777,0.9870491623878479,1.0,0.6654138565063477,0.03018888831138611
1,GCP-Mamba (Delta only),BCORL1+ctrl,unseen_single,0.07510390132665634,0.29328060150146484,0.4508417248725891,0.85,,
1,GCP-Mamba (Delta only),MEIS1+ctrl,unseen_single,0.013681024312973022,0.647858202457428,0.8965892791748047,0.95,,
1,GCP-Mamba (Delta only),CBL+ctrl,unseen_single,0.1834041178226471,0.5965437889099121,0.7801520824432373,0.85,,
1,GCP-Mamba (Delta only),KLF1+FOXA1,combo_seen2,0.30498814582824707,0.5495133996009827,0.4589017629623413,0.85,-0.3471391499042511,0.30498814582824707
1,GCP-Mamba (Delta only),TBX3+TBX2,combo_seen2,0.6326648592948914,0.5585825443267822,0.5547849535942078,0.9,0.849646806716919,0.6326648592948914
1,GCP-Mamba (Delta only),SLC4A1+ctrl,unseen_single,0.19771845638751984,0.2484956979751587,0.45371565222740173,0.8,,
1,GCP-Mamba (Delta only),DUSP9+MAPK1,combo_seen1,0.2479265183210373,0.3568575978279114,0.4402671754360199,0.65,0.668787956237793,0.24792654812335968
1,GCP-Mamba (Delta only),COL2A1+ctrl,unseen_single,0.6330026388168335,0.0906558483839035,-0.10885624587535858,0.45,,
1,GCP-Mamba (Delta only),CEBPE+KLF1,combo_seen2,0.3093527555465698,0.2556370496749878,0.4417356848716736,0.75,0.6191734671592712,0.3093527555465698
1,GCP-Mamba (Delta only),UBASH3B+OSR2,combo_seen1,0.19410017132759094,0.031761106103658676,-0.006652199197560549,0.35,0.22508563101291656,0.19410014152526855
1,GCP-Mamba (Delta only),UBASH3B+ZBTB25,combo_seen2,0.028658071532845497,0.9520629644393921,0.9773228764533997,1.0,0.6913022994995117,0.0286580678075552
1,GCP-Mamba (Delta only),DUSP9+ETS2,combo_seen1,0.4134550094604492,0.379085510969162,0.5112703442573547,0.8,0.20666681230068207,0.4134550094604492
1,GCP-Mamba (Delta only),ZNF318+FOXL2,combo_seen1,0.057753972709178925,0.6774331331253052,0.8550169467926025,0.95,0.7248290181159973,0.057753972709178925
1,GCP-Mamba (Delta only),UBASH3B+PTPN9,combo_seen1,0.15368476510047913,0.8930081725120544,0.9579483866691589,1.0,-0.10834163427352905,0.15368476510047913
1,GCP-Mamba (Delta only),S1PR2+ctrl,unseen_single,0.32325121760368347,0.5929385423660278,0.7832290530204773,0.9,,
1,GCP-Mamba (Delta only),CELF2+ctrl,unseen_single,0.24832960963249207,-0.021667292341589928,-0.561191201210022,0.3,,
1,GCP-Mamba (Delta only),JUN+CEBPA,combo_seen1,0.09435632079839706,0.9373071193695068,0.9860391020774841,1.0,0.851028323173523,0.09435632079839706
1,GCP-Mamba (Delta only),CDKN1A+ctrl,unseen_single,0.11309310048818588,0.5463058352470398,0.8786619305610657,0.95,,
1,GCP-Mamba (Delta only),ctrl+MEIS1,unseen_single,0.009960385970771313,0.5954082608222961,0.9078892469406128,1.0,,
1,GCP-Mamba (Delta only),MAPK1+PRTG,combo_seen1,0.19373738765716553,0.39987626671791077,0.5577598810195923,0.85,0.24789689481258392,0.19373738765716553
1,GCP-Mamba (Delta only),MAP2K3+IKZF3,combo_seen2,0.06048184633255005,0.9355678558349609,0.9716401100158691,1.0,0.39718830585479736,0.06048184633255005
1,GCP-Mamba (Delta only),KLF1+COL2A1,combo_seen1,0.584192156791687,0.2073839157819748,0.2624775171279907,0.6,0.23365285992622375,0.584192156791687
1,GCP-Mamba (Delta only),PTPN12+OSR2,combo_seen1,0.12800833582878113,0.2837716042995453,0.3257303535938263,0.75,0.7722494602203369,0.12800833582878113
1,GCP-Mamba (Delta only),ETS2+CEBPE,combo_seen2,0.026988279074430466,0.9316474795341492,0.989170491695404,1.0,0.8419421911239624,0.026988279074430466
1,GCP-Mamba (Delta only),POU3F2+FOXL2,combo_seen1,0.07468050718307495,0.6963480114936829,0.959209680557251,1.0,0.1262924075126648,0.07468050718307495
1,GCP-Mamba (Delta only),DUSP9+PRTG,combo_seen0,0.28006818890571594,0.8173365592956543,0.9046332836151123,0.95,0.43963053822517395,0.28006815910339355
1,GCP-Mamba (Delta only),CKS1B+ctrl,unseen_single,0.3444187641143799,0.1381736397743225,0.1992788463830948,0.8,,
1,GCP-Mamba (Delta only),BCL2L11+TGFBR2,combo_seen1,0.16451485455036163,-0.08413098752498627,-0.14768220484256744,0.45,-0.1330932080745697,0.16451486945152283
1,GCP-Mamba (Delta only),AHR+KLF1,combo_seen2,0.3118951916694641,0.44816339015960693,0.7061887979507446,0.8,-0.10719595849514008,0.3118951916694641
1,GCP-Mamba (Delta only),CEBPB+CEBPA,combo_seen1,0.05625071004033089,0.9384637475013733,0.985741138458252,1.0,0.97347491979599,0.05625071004033089
1,GCP-Mamba (Delta only),PRTG+ctrl,unseen_single,0.31493693590164185,0.7810562252998352,0.9039667248725891,0.9,,
1,GCP-Mamba (Delta only),ETS2+CNN1,combo_seen2,0.04392402991652489,0.7297364473342896,0.8984292149543762,1.0,0.46925610303878784,0.043924033641815186
1,GCP-Mamba (Delta only),C3orf72+ctrl,unseen_single,0.0801924616098404,0.7622466087341309,0.8871890306472778,0.95,,
1,GCP-Mamba (Delta only),CNN1+MAPK1,combo_seen2,0.07403676211833954,0.6794767379760742,0.9396467804908752,1.0,0.6217684745788574,0.07403675466775894
1,GCP-Mamba (Delta only),FOXL2+MEIS1,combo_seen0,0.06758366525173187,0.6650638580322266,0.8666253089904785,0.95,0.031610988080501556,0.06758366525173187
1,GCP-Mamba (Delta only),FOXL2+ctrl,unseen_single,0.24922804534435272,0.26998651027679443,-0.06309672445058823,0.7,,
1,GCP-Mamba (Delta only),FOSB+CEBPE,combo_seen2,0.06695686280727386,0.9455418586730957,0.984046459197998,1.0,0.7760001420974731,0.06695686280727386
1,GCP-Mamba (Delta only),PTPN12+PTPN9,combo_seen1,0.12063007056713104,0.9104892015457153,0.9673134088516235,1.0,-0.15410709381103516,0.12063007056713104
1,GCP-Mamba (Delta only),FOSB+CEBPB,combo_seen1,0.7720938324928284,0.6846563816070557,0.7881395220756531,0.9,-0.3293141722679138,0.7720938920974731
1,GCP-Mamba (Delta only),ctrl+CDKN1A,unseen_single,0.18852239847183228,0.46791258454322815,0.8069251179695129,0.9,,
1,GCP-Mamba (Delta only),BCL2L11+BAK1,combo_seen1,0.06797488778829575,-0.24325712025165558,-0.0005947700119577348,0.3,-0.029913758859038353,0.06797488778829575
1,GCP-Mamba (Delta only),FOXA3+HOXB9,combo_seen2,0.07497632503509521,0.92881840467453,0.9698212146759033,1.0,-0.3686296343803406,0.07497632503509521
1,GCP-Mamba (Delta only),ARID1A+ctrl,unseen_single,0.21100881695747375,0.664711058139801,0.8589794635772705,1.0,,
1,GCP-Mamba (Delta only),ctrl+COL2A1,unseen_single,0.5509054660797119,0.1488076001405716,0.12298829108476639,0.55,,
1,GCP-Mamba (Delta only),CEBPE+CNN1,combo_seen2,0.20221595466136932,0.6648851037025452,0.7420000433921814,0.95,0.699595034122467,0.20221595466136932
1,GCP-Mamba (Delta only),ZC3HAV1+HOXC13,combo_seen2,0.06566973030567169,0.751459002494812,0.8837704658508301,1.0,0.2539973855018616,0.06566973030567169
1,GCP-Mamba (Delta only),CBL+CNN1,combo_seen1,0.20391884446144104,0.952515184879303,0.9901688098907471,1.0,0.24471470713615417,0.20391884446144104
1,GCP-Mamba (Delta only),ZBTB10+PTPN12,combo_seen1,0.21612271666526794,0.3476390242576599,0.8411635756492615,0.85,0.29689276218414307,0.21612274646759033
1,GCP-Mamba (Delta only),CBL+UBASH3B,combo_seen1,0.48496636748313904,0.9305371046066284,0.9820356965065002,1.0,-0.5649229884147644,0.4849664270877838
1,GCP-Mamba (Delta only),CEBPB+PTPN12,combo_seen1,0.26893192529678345,0.4647136330604553,0.570215106010437,0.6,0.7905635237693787,0.26893192529678345
1,GCP-Mamba (Delta only),BCL2L11+ctrl,unseen_single,0.05326423794031143,-0.09377866983413696,-0.2133929282426834,0.25,,
1,GCP-Mamba (Delta only),OSR2+ctrl,unseen_single,0.3796267807483673,0.4902476668357849,0.3854144513607025,0.8,,
1,GCP-Mamba (Delta only),ctrl+SPI1,unseen_single,0.4210290014743805,0.38960424065589905,0.5803075432777405,0.75,,
1,GCP-Mamba (Delta only),CEBPB+MAPK1,combo_seen1,0.24865476787090302,0.7823840975761414,0.9022108912467957,1.0,0.907439112663269,0.24865476787090302
1,GCP-Mamba (Delta only),ETS2+MAPK1,combo_seen2,0.07001930475234985,0.9092726111412048,0.9609209895133972,1.0,0.6753965020179749,0.07001930475234985
1,GCP-Mamba (Delta only),DUSP9+IGDCC3,combo_seen1,0.20612581074237823,0.8677706122398376,0.9123927354812622,0.95,0.8460363745689392,0.20612581074237823
1,GCP-Mamba (Delta only),CEBPB+ctrl,unseen_single,0.5081644654273987,0.29019895195961,0.8551985621452332,0.55,,
1,GCP-Mamba (Delta only),CBL+PTPN12,combo_seen1,0.19710557162761688,0.9292113184928894,0.9915746450424194,1.0,-0.21489855647087097,0.19710557162761688
1,GCP-Mamba (Delta only),CEBPB+OSR2,combo_seen0,0.6866021752357483,0.4806138575077057,0.7321807146072388,0.85,0.7964929938316345,0.6866021752357483
1,GCP-Mamba (Delta only),ctrl+PRTG,unseen_single,0.34221553802490234,0.7504861354827881,0.901094377040863,0.85,,
1,GCP-Mamba (Delta only),SGK1+S1PR2,combo_seen1,0.2940346598625183,0.7508777379989624,0.8345081806182861,0.85,0.28267693519592285,0.2940346896648407
1,GCP-Mamba (Delta only),DUSP9+KLF1,combo_seen1,0.39530834555625916,0.7213530540466309,0.8047489523887634,0.75,0.7444470524787903,0.39530834555625916
1,GCP-Mamba (Delta only),CDKN1B+ctrl,unseen_single,0.17721152305603027,0.6715553998947144,0.8626106977462769,0.9,,
1,GCP-Mamba (Delta only),FEV+ISL2,combo_seen2,0.1259925365447998,0.8703784942626953,0.9805845618247986,1.0,-0.1739782840013504,0.1259925365447998
1,GCP-Mamba (Delta only),JUN+ctrl,unseen_single,0.30829837918281555,0.15085828304290771,0.1790856570005417,0.55,,
1,GCP-Mamba (Delta only),POU3F2+CBFA2T3,combo_seen2,0.07908519357442856,0.8102073669433594,0.939928412437439,0.95,-0.025434313341975212,0.07908519357442856
1,GCP-Mamba (Delta only),FOXA1+HOXB9,combo_seen2,0.04319796338677406,0.9242890477180481,0.9779871702194214,1.0,0.02605055645108223,0.04319796338677406
1,GCP-Mamba (Delta only),ZBTB10+ctrl,unseen_single,0.390744149684906,0.2530975639820099,0.42575129866600037,0.6,,
1,GCP-Mamba (Delta only),CEBPE+SPI1,combo_seen1,0.41409140825271606,0.8945491909980774,0.9717116355895996,1.0,0.7567172646522522,0.41409140825271606
1,GCP-Mamba (Delta only),PTPN13+ctrl,unseen_single,0.14693674445152283,0.5815680623054504,0.5673707127571106,0.9,,
1,GCP-Mamba (Delta only),CBL+TGFBR2,combo_seen1,0.29058167338371277,0.8612896800041199,0.9238550066947937,0.95,-0.2238217443227768,0.2905816435813904
1,GCP-Mamba (Delta only),FOXA1+FOXL2,combo_seen1,0.06103102117776871,0.6506972908973694,0.9487054944038391,1.0,0.0763445794582367,0.06103102117776871
1,GCP-Mamba (Delta only),FOXF1+FOXL2,combo_seen1,0.17129138112068176,0.6751332879066467,0.8729294538497925,0.95,-0.3586104214191437,0.17129135131835938
1,GCP-Mamba (Delta only),ETS2+PRTG,combo_seen1,0.21466907858848572,0.624224841594696,0.7692697048187256,0.75,0.15618008375167847,0.21466907858848572
1,GCP-Mamba (Delta only),PTPN9+ctrl,unseen_single,0.06662194430828094,0.4583124816417694,0.6293560266494751,0.65,,
1,GCP-Mamba (Delta only),LYL1+CEBPB,combo_seen1,0.3667069673538208,0.4621238708496094,0.6383669376373291,0.7,0.3515374958515167,0.3667069673538208
1,GCP-Mamba (Delta only),DUSP9+SNAI1,combo_seen1,0.23388032615184784,0.8429983854293823,0.9034451842308044,0.95,0.22828632593154907,0.23388031125068665
1,GCP-Mamba (Delta only),ctrl+CEBPB,unseen_single,0.5566276907920837,0.31580498814582825,0.7291931509971619,0.7,,
1,GCP-Mamba (Delta only),TGFBR2+PRTG,combo_seen1,0.3882078230381012,0.7768798470497131,0.9148139953613281,0.85,-0.19449667632579803,0.3882078230381012
1,GCP-Mamba (Delta only),PRDM1+ctrl,unseen_single,0.46242523193359375,0.7380838990211487,0.9448109269142151,0.9,,
1,GCP-Mamba (Delta only),FOSB+OSR2,combo_seen1,0.36747512221336365,0.8497840166091919,0.8470524549484253,0.95,0.4924774467945099,0.36747512221336365
1,GCP-Mamba (Delta only),FOXL2+HOXB9,combo_seen1,0.14839044213294983,0.7128909230232239,0.9403408169746399,0.95,-0.29928842186927795,0.14839044213294983
1,GCP-Mamba (Delta only),ctrl+PTPN9,unseen_single,0.06359393149614334,0.48185989260673523,0.6812531352043152,0.75,,
1,GCP-Mamba (Delta only),ctrl+OSR2,unseen_single,0.30898410081863403,0.5009851455688477,0.2404087632894516,0.8,,
1,GCP-Mamba (Delta only),ZBTB10+ELMSAN1,combo_seen1,0.32178181409835815,0.5795508027076721,0.8830803632736206,0.8,-0.7138246297836304,0.32178181409835815
1,GCP-Mamba (Delta only),JUN+CEBPB,combo_seen0,0.7985802888870239,0.36977848410606384,0.46819210052490234,0.75,-0.5383239984512329,0.7985802888870239
1,GCP-Mamba (Delta only),ZBTB10+SNAI1,combo_seen1,0.5109948515892029,0.7670583724975586,0.908446729183197,1.0,-0.37354445457458496,0.5109948515892029
1,GCP-Mamba (Delta only),ctrl+FOXL2,unseen_single,0.21684150397777557,0.3356768488883972,0.08755481243133545,0.8,,
1,GCP-Mamba (Delta only),CEBPE+CEBPB,combo_seen1,0.5156634449958801,0.8181965351104736,0.842937171459198,1.0,0.7534133791923523,0.5156635046005249
1,GCP-Mamba (Delta only),PRDM1+CBFA2T3,combo_seen1,0.5356589555740356,0.651569664478302,0.8182691335678101,0.9,-0.5491148829460144,0.5356589555740356
1,GCP-Mamba (Delta only),FOXA3+FOXL2,combo_seen1,0.1802360862493515,0.6715676784515381,0.8650558590888977,0.95,-0.2951430380344391,0.1802361011505127
1,GCP-Mamba (Delta only),CDKN1C+CDKN1B,combo_seen0,0.3691355288028717,0.6308168172836304,0.8331083655357361,0.9,0.9438052773475647,0.3691355288028717
1,GCP-Mamba (Delta only),CDKN1C+CDKN1A,combo_seen0,0.21179023385047913,0.7266931533813477,0.9002345204353333,1.0,0.9323427677154541,0.21179020404815674
1,GCP-Mamba (Delta only),SPI1+ctrl,unseen_single,0.6527228951454163,0.3749563694000244,0.6492266058921814,0.7,,
1,GCP-Mamba (Delta only),EGR1+ctrl,unseen_single,0.12156744301319122,0.060370974242687225,0.3222258388996124,0.4,,
1,GCP-Mamba (Delta only),ZBTB10+DLX2,combo_seen1,0.5703755617141724,0.7188512682914734,0.8205569386482239,0.95,-0.762917697429657,0.5703755617141724
1,GCP-Mamba (Delta only),CBL+UBASH3A,combo_seen1,0.19964441657066345,0.8777825236320496,0.9802852869033813,0.95,-0.5350648760795593,0.19964441657066345
1,GCP-Mamba (Delta only),SNAI1+DLX2,combo_seen2,0.15886808931827545,0.8542544841766357,0.8935571312904358,0.95,-0.08245757222175598,0.15886808931827545
1,GCP-Mamba (Delta only),IGDCC3+PRTG,combo_seen1,0.6629961729049683,0.7860600352287292,0.8663056492805481,0.9,-0.12689051032066345,0.6629961729049683
1,GCP-Mamba (Delta only),CDKN1C+ctrl,unseen_single,0.2306804209947586,0.6075596809387207,0.7329174876213074,0.85,,
1,GCP-Mamba (Delta only),ctrl+CDKN1B,unseen_single,0.07598371803760529,0.6764073967933655,0.9028838872909546,0.95,,
1,GCP-Mamba (Delta only),CDKN1B+CDKN1A,combo_seen0,0.16694079339504242,0.7114292979240417,0.9171043038368225,1.0,0.8804368376731873,0.16694079339504242
1,GCP-Mamba (Delta only),C3orf72+FOXL2,combo_seen0,0.06213166192173958,0.5904080271720886,0.8253049254417419,0.95,0.7921513319015503,0.06213166192173958
1,GCP-Mamba (perm. graph),CBL+PTPN9,combo_seen0,0.2550945580005646,0.7635786533355713,0.9569318294525146,0.95,-0.17910437285900116,0.2550945580005646
1,GCP-Mamba (perm. graph),DUSP9+ctrl,unseen_single,0.45749133825302124,0.6040423512458801,0.8108020424842834,0.9,,
1,GCP-Mamba (perm. graph),MAP2K6+SPI1,combo_seen1,0.16279654204845428,0.08324889093637466,0.7055447101593018,0.75,0.8972628712654114,0.16279654204845428
1,GCP-Mamba (perm. graph),UBASH3B+PTPN12,combo_seen2,0.07795163989067078,0.931873619556427,0.967479407787323,1.0,0.35471007227897644,0.07795163989067078
1,GCP-Mamba (perm. graph),BCORL1+ctrl,unseen_single,0.08460848033428192,0.28547585010528564,0.35971271991729736,0.85,,
1,GCP-Mamba (perm. graph),MEIS1+ctrl,unseen_single,0.013859833590686321,0.6534788012504578,0.8760511875152588,0.95,,
1,GCP-Mamba (perm. graph),CBL+ctrl,unseen_single,0.16037383675575256,0.633938193321228,0.7878862619400024,0.75,,
1,GCP-Mamba (perm. graph),KLF1+FOXA1,combo_seen2,0.3285258412361145,0.5305778384208679,0.462621808052063,0.8,-0.3766810894012451,0.3285258412361145
1,GCP-Mamba (perm. graph),TBX3+TBX2,combo_seen2,0.7453538179397583,0.45843037962913513,0.3430767059326172,0.85,0.8617774248123169,0.7453538179397583
1,GCP-Mamba (perm. graph),SLC4A1+ctrl,unseen_single,0.20554709434509277,0.2187740057706833,0.4612947702407837,0.8,,
1,GCP-Mamba (perm. graph),DUSP9+MAPK1,combo_seen1,0.23282459378242493,0.22770288586616516,0.3520139455795288,0.7,0.798349142074585,0.23282459378242493
1,GCP-Mamba (perm. graph),COL2A1+ctrl,unseen_single,0.6486418843269348,0.16140180826187134,-0.19162210822105408,0.55,,
1,GCP-Mamba (perm. graph),CEBPE+KLF1,combo_seen2,0.3086076080799103,0.19980639219284058,0.5332430601119995,0.7,0.6566762328147888,0.3086076080799103
1,GCP-Mamba (perm. graph),UBASH3B+OSR2,combo_seen1,0.20736578106880188,-0.04937035217881203,-0.11661206930875778,0.45,0.2572445273399353,0.20736578106880188
1,GCP-Mamba (perm. graph),UBASH3B+ZBTB25,combo_seen2,0.056808240711688995,0.9323489665985107,0.9595246315002441,1.0,0.5336610674858093,0.056808240711688995
1,GCP-Mamba (perm. graph),DUSP9+ETS2,combo_seen1,0.43364208936691284,0.35178932547569275,0.5997297763824463,0.85,0.27562540769577026,0.43364208936691284
1,GCP-Mamba (perm. graph),ZNF318+FOXL2,combo_seen1,0.06213783100247383,0.6475305557250977,0.8473180532455444,0.95,0.7368276715278625,0.06213783100247383
1,GCP-Mamba (perm. graph),UBASH3B+PTPN9,combo_seen1,0.12211067974567413,0.8814603090286255,0.9553455114364624,0.9,-0.008229458704590797,0.12211067974567413
1,GCP-Mamba (perm. graph),S1PR2+ctrl,unseen_single,0.3045985698699951,0.6141613721847534,0.8126314878463745,0.85,,
1,GCP-Mamba (perm. graph),CELF2+ctrl,unseen_single,0.2457110583782196,0.08744575083255768,-0.4181528687477112,0.55,,
1,GCP-Mamba (perm. graph),JUN+CEBPA,combo_seen1,0.22982069849967957,0.9253721833229065,0.9798359870910645,1.0,0.8346236348152161,0.22982069849967957
1,GCP-Mamba (perm. graph),CDKN1A+ctrl,unseen_single,0.1731947660446167,0.29140716791152954,0.7385319471359253,0.65,,
1,GCP-Mamba (perm. graph),ctrl+MEIS1,unseen_single,0.010793210938572884,0.5998250842094421,0.8897759914398193,1.0,,
1,GCP-Mamba (perm. graph),MAPK1+PRTG,combo_seen1,0.1847466230392456,0.4050881266593933,0.6261215806007385,0.65,0.3593936264514923,0.1847466230392456
1,GCP-Mamba (perm. graph),MAP2K3+IKZF3,combo_seen2,0.12799981236457825,0.8859725594520569,0.9473685622215271,0.9,0.302147775888443,0.12799981236457825
1,GCP-Mamba (perm. graph),KLF1+COL2A1,combo_seen1,0.7067537903785706,0.19097819924354553,0.19023579359054565,0.55,0.20354773104190826,0.706753671169281
1,GCP-Mamba (perm. graph),PTPN12+OSR2,combo_seen1,0.13283534348011017,0.246409073472023,0.2816868722438812,0.75,0.7891427278518677,0.13283534348011017
1,GCP-Mamba (perm. graph),ETS2+CEBPE,combo_seen2,0.0984131321310997,0.9093409776687622,0.9638625979423523,1.0,0.8716030716896057,0.0984131321310997
1,GCP-Mamba (perm. graph),POU3F2+FOXL2,combo_seen1,0.1108904629945755,0.6021303534507751,0.9425153136253357,1.0,0.010369094088673592,0.1108904629945755
1,GCP-Mamba (perm. graph),DUSP9+PRTG,combo_seen0,0.19188493490219116,0.7583353519439697,0.9187854528427124,0.95,0.7912312150001526,0.19188493490219116
1,GCP-Mamba (perm. graph),CKS1B+ctrl,unseen_single,0.352830171585083,0.09920067340135574,0.2087581753730774,0.75,,
1,GCP-Mamba (perm. graph),BCL2L11+TGFBR2,combo_seen1,0.11891907453536987,-0.009586689993739128,0.2042515128850937,0.55,-0.08465813845396042,0.11891907453536987
1,GCP-Mamba (perm. graph),AHR+KLF1,combo_seen2,0.3442115783691406,0.4649151563644409,0.6777622699737549,0.75,-0.19436076283454895,0.3442115783691406
1,GCP-Mamba (perm. graph),CEBPB+CEBPA,combo_seen1,0.12083687633275986,0.933469831943512,0.9962510466575623,1.0,0.9933574199676514,0.12083687633275986
1,GCP-Mamba (perm. graph),PRTG+ctrl,unseen_single,0.09440003335475922,0.7426754236221313,0.9153304100036621,1.0,,
1,GCP-Mamba (perm. graph),ETS2+CNN1,combo_seen2,0.08570314198732376,0.581937313079834,0.8104744553565979,1.0,0.3461062014102936,0.08570313453674316
1,GCP-Mamba (perm. graph),C3orf72+ctrl,unseen_single,0.08595053851604462,0.7635858654975891,0.8851160407066345,0.95,,
1,GCP-Mamba (perm. graph),CNN1+MAPK1,combo_seen2,0.15852278470993042,0.44609755277633667,0.8830830454826355,0.95,0.5142210125923157,0.15852278470993042
1,GCP-Mamba (perm. graph),FOXL2+MEIS1,combo_seen0,0.06715970486402512,0.6387134790420532,0.8663429021835327,0.95,0.08842843025922775,0.06715971231460571
1,GCP-Mamba (perm. graph),FOXL2+ctrl,unseen_single,0.25476378202438354,0.298456609249115,0.007894898764789104,0.7,,
1,GCP-Mamba (perm. graph),FOSB+CEBPE,combo_seen2,0.28085213899612427,0.8695629835128784,0.933746874332428,1.0,0.6456776261329651,0.28085213899612427
1,GCP-Mamba (perm. graph),PTPN12+PTPN9,combo_seen1,0.14165501296520233,0.8682081699371338,0.9373855590820312,0.95,-0.07425755262374878,0.14165501296520233
1,GCP-Mamba (perm. graph),FOSB+CEBPB,combo_seen1,0.7845415472984314,0.4936014413833618,0.7647414207458496,0.8,-0.33121931552886963,0.7845415472984314
1,GCP-Mamba (perm. graph),ctrl+CDKN1A,unseen_single,0.2820482552051544,0.1849965900182724,0.6461741328239441,0.5,,
1,GCP-Mamba (perm. graph),BCL2L11+BAK1,combo_seen1,0.0583985336124897,-0.2284550815820694,-0.05753166228532791,0.25,0.01380184292793274,0.05839853733778
1,GCP-Mamba (perm. graph),FOXA3+HOXB9,combo_seen2,0.1384996920824051,0.8579810261726379,0.9451289176940918,1.0,-0.5495421290397644,0.1384996920824051
1,GCP-Mamba (perm. graph),ARID1A+ctrl,unseen_single,0.23855511844158173,0.6476024389266968,0.8393831849098206,1.0,,
1,GCP-Mamba (perm. graph),ctrl+COL2A1,unseen_single,0.5740354061126709,0.2039215862751007,0.034759849309921265,0.65,,
1,GCP-Mamba (perm. graph),CEBPE+CNN1,combo_seen2,0.20938250422477722,0.6435117721557617,0.7542386054992676,0.95,0.6980190277099609,0.20938250422477722
1,GCP-Mamba (perm. graph),ZC3HAV1+HOXC13,combo_seen2,0.1049894243478775,0.6787822842597961,0.8660167455673218,1.0,0.294443279504776,0.1049894243478775
1,GCP-Mamba (perm. graph),CBL+CNN1,combo_seen1,0.34031254053115845,0.9362112283706665,0.9678471088409424,1.0,0.13731764256954193,0.34031254053115845
1,GCP-Mamba (perm. graph),ZBTB10+PTPN12,combo_seen1,0.23092475533485413,0.35349634289741516,0.8114944696426392,0.85,0.2719919681549072,0.23092477023601532
1,GCP-Mamba (perm. graph),CBL+UBASH3B,combo_seen1,0.47466713190078735,0.943614661693573,0.9868834018707275,1.0,-0.4698375165462494,0.47466713190078735
1,GCP-Mamba (perm. graph),CEBPB+PTPN12,combo_seen1,0.3414086103439331,-0.04688721150159836,0.22226735949516296,0.35,0.7896957993507385,0.3414086103439331
1,GCP-Mamba (perm. graph),BCL2L11+ctrl,unseen_single,0.032311927527189255,-0.0627908930182457,-0.3088497817516327,0.15,,
1,GCP-Mamba (perm. graph),OSR2+ctrl,unseen_single,0.4482225775718689,0.2544424533843994,-0.367823988199234,0.7,,
1,GCP-Mamba (perm. graph),ctrl+SPI1,unseen_single,0.3958893418312073,0.504463791847229,0.8982238173484802,0.95,,
1,GCP-Mamba (perm. graph),CEBPB+MAPK1,combo_seen1,0.29978156089782715,0.627250075340271,0.8812565803527832,0.95,0.9228060841560364,0.29978153109550476
1,GCP-Mamba (perm. graph),ETS2+MAPK1,combo_seen2,0.3112088739871979,0.7578593492507935,0.9064157009124756,1.0,0.7184998989105225,0.3112088739871979
1,GCP-Mamba (perm. graph),DUSP9+IGDCC3,combo_seen1,0.2715606093406677,0.8422351479530334,0.9104353189468384,1.0,0.8634666204452515,0.2715606093406677
1,GCP-Mamba (perm. graph),CEBPB+ctrl,unseen_single,0.5497385263442993,-0.20030874013900757,0.5321308374404907,0.5,,
1,GCP-Mamba (perm. graph),CBL+PTPN12,combo_seen1,0.26312872767448425,0.9269648790359497,0.9772135615348816,1.0,-0.20500536262989044,0.26312872767448425
1,GCP-Mamba (perm. graph),CEBPB+OSR2,combo_seen0,0.7471891045570374,-0.1679781824350357,0.5030606985092163,0.6,0.8005142211914062,0.7471891045570374
1,GCP-Mamba (perm. graph),ctrl+PRTG,unseen_single,0.09780771285295486,0.7137153744697571,0.909767210483551,1.0,,
1,GCP-Mamba (perm. graph),SGK1+S1PR2,combo_seen1,0.3179188370704651,0.7545247673988342,0.8043006658554077,0.95,0.2962682843208313,0.3179188370704651
1,GCP-Mamba (perm. graph),DUSP9+KLF1,combo_seen1,0.36217689514160156,0.7446590065956116,0.830329179763794,0.8,0.7971106767654419,0.36217689514160156
1,GCP-Mamba (perm. graph),CDKN1B+ctrl,unseen_single,0.15836207568645477,0.7379148006439209,0.8991859555244446,0.95,,
1,GCP-Mamba (perm. graph),FEV+ISL2,combo_seen2,0.2825477421283722,0.7666589617729187,0.9332498908042908,1.0,-0.36292460560798645,0.2825477421283722
1,GCP-Mamba (perm. graph),JUN+ctrl,unseen_single,0.32973870635032654,-0.0519123412668705,-0.18650183081626892,0.55,,
1,GCP-Mamba (perm. graph),POU3F2+CBFA2T3,combo_seen2,0.1219620481133461,0.7695443630218506,0.8968308568000793,0.95,-0.17164923250675201,0.1219620481133461
1,GCP-Mamba (perm. graph),FOXA1+HOXB9,combo_seen2,0.11304157972335815,0.8660849332809448,0.9435243606567383,0.95,-0.3215537965297699,0.11304157972335815
1,GCP-Mamba (perm. graph),ZBTB10+ctrl,unseen_single,0.41480207443237305,0.03382309153676033,-0.06951393187046051,0.55,,
1,GCP-Mamba (perm. graph),CEBPE+SPI1,combo_seen1,0.677842378616333,0.87248694896698,0.9506369829177856,1.0,0.7538713216781616,0.677842378616333
1,GCP-Mamba (perm. graph),PTPN13+ctrl,unseen_single,0.142251655459404,0.5895159244537354,0.6528249382972717,0.95,,
1,GCP-Mamba (perm. graph),CBL+TGFBR2,combo_seen1,0.2699497640132904,0.8618338704109192,0.9302492737770081,0.95,-0.1945575475692749,0.269949734210968
1,GCP-Mamba (perm. graph),FOXA1+FOXL2,combo_seen1,0.07524314522743225,0.5477795600891113,0.9292706251144409,1.0,-0.0014174776151776314,0.07524314522743225
1,GCP-Mamba (perm. graph),FOXF1+FOXL2,combo_seen1,0.19565777480602264,0.5338272452354431,0.801594614982605,0.95,-0.378268301486969,0.19565777480602264
1,GCP-Mamba (perm. graph),ETS2+PRTG,combo_seen1,0.10906165838241577,0.6314763426780701,0.8015301823616028,0.75,0.0814039558172226,0.10906165838241577
1,GCP-Mamba (perm. graph),PTPN9+ctrl,unseen_single,0.05018335580825806,0.5178276896476746,0.7431101202964783,0.65,,
1,GCP-Mamba (perm. graph),LYL1+CEBPB,combo_seen1,0.4673612713813782,-0.5127443075180054,-0.25434356927871704,0.35,0.39140307903289795,0.4673612713813782
1,GCP-Mamba (perm. graph),DUSP9+SNAI1,combo_seen1,0.32569602131843567,0.763750433921814,0.8875356912612915,1.0,0.1009785532951355,0.32569602131843567
1,GCP-Mamba (perm. graph),ctrl+CEBPB,unseen_single,0.6156694889068604,-0.1853448450565338,0.2393302172422409,0.5,,
1,GCP-Mamba (perm. graph),TGFBR2+PRTG,combo_seen1,0.07525140047073364,0.7699680924415588,0.9474629759788513,1.0,0.45478346943855286,0.07525140047073364
1,GCP-Mamba (perm. graph),PRDM1+ctrl,unseen_single,0.4443449079990387,0.7599313855171204,0.9543624520301819,0.9,,
1,GCP-Mamba (perm. graph),FOSB+OSR2,combo_seen1,0.4455093443393707,0.8133466839790344,0.8248305916786194,0.9,0.4675050973892212,0.4455093443393707
1,GCP-Mamba (perm. graph),FOXL2+HOXB9,combo_seen1,0.18028008937835693,0.6198695302009583,0.9242569804191589,0.95,-0.35117146372795105,0.18028008937835693
1,GCP-Mamba (perm. graph),ctrl+PTPN9,unseen_single,0.04438188672065735,0.5432062745094299,0.7952046990394592,0.8,,
1,GCP-Mamba (perm. graph),ctrl+OSR2,unseen_single,0.37706413865089417,0.24924059212207794,-0.5014402270317078,0.65,,
1,GCP-Mamba (perm. graph),ZBTB10+ELMSAN1,combo_seen1,0.33859142661094666,0.3396817147731781,0.7846202254295349,0.8,-0.729138970375061,0.33859142661094666
1,GCP-Mamba (perm. graph),JUN+CEBPB,combo_seen0,0.993902325630188,-0.07371396571397781,-0.39721566438674927,0.3,-0.5394840836524963,0.993902325630188
1,GCP-Mamba (perm. graph),ZBTB10+SNAI1,combo_seen1,0.7532543540000916,0.5957485437393188,0.9040709137916565,0.95,-0.2909461259841919,0.7532544732093811
1,GCP-Mamba (perm. graph),ctrl+FOXL2,unseen_single,0.2221633940935135,0.3659730553627014,0.15444281697273254,0.8,,
1,GCP-Mamba (perm. graph),CEBPE+CEBPB,combo_seen1,0.6692049503326416,0.7001664042472839,0.8114104866981506,0.95,0.782606303691864,0.6692049503326416
1,GCP-Mamba (perm. graph),PRDM1+CBFA2T3,combo_seen1,0.510229229927063,0.6497791409492493,0.8709206581115723,0.9,-0.5448284149169922,0.510229229927063
1,GCP-Mamba (perm. graph),FOXA3+FOXL2,combo_seen1,0.1914108395576477,0.5643826723098755,0.8355100154876709,0.95,-0.28714263439178467,0.1914108395576477
1,GCP-Mamba (perm. graph),CDKN1C+CDKN1B,combo_seen0,0.30140823125839233,0.701627254486084,0.8749502897262573,0.9,0.9386482238769531,0.30140823125839233
1,GCP-Mamba (perm. graph),CDKN1C+CDKN1A,combo_seen0,0.23386338353157043,0.7295926213264465,0.9088084697723389,1.0,0.9317314624786377,0.23386338353157043
1,GCP-Mamba (perm. graph),SPI1+ctrl,unseen_single,0.6326345801353455,0.5011462569236755,0.9130008220672607,0.9,,
1,GCP-Mamba (perm. graph),EGR1+ctrl,unseen_single,0.09566604346036911,0.12586550414562225,0.6373213529586792,0.7,,
1,GCP-Mamba (perm. graph),ZBTB10+DLX2,combo_seen1,0.655584454536438,0.4080681800842285,0.5051151514053345,0.8,-0.7514714002609253,0.655584454536438
1,GCP-Mamba (perm. graph),CBL+UBASH3A,combo_seen1,0.17676213383674622,0.8839430212974548,0.990795910358429,0.95,-0.3895050287246704,0.17676213383674622
1,GCP-Mamba (perm. graph),SNAI1+DLX2,combo_seen2,0.2750060260295868,0.7077217698097229,0.7907098531723022,0.9,0.009519853629171848,0.2750060260295868
1,GCP-Mamba (perm. graph),IGDCC3+PRTG,combo_seen1,0.27454063296318054,0.776158332824707,0.8921642899513245,0.95,0.3391977846622467,0.27454063296318054
1,GCP-Mamba (perm. graph),CDKN1C+ctrl,unseen_single,0.17988476157188416,0.6608721613883972,0.7718576788902283,0.85,,
1,GCP-Mamba (perm. graph),ctrl+CDKN1B,unseen_single,0.07152415812015533,0.7132920622825623,0.9030368328094482,0.9,,
1,GCP-Mamba (perm. graph),CDKN1B+CDKN1A,combo_seen0,0.26023074984550476,0.4607030153274536,0.768588125705719,0.7,0.8531340956687927,0.2602307200431824
1,GCP-Mamba (perm. graph),C3orf72+FOXL2,combo_seen0,0.06049126386642456,0.5262594223022461,0.8329916596412659,0.9,0.7765747308731079,0.060491256415843964
1,GCP-Mamba (random order),CBL+PTPN9,combo_seen0,0.13983574509620667,0.8665344715118408,0.9614189863204956,0.95,-0.10693443566560745,0.13983574509620667
1,GCP-Mamba (random order),DUSP9+ctrl,unseen_single,0.5154918432235718,0.45912614464759827,0.7042016983032227,0.75,,
1,GCP-Mamba (random order),MAP2K6+SPI1,combo_seen1,0.14708417654037476,0.13149325549602509,0.7927907705307007,0.8,0.8989644646644592,0.14708417654037476
1,GCP-Mamba (random order),UBASH3B+PTPN12,combo_seen2,0.06803306937217712,0.9452999234199524,0.9838303327560425,1.0,0.34873154759407043,0.06803306937217712
1,GCP-Mamba (random order),BCORL1+ctrl,unseen_single,0.07229495048522949,0.3559046983718872,0.4762893319129944,0.85,,
1,GCP-Mamba (random order),MEIS1+ctrl,unseen_single,0.021490231156349182,0.6097742915153503,0.834347665309906,0.9,,
1,GCP-Mamba (random order),CBL+ctrl,unseen_single,0.13661929965019226,0.7409372925758362,0.8259679079055786,0.9,,
1,GCP-Mamba (random order),KLF1+FOXA1,combo_seen2,0.267093688249588,0.5291943550109863,0.5282219648361206,0.85,0.010545260272920132,0.267093688249588
1,GCP-Mamba (random order),TBX3+TBX2,combo_seen2,0.7311428189277649,0.4786704182624817,0.37524086236953735,0.85,0.8536425232887268,0.7311428189277649
1,GCP-Mamba (random order),SLC4A1+ctrl,unseen_single,0.2267865389585495,0.09558382630348206,0.4189217686653137,0.8,,
1,GCP-Mamba (random order),DUSP9+MAPK1,combo_seen1,0.2522515654563904,0.24427807331085205,0.37519678473472595,0.65,0.7331256866455078,0.252251535654068
1,GCP-Mamba (random order),COL2A1+ctrl,unseen_single,0.58473801612854,0.17965105175971985,-0.0038793953135609627,0.6,,
1,GCP-Mamba (random order),CEBPE+KLF1,combo_seen2,0.3357860743999481,0.16866251826286316,0.44291412830352783,0.7,0.6862873435020447,0.3357860743999481
1,GCP-Mamba (random order),UBASH3B+OSR2,combo_seen1,0.21788759529590607,-0.04680844023823738,-0.04150810465216637,0.35,0.25680112838745117,0.21788759529590607
1,GCP-Mamba (random order),UBASH3B+ZBTB25,combo_seen2,0.07068337500095367,0.9431657195091248,0.9838100671768188,1.0,0.42767512798309326,0.07068337500095367
1,GCP-Mamba (random order),DUSP9+ETS2,combo_seen1,0.4589281976222992,0.2870731055736542,0.402500182390213,0.75,0.16315333545207977,0.4589281678199768
1,GCP-Mamba (random order),ZNF318+FOXL2,combo_seen1,0.032087936997413635,0.7501000165939331,0.9196069836616516,0.95,0.7431929707527161,0.032087936997413635
1,GCP-Mamba (random order),UBASH3B+PTPN9,combo_seen1,0.08946830779314041,0.9015001058578491,0.9677260518074036,1.0,0.14064009487628937,0.08946830779314041
1,GCP-Mamba (random order),S1PR2+ctrl,unseen_single,0.3382388949394226,0.5421912670135498,0.8060898184776306,0.85,,
1,GCP-Mamba (random order),CELF2+ctrl,unseen_single,0.20856556296348572,0.12444640696048737,-0.3383237421512604,0.5,,
1,GCP-Mamba (random order),JUN+CEBPA,combo_seen1,0.25351113080978394,0.932499885559082,0.984981894493103,1.0,0.8576967120170593,0.25351113080978394
1,GCP-Mamba (random order),CDKN1A+ctrl,unseen_single,0.22192415595054626,0.08805667608976364,0.6290968060493469,0.7,,
1,GCP-Mamba (random order),ctrl+MEIS1,unseen_single,0.015288608148694038,0.5675716400146484,0.858632504940033,0.95,,
1,GCP-Mamba (random order),MAPK1+PRTG,combo_seen1,0.1423487514257431,0.4201004207134247,0.6801888942718506,0.8,0.23405665159225464,0.1423487514257431
1,GCP-Mamba (random order),MAP2K3+IKZF3,combo_seen2,0.25444990396499634,0.8614704012870789,0.9302952885627747,0.95,0.18412292003631592,0.25444990396499634
1,GCP-Mamba (random order),KLF1+COL2A1,combo_seen1,0.6314590573310852,0.2148151844739914,0.2580344080924988,0.6,0.19558607041835785,0.6314590573310852
1,GCP-Mamba (random order),PTPN12+OSR2,combo_seen1,0.14559009671211243,0.2239852249622345,0.19520573318004608,0.6,0.7779136300086975,0.14559009671211243
1,GCP-Mamba (random order),ETS2+CEBPE,combo_seen2,0.06427180767059326,0.9286954998970032,0.9900790452957153,1.0,0.9389323592185974,0.06427180767059326
1,GCP-Mamba (random order),POU3F2+FOXL2,combo_seen1,0.06903046369552612,0.7307769656181335,0.9596365690231323,1.0,0.10337739437818527,0.06903046369552612
1,GCP-Mamba (random order),DUSP9+PRTG,combo_seen0,0.2126089334487915,0.7246261835098267,0.8972380757331848,0.95,0.7463018298149109,0.2126089334487915
1,GCP-Mamba (random order),CKS1B+ctrl,unseen_single,0.31066638231277466,0.2742941677570343,0.4852012097835541,0.85,,
1,GCP-Mamba (random order),BCL2L11+TGFBR2,combo_seen1,0.14899392426013947,-0.0489119328558445,0.03960925340652466,0.5,-0.08408062160015106,0.14899392426013947
1,GCP-Mamba (random order),AHR+KLF1,combo_seen2,0.2939094007015228,0.37614136934280396,0.6462016701698303,0.85,0.3244263231754303,0.2939094007015228
1,GCP-Mamba (random order),CEBPB+CEBPA,combo_seen1,0.04810634255409241,0.9354377388954163,0.9918493628501892,0.95,0.9882604479789734,0.048106350004673004
1,GCP-Mamba (random order),PRTG+ctrl,unseen_single,0.14170204102993011,0.7159020304679871,0.8948522806167603,0.95,,
1,GCP-Mamba (random order),ETS2+CNN1,combo_seen2,0.0677652508020401,0.6864868998527527,0.9041627049446106,1.0,0.3838285207748413,0.0677652508020401
1,GCP-Mamba (random order),C3orf72+ctrl,unseen_single,0.07445589452981949,0.7919031381607056,0.9071117043495178,0.95,,
1,GCP-Mamba (random order),CNN1+MAPK1,combo_seen2,0.13959021866321564,0.6333334445953369,0.9093383550643921,1.0,0.5272763967514038,0.13959021866321564
1,GCP-Mamba (random order),FOXL2+MEIS1,combo_seen0,0.03863612562417984,0.7498149871826172,0.9264363050460815,1.0,0.07351980358362198,0.03863612562417984
1,GCP-Mamba (random order),FOXL2+ctrl,unseen_single,0.18174414336681366,0.4732854962348938,0.1897508054971695,0.75,,
1,GCP-Mamba (random order),FOSB+CEBPE,combo_seen2,0.29911676049232483,0.8933776021003723,0.932849109172821,1.0,0.6232045888900757,0.2991167902946472
1,GCP-Mamba (random order),PTPN12+PTPN9,combo_seen1,0.07187231630086899,0.9000999927520752,0.9553326368331909,0.95,0.16008543968200684,0.07187231630086899
1,GCP-Mamba (random order),FOSB+CEBPB,combo_seen1,0.7776080369949341,0.5674262046813965,0.7376740574836731,0.85,-0.3104182779788971,0.7776080369949341
1,GCP-Mamba (random order),ctrl+CDKN1A,unseen_single,0.3512994050979614,-0.011889824643731117,0.2644151449203491,0.5,,
1,GCP-Mamba (random order),BCL2L11+BAK1,combo_seen1,0.07816057652235031,-0.2436484694480896,-0.08913871645927429,0.3,-0.024066785350441933,0.07816057652235031
1,GCP-Mamba (random order),FOXA3+HOXB9,combo_seen2,0.09885933250188828,0.8962242007255554,0.9596522450447083,1.0,-0.4897398054599762,0.09885933250188828
1,GCP-Mamba (random order),ARID1A+ctrl,unseen_single,0.20458367466926575,0.7335641980171204,0.8057161569595337,1.0,,
1,GCP-Mamba (random order),ctrl+COL2A1,unseen_single,0.5269542932510376,0.22594159841537476,0.23946700990200043,0.75,,
1,GCP-Mamba (random order),CEBPE+CNN1,combo_seen2,0.20686951279640198,0.6261963248252869,0.7761200070381165,0.95,0.7080332636833191,0.20686951279640198
1,GCP-Mamba (random order),ZC3HAV1+HOXC13,combo_seen2,0.08551711589097977,0.6987622380256653,0.8622152805328369,1.0,0.17033743858337402,0.08551711589097977
1,GCP-Mamba (random order),CBL+CNN1,combo_seen1,0.3691132068634033,0.9334864020347595,0.9716075658798218,1.0,-0.027328163385391235,0.3691132068634033
1,GCP-Mamba (random order),ZBTB10+PTPN12,combo_seen1,0.18986880779266357,0.3954991102218628,0.8392502665519714,0.9,0.2696346938610077,0.18986880779266357
1,GCP-Mamba (random order),CBL+UBASH3B,combo_seen1,0.4891737401485443,0.9263502359390259,0.9774796962738037,1.0,-0.5321633815765381,0.4891737401485443
1,GCP-Mamba (random order),CEBPB+PTPN12,combo_seen1,0.2971498370170593,0.25431039929389954,0.5356155037879944,0.6,0.7701792120933533,0.2971498370170593
1,GCP-Mamba (random order),BCL2L11+ctrl,unseen_single,0.03910049796104431,-0.08448804169893265,-0.2589035630226135,0.05,,
1,GCP-Mamba (random order),OSR2+ctrl,unseen_single,0.4693816602230072,0.058927565813064575,-0.4301215410232544,0.6,,
1,GCP-Mamba (random order),ctrl+SPI1,unseen_single,0.3747020363807678,0.5180404782295227,0.8902077674865723,0.9,,
1,GCP-Mamba (random order),CEBPB+MAPK1,combo_seen1,0.20360486209392548,0.7492610812187195,0.9079919457435608,1.0,0.9279022812843323,0.20360486209392548
1,GCP-Mamba (random order),ETS2+MAPK1,combo_seen2,0.1792096197605133,0.8187516927719116,0.9384132623672485,1.0,0.7461447715759277,0.1792096197605133
1,GCP-Mamba (random order),DUSP9+IGDCC3,combo_seen1,0.28447645902633667,0.8130780458450317,0.9129411578178406,1.0,0.9123561382293701,0.2844764292240143
1,GCP-Mamba (random order),CEBPB+ctrl,unseen_single,0.4707651138305664,0.1978892683982849,0.7663915157318115,0.7,,
1,GCP-Mamba (random order),CBL+PTPN12,combo_seen1,0.1839025914669037,0.9251573085784912,0.9796167016029358,1.0,-0.18513868749141693,0.1839025914669037
1,GCP-Mamba (random order),CEBPB+OSR2,combo_seen0,0.732008159160614,0.09258121997117996,0.5865795016288757,0.65,0.7953190207481384,0.732008159160614
1,GCP-Mamba (random order),ctrl+PRTG,unseen_single,0.15539565682411194,0.6786726713180542,0.8811246156692505,0.9,,
1,GCP-Mamba (random order),SGK1+S1PR2,combo_seen1,0.36951273679733276,0.7529565691947937,0.8393247723579407,0.9,0.3803020715713501,0.36951273679733276
1,GCP-Mamba (random order),DUSP9+KLF1,combo_seen1,0.6321107745170593,0.6330288648605347,0.7466775178909302,0.8,0.7153595089912415,0.6321107745170593
1,GCP-Mamba (random order),CDKN1B+ctrl,unseen_single,0.14136914908885956,0.7354072332382202,0.8962258100509644,0.95,,
1,GCP-Mamba (random order),FEV+ISL2,combo_seen2,0.12810811400413513,0.8394736051559448,0.9864601492881775,1.0,-0.3153417706489563,0.12810811400413513
1,GCP-Mamba (random order),JUN+ctrl,unseen_single,0.29938438534736633,0.14515645802021027,0.13359025120735168,0.7,,
1,GCP-Mamba (random order),POU3F2+CBFA2T3,combo_seen2,0.07729975879192352,0.8134746551513672,0.9654693603515625,0.95,0.012470840476453304,0.07729975879192352
1,GCP-Mamba (random order),FOXA1+HOXB9,combo_seen2,0.06457990407943726,0.8940159678459167,0.971050500869751,1.0,-0.16779325902462006,0.06457990407943726
1,GCP-Mamba (random order),ZBTB10+ctrl,unseen_single,0.40870171785354614,0.030098916962742805,0.019482653588056564,0.55,,
1,GCP-Mamba (random order),CEBPE+SPI1,combo_seen1,0.6874188184738159,0.9033536314964294,0.971811056137085,1.0,0.7317896485328674,0.6874188184738159
1,GCP-Mamba (random order),PTPN13+ctrl,unseen_single,0.14338956773281097,0.5843986868858337,0.6083346605300903,0.95,,
1,GCP-Mamba (random order),CBL+TGFBR2,combo_seen1,0.24548785388469696,0.8560609221458435,0.9232649803161621,0.9,-0.1663273125886917,0.24548785388469696
1,GCP-Mamba (random order),FOXA1+FOXL2,combo_seen1,0.059613924473524094,0.6752698421478271,0.9638379812240601,1.0,0.09705417603254318,0.059613920748233795
1,GCP-Mamba (random order),FOXF1+FOXL2,combo_seen1,0.15589410066604614,0.7166349291801453,0.8842402696609497,0.9,-0.34228071570396423,0.15589410066604614
1,GCP-Mamba (random order),ETS2+PRTG,combo_seen1,0.1499856412410736,0.6217879056930542,0.7777826189994812,0.8,-0.25547459721565247,0.1499856412410736
1,GCP-Mamba (random order),PTPN9+ctrl,unseen_single,0.03004823625087738,0.6532723307609558,0.8557512164115906,0.65,,
1,GCP-Mamba (random order),LYL1+CEBPB,combo_seen1,0.37380293011665344,0.03270268440246582,0.5952105522155762,0.65,0.3673720359802246,0.37380293011665344
1,GCP-Mamba (random order),DUSP9+SNAI1,combo_seen1,0.23398423194885254,0.7839992046356201,0.9235367774963379,1.0,0.21259166300296783,0.23398423194885254
1,GCP-Mamba (random order),ctrl+CEBPB,unseen_single,0.529365599155426,0.21560797095298767,0.5944225192070007,0.65,,
1,GCP-Mamba (random order),TGFBR2+PRTG,combo_seen1,0.17961236834526062,0.7443869113922119,0.92030268907547,0.9,0.34308210015296936,0.17961236834526062
1,GCP-Mamba (random order),PRDM1+ctrl,unseen_single,0.4364071488380432,0.7562598586082458,0.9499554634094238,0.85,,
1,GCP-Mamba (random order),FOSB+OSR2,combo_seen1,0.48648422956466675,0.7792677283287048,0.8096476793289185,0.95,0.4457640051841736,0.48648422956466675
1,GCP-Mamba (random order),FOXL2+HOXB9,combo_seen1,0.12385599315166473,0.7491992712020874,0.9455892443656921,0.95,-0.25116562843322754,0.12385599315166473
1,GCP-Mamba (random order),ctrl+PTPN9,unseen_single,0.02974814735352993,0.6760360598564148,0.8590320348739624,0.8,,
1,GCP-Mamba (random order),ctrl+OSR2,unseen_single,0.39613673090934753,0.06994679570198059,-0.5881810188293457,0.55,,
1,GCP-Mamba (random order),ZBTB10+ELMSAN1,combo_seen1,0.34012290835380554,0.4415946900844574,0.8109509348869324,0.85,-0.7240120768547058,0.34012290835380554
1,GCP-Mamba (random order),JUN+CEBPB,combo_seen0,0.8943667411804199,0.11015620082616806,-0.11755580455064774,0.3,-0.5354933142662048,0.8943667411804199
1,GCP-Mamba (random order),ZBTB10+SNAI1,combo_seen1,0.6745077967643738,0.7315139174461365,0.9347264766693115,1.0,-0.2865229547023773,0.6745077967643738
1,GCP-Mamba (random order),ctrl+FOXL2,unseen_single,0.15734179317951202,0.5264624357223511,0.31891411542892456,0.8,,
1,GCP-Mamba (random order),CEBPE+CEBPB,combo_seen1,0.593735933303833,0.7766463160514832,0.8213462233543396,0.95,0.7544626593589783,0.5937358736991882
1,GCP-Mamba (random order),PRDM1+CBFA2T3,combo_seen1,0.43626290559768677,0.7521799206733704,0.9256481528282166,0.95,-0.5105236172676086,0.43626290559768677
1,GCP-Mamba (random order),FOXA3+FOXL2,combo_seen1,0.16003884375095367,0.7085609436035156,0.8856236934661865,0.95,-0.2943931519985199,0.16003884375095367
1,GCP-Mamba (random order),CDKN1C+CDKN1B,combo_seen0,0.24048300087451935,0.7391120195388794,0.9131389856338501,1.0,0.9443150162696838,0.24048300087451935
1,GCP-Mamba (random order),CDKN1C+CDKN1A,combo_seen0,0.3022717833518982,0.44309473037719727,0.8167060017585754,0.9,0.9228023886680603,0.3022717237472534
1,GCP-Mamba (random order),SPI1+ctrl,unseen_single,0.6019172668457031,0.5079156756401062,0.9260581731796265,0.9,,
1,GCP-Mamba (random order),EGR1+ctrl,unseen_single,0.09064636379480362,0.24592071771621704,0.7524046301841736,0.75,,
1,GCP-Mamba (random order),ZBTB10+DLX2,combo_seen1,0.5800720453262329,0.643007218837738,0.8173492550849915,0.9,-0.7596482634544373,0.5800720453262329
1,GCP-Mamba (random order),CBL+UBASH3A,combo_seen1,0.12501700222492218,0.8816030621528625,0.9753394722938538,0.95,-0.07134807109832764,0.12501700222492218
1,GCP-Mamba (random order),SNAI1+DLX2,combo_seen2,0.20457622408866882,0.7954131364822388,0.8758256435394287,0.9,0.12685592472553253,0.20457622408866882
1,GCP-Mamba (random order),IGDCC3+PRTG,combo_seen1,0.34697869420051575,0.7844019532203674,0.9296049475669861,0.95,0.2529796063899994,0.34697869420051575
1,GCP-Mamba (random order),CDKN1C+ctrl,unseen_single,0.17045125365257263,0.7323839664459229,0.8548901677131653,0.9,,
1,GCP-Mamba (random order),ctrl+CDKN1B,unseen_single,0.0535031259059906,0.7251585125923157,0.9216777682304382,0.95,,
1,GCP-Mamba (random order),CDKN1B+CDKN1A,combo_seen0,0.2919887900352478,0.39677247405052185,0.7618968486785889,0.8,0.8910784721374512,0.2919887900352478
1,GCP-Mamba (random order),C3orf72+FOXL2,combo_seen0,0.04618549719452858,0.6545037031173706,0.868532657623291,0.9,0.7728213667869568,0.04618549719452858
1,Mamba (no graph),CBL+PTPN9,combo_seen0,0.3399234712123871,0.6971707344055176,0.8960274457931519,0.95,-0.20439910888671875,0.3399234712123871
1,Mamba (no graph),DUSP9+ctrl,unseen_single,0.4470760226249695,0.6306369304656982,0.8415775299072266,0.95,,
1,Mamba (no graph),MAP2K6+SPI1,combo_seen1,0.17779912054538727,0.054926421493291855,0.3991215229034424,0.55,0.8850348591804504,0.17779913544654846
1,Mamba (no graph),UBASH3B+PTPN12,combo_seen2,0.03081262670457363,0.9546271562576294,0.9872307777404785,1.0,0.6548819541931152,0.030812624841928482
1,Mamba (no graph),BCORL1+ctrl,unseen_single,0.07454152405261993,0.2949753999710083,0.4545697569847107,0.85,,
1,Mamba (no graph),MEIS1+ctrl,unseen_single,0.013692036271095276,0.6485294103622437,0.8961233496665955,0.95,,
1,Mamba (no graph),CBL+ctrl,unseen_single,0.18345412611961365,0.5964037179946899,0.780718207359314,0.85,,
1,Mamba (no graph),KLF1+FOXA1,combo_seen2,0.3066144585609436,0.5502850413322449,0.4606456756591797,0.85,-0.3621766269207001,0.3066144585609436
1,Mamba (no graph),TBX3+TBX2,combo_seen2,0.6331872344017029,0.5583356618881226,0.5543237924575806,0.9,0.8496332168579102,0.6331872344017029
1,Mamba (no graph),SLC4A1+ctrl,unseen_single,0.19786134362220764,0.24864213168621063,0.4553436040878296,0.8,,
1,Mamba (no graph),DUSP9+MAPK1,combo_seen1,0.24760334193706512,0.35714012384414673,0.4410305619239807,0.65,0.6676426529884338,0.24760334193706512
1,Mamba (no graph),COL2A1+ctrl,unseen_single,0.6316890120506287,0.09090198576450348,-0.10602451860904694,0.45,,
1,Mamba (no graph),CEBPE+KLF1,combo_seen2,0.30722910165786743,0.2565052807331085,0.44457241892814636,0.75,0.6200420260429382,0.30722904205322266
1,Mamba (no graph),UBASH3B+OSR2,combo_seen1,0.19372311234474182,0.03284993767738342,-0.00642435671761632,0.4,0.22510775923728943,0.19372311234474182
1,Mamba (no graph),UBASH3B+ZBTB25,combo_seen2,0.028725873678922653,0.952313244342804,0.9775725603103638,1.0,0.6865729689598083,0.028725873678922653
1,Mamba (no graph),DUSP9+ETS2,combo_seen1,0.4147593080997467,0.37831926345825195,0.5084105730056763,0.8,0.2061249166727066,0.4147593080997467
1,Mamba (no graph),ZNF318+FOXL2,combo_seen1,0.05788527801632881,0.6777140498161316,0.8547625541687012,0.95,0.7263507843017578,0.05788527801632881
1,Mamba (no graph),UBASH3B+PTPN9,combo_seen1,0.15477366745471954,0.8926979303359985,0.9579377770423889,1.0,-0.11541380733251572,0.15477366745471954
1,Mamba (no graph),S1PR2+ctrl,unseen_single,0.3244035243988037,0.5906605124473572,0.7821320295333862,0.9,,
1,Mamba (no graph),CELF2+ctrl,unseen_single,0.24830873310565948,-0.02203000895678997,-0.5614230632781982,0.3,,
1,Mamba (no graph),JUN+CEBPA,combo_seen1,0.09499873220920563,0.9386807084083557,0.9860469102859497,1.0,0.8513773083686829,0.09499873220920563
1,Mamba (no graph),CDKN1A+ctrl,unseen_single,0.11336028575897217,0.5459240078926086,0.8776201605796814,0.95,,
1,Mamba (no graph),ctrl+MEIS1,unseen_single,0.00997727271169424,0.596032440662384,0.907530665397644,1.0,,
1,Mamba (no graph),MAPK1+PRTG,combo_seen1,0.19328252971172333,0.3991265296936035,0.5571913719177246,0.9,0.25065383315086365,0.19328251481056213
1,Mamba (no graph),MAP2K3+IKZF3,combo_seen2,0.060545664280653,0.9356167912483215,0.9716576337814331,1.0,0.3948352336883545,0.060545664280653
1,Mamba (no graph),KLF1+COL2A1,combo_seen1,0.5854130983352661,0.2068910151720047,0.25687748193740845,0.6,0.2321360558271408,0.5854130983352661
1,Mamba (no graph),PTPN12+OSR2,combo_seen1,0.12767437100410461,0.28520891070365906,0.3279729187488556,0.75,0.771702229976654,0.12767437100410461
1,Mamba (no graph),ETS2+CEBPE,combo_seen2,0.025983404368162155,0.9318271279335022,0.9895986914634705,1.0,0.8523758053779602,0.025983404368162155
1,Mamba (no graph),POU3F2+FOXL2,combo_seen1,0.07514365017414093,0.6961107850074768,0.9591674208641052,1.0,0.12218821793794632,0.07514365017414093
1,Mamba (no graph),DUSP9+PRTG,combo_seen0,0.2753170132637024,0.8170267939567566,0.904563307762146,0.95,0.4488772451877594,0.2753170132637024
1,Mamba (no graph),CKS1B+ctrl,unseen_single,0.3451077938079834,0.1340174376964569,0.19384334981441498,0.8,,
1,Mamba (no graph),BCL2L11+TGFBR2,combo_seen1,0.16304230690002441,-0.08166039735078812,-0.14044177532196045,0.45,-0.132653146982193,0.16304230690002441
1,Mamba (no graph),AHR+KLF1,combo_seen2,0.31218332052230835,0.4505518078804016,0.710271418094635,0.8,-0.12490867078304291,0.31218332052230835
1,Mamba (no graph),CEBPB+CEBPA,combo_seen1,0.05773208662867546,0.9379820823669434,0.9853273034095764,1.0,0.9738351702690125,0.05773208662867546
1,Mamba (no graph),PRTG+ctrl,unseen_single,0.3086903691291809,0.7811835408210754,0.9040654897689819,0.9,,
1,Mamba (no graph),ETS2+CNN1,combo_seen2,0.04380595311522484,0.7289870977401733,0.898855984210968,1.0,0.47376447916030884,0.04380595311522484
1,Mamba (no graph),C3orf72+ctrl,unseen_single,0.0804855078458786,0.7621199488639832,0.8871454000473022,0.95,,
1,Mamba (no graph),CNN1+MAPK1,combo_seen2,0.07378645241260529,0.6799805760383606,0.9395767450332642,1.0,0.6210507750511169,0.07378645241260529
1,Mamba (no graph),FOXL2+MEIS1,combo_seen0,0.06763209402561188,0.6646003127098083,0.8665514588356018,0.95,0.029250480234622955,0.06763209402561188
1,Mamba (no graph),FOXL2+ctrl,unseen_single,0.24842746555805206,0.26969438791275024,-0.06430941820144653,0.7,,
1,Mamba (no graph),FOSB+CEBPE,combo_seen2,0.06610633432865143,0.9446960687637329,0.9844351410865784,1.0,0.7770801186561584,0.06610633432865143
1,Mamba (no graph),PTPN12+PTPN9,combo_seen1,0.12220324575901031,0.9099699258804321,0.967105507850647,1.0,-0.16273008286952972,0.12220324575901031
1,Mamba (no graph),FOSB+CEBPB,combo_seen1,0.774918794631958,0.6843120455741882,0.7866257429122925,0.9,-0.3294548988342285,0.774918794631958
1,Mamba (no graph),ctrl+CDKN1A,unseen_single,0.18905726075172424,0.46707049012184143,0.8060838580131531,0.9,,
1,Mamba (no graph),BCL2L11+BAK1,combo_seen1,0.06776338070631027,-0.24349869787693024,-0.0011259461753070354,0.3,-0.03145750239491463,0.06776338815689087
1,Mamba (no graph),FOXA3+HOXB9,combo_seen2,0.07471580803394318,0.9289692640304565,0.9699968099594116,1.0,-0.3670267164707184,0.07471580803394318
1,Mamba (no graph),ARID1A+ctrl,unseen_single,0.21148225665092468,0.6651602983474731,0.8606686592102051,1.0,,
1,Mamba (no graph),ctrl+COL2A1,unseen_single,0.5494194626808167,0.1491355150938034,0.127724751830101,0.55,,
1,Mamba (no graph),CEBPE+CNN1,combo_seen2,0.20253221690654755,0.6624211072921753,0.7381651401519775,0.95,0.699813961982727,0.20253221690654755
1,Mamba (no graph),ZC3HAV1+HOXC13,combo_seen2,0.06578700244426727,0.750518262386322,0.8830994367599487,1.0,0.2511152923107147,0.06578700244426727
1,Mamba (no graph),CBL+CNN1,combo_seen1,0.20590849220752716,0.9524902105331421,0.9902611374855042,1.0,0.23873941600322723,0.20590849220752716
1,Mamba (no graph),ZBTB10+PTPN12,combo_seen1,0.21703676879405975,0.34807896614074707,0.8410791158676147,0.85,0.29770877957344055,0.21703676879405975
1,Mamba (no graph),CBL+UBASH3B,combo_seen1,0.48730796575546265,0.929885983467102,0.981654167175293,1.0,-0.5670577883720398,0.48730796575546265
1,Mamba (no graph),CEBPB+PTPN12,combo_seen1,0.2695060968399048,0.4624117910861969,0.5675731301307678,0.6,0.7902751564979553,0.2695060968399048
1,Mamba (no graph),BCL2L11+ctrl,unseen_single,0.052872996777296066,-0.09322187304496765,-0.21101310849189758,0.25,,
1,Mamba (no graph),OSR2+ctrl,unseen_single,0.3795066475868225,0.49087005853652954,0.38902008533477783,0.8,,
1,Mamba (no graph),ctrl+SPI1,unseen_single,0.42177772521972656,0.3892115354537964,0.5781961679458618,0.75,,
1,Mamba (no graph),CEBPB+MAPK1,combo_seen1,0.24946363270282745,0.7831816673278809,0.9011960625648499,0.95,0.9074562191963196,0.24946364760398865
1,Mamba (no graph),ETS2+MAPK1,combo_seen2,0.06918890029191971,0.9092729687690735,0.9611670970916748,1.0,0.6823825240135193,0.06918890029191971
1,Mamba (no graph),DUSP9+IGDCC3,combo_seen1,0.20701821148395538,0.8677082657814026,0.912243664264679,0.95,0.846735417842865,0.20701822638511658
1,Mamba (no graph),CEBPB+ctrl,unseen_single,0.5085402727127075,0.28557777404785156,0.8541534543037415,0.5,,
1,Mamba (no graph),CBL+PTPN12,combo_seen1,0.19991010427474976,0.9286208748817444,0.991170346736908,1.0,-0.221801295876503,0.19991010427474976
1,Mamba (no graph),CEBPB+OSR2,combo_seen0,0.6868699789047241,0.47795501351356506,0.7330970168113708,0.85,0.7969352602958679,0.6868699193000793
1,Mamba (no graph),ctrl+PRTG,unseen_single,0.33548134565353394,0.7507060170173645,0.9013342261314392,0.85,,
1,Mamba (no graph),SGK1+S1PR2,combo_seen1,0.2944808304309845,0.7509025931358337,0.8350661396980286,0.85,0.2844906747341156,0.2944808304309845
1,Mamba (no graph),DUSP9+KLF1,combo_seen1,0.38768821954727173,0.7235393524169922,0.8070041537284851,0.75,0.7383494973182678,0.38768821954727173
1,Mamba (no graph),CDKN1B+ctrl,unseen_single,0.17836323380470276,0.6670268774032593,0.8589431047439575,0.85,,
1,Mamba (no graph),FEV+ISL2,combo_seen2,0.12804622948169708,0.8707400560379028,0.9807828664779663,1.0,-0.19028228521347046,0.12804622948169708
1,Mamba (no graph),JUN+ctrl,unseen_single,0.3090416193008423,0.14765772223472595,0.16880594193935394,0.55,,
1,Mamba (no graph),POU3F2+CBFA2T3,combo_seen2,0.0787883996963501,0.8111087679862976,0.9417161345481873,0.95,-0.026933545246720314,0.0787883996963501
1,Mamba (no graph),FOXA1+HOXB9,combo_seen2,0.04310033470392227,0.924217700958252,0.9780245423316956,1.0,0.027818109840154648,0.04310033470392227
1,Mamba (no graph),ZBTB10+ctrl,unseen_single,0.39106401801109314,0.2491479068994522,0.41998547315597534,0.6,,
1,Mamba (no graph),CEBPE+SPI1,combo_seen1,0.41683030128479004,0.8944759368896484,0.9718906283378601,1.0,0.755573034286499,0.41683030128479004
1,Mamba (no graph),PTPN13+ctrl,unseen_single,0.1468581259250641,0.5811161994934082,0.5678460597991943,0.9,,
1,Mamba (no graph),CBL+TGFBR2,combo_seen1,0.2900249660015106,0.860805094242096,0.9233958125114441,0.95,-0.2228236198425293,0.2900249660015106
1,Mamba (no graph),FOXA1+FOXL2,combo_seen1,0.06108448654413223,0.6502420902252197,0.9481351971626282,1.0,0.0765364021062851,0.06108448654413223
1,Mamba (no graph),FOXF1+FOXL2,combo_seen1,0.17188921570777893,0.6743836402893066,0.8725761771202087,0.95,-0.36121711134910583,0.17188921570777893
1,Mamba (no graph),ETS2+PRTG,combo_seen1,0.21361930668354034,0.6238040924072266,0.7684670686721802,0.75,0.15823765099048615,0.21361930668354034
1,Mamba (no graph),PTPN9+ctrl,unseen_single,0.0667470246553421,0.4582691788673401,0.6280626654624939,0.65,,
1,Mamba (no graph),LYL1+CEBPB,combo_seen1,0.36674630641937256,0.45894289016723633,0.6351336240768433,0.7,0.3521959185600281,0.36674630641937256
1,Mamba (no graph),DUSP9+SNAI1,combo_seen1,0.23392248153686523,0.8430145382881165,0.9029670357704163,0.95,0.22965958714485168,0.23392248153686523
1,Mamba (no graph),ctrl+CEBPB,unseen_single,0.557185173034668,0.3109610378742218,0.7280591130256653,0.65,,
1,Mamba (no graph),TGFBR2+PRTG,combo_seen1,0.3822484016418457,0.7771238088607788,0.9146580100059509,0.85,-0.193562313914299,0.3822484016418457
1,Mamba (no graph),PRDM1+ctrl,unseen_single,0.46651387214660645,0.7350432276725769,0.9438726305961609,0.9,,
1,Mamba (no graph),FOSB+OSR2,combo_seen1,0.36776190996170044,0.8498178124427795,0.8471584320068359,0.95,0.49277856945991516,0.36776190996170044
1,Mamba (no graph),FOXL2+HOXB9,combo_seen1,0.14917194843292236,0.7120832204818726,0.940077006816864,0.95,-0.3008172810077667,0.14917194843292236
1,Mamba (no graph),ctrl+PTPN9,unseen_single,0.06381390988826752,0.4819381833076477,0.6791747808456421,0.75,,
1,Mamba (no graph),ctrl+OSR2,unseen_single,0.30885571241378784,0.5016274452209473,0.2442287653684616,0.8,,
1,Mamba (no graph),ZBTB10+ELMSAN1,combo_seen1,0.32175472378730774,0.5808284878730774,0.8843061923980713,0.8,-0.7138991355895996,0.32175472378730774
1,Mamba (no graph),JUN+CEBPB,combo_seen0,0.7994292974472046,0.36613577604293823,0.46461188793182373,0.75,-0.5384096503257751,0.7994292974472046
1,Mamba (no graph),ZBTB10+SNAI1,combo_seen1,0.5117268562316895,0.7673783898353577,0.9094913601875305,1.0,-0.37207314372062683,0.5117268562316895
1,Mamba (no graph),ctrl+FOXL2,unseen_single,0.21604084968566895,0.335298091173172,0.08691651374101639,0.8,,
1,Mamba (no graph),CEBPE+CEBPB,combo_seen1,0.5253501534461975,0.8166748285293579,0.8393363952636719,1.0,0.754313051700592,0.5253502130508423
1,Mamba (no graph),PRDM1+CBFA2T3,combo_seen1,0.5366142392158508,0.6499592065811157,0.8173779249191284,0.9,-0.5489689111709595,0.5366142392158508
1,Mamba (no graph),FOXA3+FOXL2,combo_seen1,0.180423766374588,0.6722342371940613,0.8652727007865906,0.95,-0.29602140188217163,0.180423766374588
1,Mamba (no graph),CDKN1C+CDKN1B,combo_seen0,0.36806610226631165,0.6314777731895447,0.8343978524208069,0.9,0.9437460899353027,0.36806613206863403
1,Mamba (no graph),CDKN1C+CDKN1A,combo_seen0,0.2106960564851761,0.7275195717811584,0.9000839591026306,1.0,0.9320119619369507,0.2106960564851761
1,Mamba (no graph),SPI1+ctrl,unseen_single,0.653606116771698,0.3747248649597168,0.6484692096710205,0.7,,
1,Mamba (no graph),EGR1+ctrl,unseen_single,0.1221930980682373,0.05471554398536682,0.3163164556026459,0.4,,
1,Mamba (no graph),ZBTB10+DLX2,combo_seen1,0.5705035328865051,0.7190015912055969,0.8204912543296814,0.9,-0.7630671262741089,0.5705035328865051
1,Mamba (no graph),CBL+UBASH3A,combo_seen1,0.19937799870967865,0.8780025839805603,0.9807212948799133,0.95,-0.5318820476531982,0.19937799870967865
1,Mamba (no graph),SNAI1+DLX2,combo_seen2,0.15793190896511078,0.8548497557640076,0.894751250743866,0.95,-0.07966533303260803,0.15793190896511078
1,Mamba (no graph),IGDCC3+PRTG,combo_seen1,0.6532437801361084,0.7860693335533142,0.8659219741821289,0.9,-0.1186603307723999,0.6532437801361084
1,Mamba (no graph),CDKN1C+ctrl,unseen_single,0.23029622435569763,0.6084951162338257,0.7358919382095337,0.85,,
1,Mamba (no graph),ctrl+CDKN1B,unseen_single,0.07663852721452713,0.6722921133041382,0.8997361063957214,0.9,,
1,Mamba (no graph),CDKN1B+CDKN1A,combo_seen0,0.1673019379377365,0.7120789289474487,0.9172090291976929,1.0,0.8806448578834534,0.16730192303657532
1,Mamba (no graph),C3orf72+FOXL2,combo_seen0,0.06251891702413559,0.5904123187065125,0.8240588903427124,0.95,0.7917120456695557,0.06251891702413559
1,Graph-MLP (no scan),CBL+PTPN9,combo_seen0,0.29897382855415344,0.6482406854629517,0.9393236041069031,0.85,-0.18251430988311768,0.29897385835647583
1,Graph-MLP (no scan),DUSP9+ctrl,unseen_single,0.42570799589157104,0.5932816863059998,0.7931108474731445,0.85,,
1,Graph-MLP (no scan),MAP2K6+SPI1,combo_seen1,0.1670222282409668,0.09298988431692123,0.5871260166168213,0.65,0.8826611042022705,0.1670222282409668
1,Graph-MLP (no scan),UBASH3B+PTPN12,combo_seen2,0.12722602486610413,0.904784619808197,0.9615570306777954,1.0,0.12807457149028778,0.12722602486610413
1,Graph-MLP (no scan),BCORL1+ctrl,unseen_single,0.08720839023590088,0.30152663588523865,0.3625078499317169,0.85,,
1,Graph-MLP (no scan),MEIS1+ctrl,unseen_single,0.02242117002606392,0.5642796158790588,0.8323282599449158,0.95,,
1,Graph-MLP (no scan),CBL+ctrl,unseen_single,0.15459410846233368,0.6537767648696899,0.7955062985420227,0.85,,
1,Graph-MLP (no scan),KLF1+FOXA1,combo_seen2,0.2819230556488037,0.49938175082206726,0.5227581262588501,0.9,0.1540411412715912,0.2819230556488037
1,Graph-MLP (no scan),TBX3+TBX2,combo_seen2,0.75499427318573,0.4710882008075714,0.3491944968700409,0.85,0.870175838470459,0.75499427318573
1,Graph-MLP (no scan),SLC4A1+ctrl,unseen_single,0.20274801552295685,0.2006712406873703,0.4135597348213196,0.75,,
1,Graph-MLP (no scan),DUSP9+MAPK1,combo_seen1,0.18729689717292786,0.32923680543899536,0.5348178148269653,0.8,0.7834186553955078,0.18729689717292786
1,Graph-MLP (no scan),COL2A1+ctrl,unseen_single,0.6211376190185547,0.2216714471578598,-0.10404875874519348,0.6,,
1,Graph-MLP (no scan),CEBPE+KLF1,combo_seen2,0.30335354804992676,0.22923457622528076,0.44038206338882446,0.85,0.5566192865371704,0.30335354804992676
1,Graph-MLP (no scan),UBASH3B+OSR2,combo_seen1,0.20851993560791016,-0.05522915720939636,-0.13037000596523285,0.4,0.2240884006023407,0.20851993560791016
1,Graph-MLP (no scan),UBASH3B+ZBTB25,combo_seen2,0.09040270745754242,0.9215235710144043,0.9671242833137512,1.0,0.40140900015830994,0.09040270745754242
1,Graph-MLP (no scan),DUSP9+ETS2,combo_seen1,0.3995828926563263,0.403965562582016,0.7208531498908997,0.8,0.33769476413726807,0.3995828628540039
1,Graph-MLP (no scan),ZNF318+FOXL2,combo_seen1,0.05482160300016403,0.6735830307006836,0.8558940291404724,0.85,0.6258950233459473,0.05482160300016403
1,Graph-MLP (no scan),UBASH3B+PTPN9,combo_seen1,0.16134591400623322,0.8172617554664612,0.9520763158798218,0.95,-0.041160110384225845,0.16134591400623322
1,Graph-MLP (no scan),S1PR2+ctrl,unseen_single,0.2975083887577057,0.5799160003662109,0.7851648330688477,0.8,,
1,Graph-MLP (no scan),CELF2+ctrl,unseen_single,0.25957775115966797,0.05835489183664322,-0.48511993885040283,0.5,,
1,Graph-MLP (no scan),JUN+CEBPA,combo_seen1,0.4960932731628418,0.9166668057441711,0.9518558979034424,1.0,0.7731570601463318,0.4960932731628418
1,Graph-MLP (no scan),CDKN1A+ctrl,unseen_single,0.19819194078445435,0.2845514714717865,0.7594113349914551,0.85,,
1,Graph-MLP (no scan),ctrl+MEIS1,unseen_single,0.01828199252486229,0.4964626133441925,0.8403979539871216,1.0,,
1,Graph-MLP (no scan),MAPK1+PRTG,combo_seen1,0.22978194057941437,0.38233813643455505,0.6092177033424377,0.75,-0.10348208993673325,0.22978194057941437
1,Graph-MLP (no scan),MAP2K3+IKZF3,combo_seen2,0.3933182954788208,0.8144194483757019,0.8702892661094666,0.95,0.06829050928354263,0.3933182954788208
1,Graph-MLP (no scan),KLF1+COL2A1,combo_seen1,0.6192877888679504,0.21823450922966003,0.19528323411941528,0.65,0.18130061030387878,0.6192877292633057
1,Graph-MLP (no scan),PTPN12+OSR2,combo_seen1,0.14040058851242065,0.2288990467786789,0.28380921483039856,0.7,0.776861310005188,0.14040058851242065
1,Graph-MLP (no scan),ETS2+CEBPE,combo_seen2,0.21476808190345764,0.8955100178718567,0.946198046207428,1.0,0.9138925671577454,0.21476808190345764
1,Graph-MLP (no scan),POU3F2+FOXL2,combo_seen1,0.11633577197790146,0.6610912680625916,0.9277670383453369,1.0,0.032318808138370514,0.11633577197790146
1,Graph-MLP (no scan),DUSP9+PRTG,combo_seen0,0.2558289170265198,0.7840743660926819,0.9175351858139038,1.0,0.44935500621795654,0.2558289170265198
1,Graph-MLP (no scan),CKS1B+ctrl,unseen_single,0.3456435799598694,0.3562812805175781,0.5523340702056885,0.55,,
1,Graph-MLP (no scan),BCL2L11+TGFBR2,combo_seen1,0.11012186110019684,0.00036906113382428885,0.32705211639404297,0.6,0.002773284912109375,0.11012186110019684
1,Graph-MLP (no scan),AHR+KLF1,combo_seen2,0.3598083257675171,0.29377344250679016,0.5187970399856567,0.8,0.3732830882072449,0.3598083257675171
1,Graph-MLP (no scan),CEBPB+CEBPA,combo_seen1,0.20523008704185486,0.9264060258865356,0.9806194305419922,0.95,0.9869648218154907,0.20523008704185486
1,Graph-MLP (no scan),PRTG+ctrl,unseen_single,0.29929351806640625,0.7455736398696899,0.9051940441131592,0.95,,
1,Graph-MLP (no scan),ETS2+CNN1,combo_seen2,0.10086329281330109,0.6191861033439636,0.7812164425849915,1.0,0.310119092464447,0.10086329281330109
1,Graph-MLP (no scan),C3orf72+ctrl,unseen_single,0.09248572587966919,0.7186972498893738,0.8600237965583801,0.9,,
1,Graph-MLP (no scan),CNN1+MAPK1,combo_seen2,0.17066839337348938,0.4681019186973572,0.7761976718902588,0.85,0.4651074707508087,0.17066839337348938
1,Graph-MLP (no scan),FOXL2+MEIS1,combo_seen0,0.0529586598277092,0.7319278717041016,0.8959401845932007,0.95,0.10770369321107864,0.0529586598277092
1,Graph-MLP (no scan),FOXL2+ctrl,unseen_single,0.21248193085193634,0.42573419213294983,0.14685504138469696,0.65,,
1,Graph-MLP (no scan),FOSB+CEBPE,combo_seen2,0.537960410118103,0.8566852807998657,0.8806703686714172,1.0,0.5734644532203674,0.537960410118103
1,Graph-MLP (no scan),PTPN12+PTPN9,combo_seen1,0.19448912143707275,0.7976450324058533,0.905210018157959,0.85,-0.14688169956207275,0.19448912143707275
1,Graph-MLP (no scan),FOSB+CEBPB,combo_seen1,0.7682316303253174,0.4265187084674835,0.7542173862457275,0.85,-0.31536269187927246,0.7682315707206726
1,Graph-MLP (no scan),ctrl+CDKN1A,unseen_single,0.2961447834968567,0.16967840492725372,0.5727866888046265,0.7,,
1,Graph-MLP (no scan),BCL2L11+BAK1,combo_seen1,0.05727588012814522,-0.16306908428668976,-0.048736851662397385,0.35,0.07920042425394058,0.05727588012814522
1,Graph-MLP (no scan),FOXA3+HOXB9,combo_seen2,0.19652310013771057,0.8028557896614075,0.9265096187591553,1.0,-0.6236956715583801,0.19652310013771057
1,Graph-MLP (no scan),ARID1A+ctrl,unseen_single,0.20744840800762177,0.7208150029182434,0.8550207614898682,0.95,,
1,Graph-MLP (no scan),ctrl+COL2A1,unseen_single,0.5473862886428833,0.2679310739040375,0.15304209291934967,0.75,,
1,Graph-MLP (no scan),CEBPE+CNN1,combo_seen2,0.19303666055202484,0.6053500175476074,0.7625169157981873,0.9,0.6818380951881409,0.19303666055202484
1,Graph-MLP (no scan),ZC3HAV1+HOXC13,combo_seen2,0.1296170949935913,0.6246732473373413,0.7954751253128052,0.95,0.2845129370689392,0.1296170949935913
1,Graph-MLP (no scan),CBL+CNN1,combo_seen1,0.5355808138847351,0.8981200456619263,0.9333699345588684,1.0,-0.022410137578845024,0.5355808138847351
1,Graph-MLP (no scan),ZBTB10+PTPN12,combo_seen1,0.1936211884021759,0.4532158374786377,0.8757309317588806,0.95,0.2667323648929596,0.1936211884021759
1,Graph-MLP (no scan),CBL+UBASH3B,combo_seen1,0.5720008611679077,0.9057315587997437,0.983870804309845,1.0,-0.5066327452659607,0.5720008611679077
1,Graph-MLP (no scan),CEBPB+PTPN12,combo_seen1,0.29105693101882935,0.14545215666294098,0.543997585773468,0.55,0.7862225770950317,0.29105693101882935
1,Graph-MLP (no scan),BCL2L11+ctrl,unseen_single,0.03184468299150467,-0.04482775926589966,-0.13934317231178284,0.6,,
1,Graph-MLP (no scan),OSR2+ctrl,unseen_single,0.4374829828739166,0.34593990445137024,-0.28450846672058105,0.75,,
1,Graph-MLP (no scan),ctrl+SPI1,unseen_single,0.3493630886077881,0.5621918439865112,0.8367918729782104,0.85,,
1,Graph-MLP (no scan),CEBPB+MAPK1,combo_seen1,0.2721286416053772,0.6516963839530945,0.9008796811103821,1.0,0.9434178471565247,0.2721286416053772
1,Graph-MLP (no scan),ETS2+MAPK1,combo_seen2,0.35867252945899963,0.7189590930938721,0.9018236398696899,1.0,0.7627468705177307,0.35867252945899963
1,Graph-MLP (no scan),DUSP9+IGDCC3,combo_seen1,0.3297361433506012,0.8214410543441772,0.8960930109024048,1.0,0.8650861382484436,0.3297361433506012
1,Graph-MLP (no scan),CEBPB+ctrl,unseen_single,0.4569922387599945,0.211133673787117,0.804366409778595,0.75,,
1,Graph-MLP (no scan),CBL+PTPN12,combo_seen1,0.3341142535209656,0.8926164507865906,0.9677103757858276,1.0,-0.24432195723056793,0.3341142535209656
1,Graph-MLP (no scan),CEBPB+OSR2,combo_seen0,0.6843001246452332,0.05285511165857315,0.5821248292922974,0.7,0.7819368839263916,0.6843001246452332
1,Graph-MLP (no scan),ctrl+PRTG,unseen_single,0.3358027935028076,0.7085463404655457,0.8878464698791504,0.95,,
1,Graph-MLP (no scan),SGK1+S1PR2,combo_seen1,0.3433400094509125,0.7506834268569946,0.8524046540260315,0.9,0.38942527770996094,0.34334006905555725
1,Graph-MLP (no scan),DUSP9+KLF1,combo_seen1,0.7027647495269775,0.5881885886192322,0.7671780586242676,0.8,0.7802953124046326,0.7027647495269775
1,Graph-MLP (no scan),CDKN1B+ctrl,unseen_single,0.159372016787529,0.7125454545021057,0.8934135437011719,1.0,,
1,Graph-MLP (no scan),FEV+ISL2,combo_seen2,0.4178546965122223,0.719702422618866,0.8532934188842773,1.0,-0.42113757133483887,0.4178546965122223
1,Graph-MLP (no scan),JUN+ctrl,unseen_single,0.2975772023200989,-0.03169039636850357,0.14160093665122986,0.55,,
1,Graph-MLP (no scan),POU3F2+CBFA2T3,combo_seen2,0.15168771147727966,0.7302921414375305,0.8962780833244324,0.9,-0.23083996772766113,0.15168771147727966
1,Graph-MLP (no scan),FOXA1+HOXB9,combo_seen2,0.1485995054244995,0.8173680901527405,0.9129641056060791,0.95,-0.40932950377464294,0.1485995054244995
1,Graph-MLP (no scan),ZBTB10+ctrl,unseen_single,0.3880317211151123,0.31740912795066833,0.23657530546188354,0.65,,
1,Graph-MLP (no scan),CEBPE+SPI1,combo_seen1,0.892335057258606,0.8495620489120483,0.9372725486755371,1.0,0.7436128854751587,0.8923351168632507
1,Graph-MLP (no scan),PTPN13+ctrl,unseen_single,0.1434168815612793,0.577698826789856,0.6687767505645752,0.9,,
1,Graph-MLP (no scan),CBL+TGFBR2,combo_seen1,0.2984447181224823,0.8012160658836365,0.9340363144874573,0.95,-0.2157956063747406,0.2984447181224823
1,Graph-MLP (no scan),FOXA1+FOXL2,combo_seen1,0.07895873486995697,0.60557621717453,0.9365207552909851,1.0,0.003968162927776575,0.07895873486995697
1,Graph-MLP (no scan),FOXF1+FOXL2,combo_seen1,0.18313664197921753,0.6109848022460938,0.8327909708023071,0.95,-0.3652822971343994,0.18313662707805634
1,Graph-MLP (no scan),ETS2+PRTG,combo_seen1,0.1788720190525055,0.6270751357078552,0.8118218183517456,0.75,-0.24804265797138214,0.1788720190525055
1,Graph-MLP (no scan),PTPN9+ctrl,unseen_single,0.057527363300323486,0.37797456979751587,0.6644532680511475,0.65,,
1,Graph-MLP (no scan),LYL1+CEBPB,combo_seen1,0.3878231644630432,-0.05650357902050018,0.42150261998176575,0.55,0.3190762400627136,0.3878231346607208
1,Graph-MLP (no scan),DUSP9+SNAI1,combo_seen1,0.3231068551540375,0.7132596373558044,0.8803867697715759,0.95,0.06922980397939682,0.3231068551540375
1,Graph-MLP (no scan),ctrl+CEBPB,unseen_single,0.5177942514419556,0.2383817732334137,0.6117430329322815,0.75,,
1,Graph-MLP (no scan),TGFBR2+PRTG,combo_seen1,0.2971280813217163,0.7634142637252808,0.9255492687225342,0.9,0.05168662220239639,0.2971280813217163
1,Graph-MLP (no scan),PRDM1+ctrl,unseen_single,0.4050673544406891,0.7731955647468567,0.9566293954849243,0.95,,
1,Graph-MLP (no scan),FOSB+OSR2,combo_seen1,0.47577914595603943,0.7766925096511841,0.8308141231536865,0.9,0.4404326379299164,0.47577914595603943
1,Graph-MLP (no scan),FOXL2+HOXB9,combo_seen1,0.2017359733581543,0.6671651601791382,0.9091195464134216,0.95,-0.35233446955680847,0.20173592865467072
1,Graph-MLP (no scan),ctrl+PTPN9,unseen_single,0.04957914724946022,0.39377617835998535,0.7384020090103149,0.7,,
1,Graph-MLP (no scan),ctrl+OSR2,unseen_single,0.3631291687488556,0.32703277468681335,-0.2794450521469116,0.75,,
1,Graph-MLP (no scan),ZBTB10+ELMSAN1,combo_seen1,0.3326109051704407,0.3570673167705536,0.7761382460594177,0.85,-0.7219366431236267,0.3326109051704407
1,Graph-MLP (no scan),JUN+CEBPB,combo_seen0,0.9060980081558228,-0.06747990846633911,-0.14748196303844452,0.4,-0.5224125385284424,0.9060980081558228
1,Graph-MLP (no scan),ZBTB10+SNAI1,combo_seen1,0.8094978332519531,0.5526300668716431,0.7663885951042175,0.95,-0.2937668561935425,0.8094977140426636
1,Graph-MLP (no scan),ctrl+FOXL2,unseen_single,0.18581551313400269,0.4861149191856384,0.2764240801334381,0.75,,
1,Graph-MLP (no scan),CEBPE+CEBPB,combo_seen1,0.7012066841125488,0.7212323546409607,0.8310014009475708,1.0,0.7997528910636902,0.7012066841125488
1,Graph-MLP (no scan),PRDM1+CBFA2T3,combo_seen1,0.5056901574134827,0.7017452716827393,0.9189328551292419,1.0,-0.5465158224105835,0.5056901574134827
1,Graph-MLP (no scan),FOXA3+FOXL2,combo_seen1,0.20415310561656952,0.6140604019165039,0.8295348286628723,0.95,-0.3617173433303833,0.2041531354188919
1,Graph-MLP (no scan),CDKN1C+CDKN1B,combo_seen0,0.33148452639579773,0.6276835799217224,0.8832622170448303,0.9,0.9490547776222229,0.33148449659347534
1,Graph-MLP (no scan),CDKN1C+CDKN1A,combo_seen0,0.35104602575302124,0.7092241048812866,0.8827061057090759,0.95,0.9371020197868347,0.35104602575302124
1,Graph-MLP (no scan),SPI1+ctrl,unseen_single,0.5604069828987122,0.5505678057670593,0.9251421689987183,0.9,,
1,Graph-MLP (no scan),EGR1+ctrl,unseen_single,0.074912890791893,0.217501699924469,0.7595242857933044,0.75,,
1,Graph-MLP (no scan),ZBTB10+DLX2,combo_seen1,0.6412900686264038,0.40940362215042114,0.5861634612083435,0.85,-0.752138078212738,0.6412900686264038
1,Graph-MLP (no scan),CBL+UBASH3A,combo_seen1,0.23051154613494873,0.8519010543823242,0.9894677400588989,1.0,-0.5352954268455505,0.23051154613494873
1,Graph-MLP (no scan),SNAI1+DLX2,combo_seen2,0.29512056708335876,0.6570671796798706,0.8011586666107178,0.9,0.08921115100383759,0.29512056708335876
1,Graph-MLP (no scan),IGDCC3+PRTG,combo_seen1,0.46932291984558105,0.7670804262161255,0.898825466632843,1.0,0.0063140313141047955,0.46932291984558105
1,Graph-MLP (no scan),CDKN1C+ctrl,unseen_single,0.16058090329170227,0.7068036794662476,0.8280460834503174,0.95,,
1,Graph-MLP (no scan),ctrl+CDKN1B,unseen_single,0.07313293218612671,0.6729140281677246,0.8912895917892456,1.0,,
1,Graph-MLP (no scan),CDKN1B+CDKN1A,combo_seen0,0.3665589392185211,0.19933034479618073,0.5975285172462463,0.5,0.8935362696647644,0.3665589392185211
1,Graph-MLP (no scan),C3orf72+FOXL2,combo_seen0,0.06061229109764099,0.5723187327384949,0.8224372863769531,0.9,0.7722010016441345,0.06061230227351189
