seed,model,epoch,train,val
1,GCP-Mamba,0,0.0039665332583683,0.0036869996692985
1,GCP-Mamba,1,0.0035477951742654,0.0036119879223406
1,GCP-Mamba,2,0.0034361110655995,0.0035720996093004
1,GCP-Mamba,3,0.0033064401156835,0.0035304420161992
1,GCP-Mamba,4,0.0031623542646243,0.0035253155510872
1,GCP-Mamba,5,0.0029560989443806,0.0034648610744625
1,GCP-Mamba,6,0.0028428713912549,0.0036465730518102
1,GCP-Mamba,7,0.0026116270531454,0.003234724048525
1,GCP-Mamba,8,0.0024076984567648,0.0035118788946419
1,GCP-Mamba,9,0.0023837816948745,0.0032960146199911
1,GCP-Mamba,10,0.0022865852114973,0.0032799032051116
1,GCP-Mamba,11,0.0021367160817675,0.003232693998143
1,GCP-Mamba,12,0.0020218697575636,0.0032015058677643
1,GCP-Mamba,13,0.0026164588491445,0.0032395494636148
1,GCP-Mamba,14,0.0034786567186423,0.0035143785644322
1,GCP-Mamba,15,0.0030520863534099,0.0039453953504562
1,GCP-Mamba,16,0.0026295272147525,0.0037482802290469
1,GCP-Mamba,17,0.0023463598850682,0.0033919105771929
1,GCP-Mamba,18,0.0021837828140975,0.003382550086826
1,GCP-Mamba,19,0.002015322040213,0.0034250868484377
1,GCP-Mamba,20,0.0019367621516457,0.0034414224792271
1,GCP-Mamba,21,0.0018704333089535,0.0034562672954052
1,GCP-Mamba,22,0.0018586141253025,0.0031166935805231
1,GCP-Mamba,23,0.0018022604467198,0.0032585463486611
1,GCP-Mamba,24,0.0019735735098736,0.0035702113527804
1,GCP-Mamba,25,0.0018036169652908,0.0033140291925519
1,GCP-Mamba,26,0.0017403367825824,0.003467014292255
1,GCP-Mamba,27,0.0018064247265431,0.0032352530397474
1,GCP-Mamba,28,0.0017255989301517,0.0035406814422458
1,GCP-Mamba,29,0.0015794548300513,0.0033791332971304
1,GCP-Mamba,30,0.0015374308694963,0.0029684158507734
1,GCP-Mamba,31,0.0015521127987059,0.0034098618198186
1,GCP-Mamba,32,0.0015586899657585,0.0034551108255982
1,GCP-Mamba,33,0.0015122296121578,0.0031639470253139
1,GCP-Mamba,34,0.0014520480552269,0.0033768678549677
1,GCP-Mamba,35,0.0014716343012759,0.0028962155338376
1,GCP-Mamba,36,0.0014100219131501,0.0034801396541297
1,GCP-Mamba,37,0.0015067664157275,0.0033297489862889
1,GCP-Mamba,38,0.0040380540236398,0.0040666963905096
1,GCP-Mamba,39,0.0034618346759563,0.0033626609947532
1,GCP-Mamba,40,0.0024178019029668,0.0032392174471169
1,GCP-Mamba,41,0.0020018334136061,0.0030340333469212
1,GCP-Mamba,42,0.0017102540764228,0.0030698860064148
1,GCP-Mamba,43,0.001565070105784,0.0029869969002902
1,GCP-Mamba,44,0.001477579493413,0.0031356741674244
1,GCP-Mamba,45,0.0014295952860265,0.0031771331559866
1,GCP-Mamba,46,0.0014205181977941,0.002821564907208
1,GCP-Mamba,47,0.0014072913504408,0.0029197500552982
1,GCP-Mamba,48,0.001314161816929,0.0030597026925534
1,GCP-Mamba,49,0.0013533732381419,0.0030040598940104
1,GCP-Mamba,50,0.0012932348923852,0.0029438496567308
1,GCP-Mamba,51,0.0013258525961672,0.0029367394745349
1,GCP-Mamba,52,0.0012946166266835,0.0028730779886245
1,GCP-Mamba,53,0.0013048773314263,0.0029759898316115
1,GCP-Mamba,54,0.0012126944965912,0.0029236027039587
1,GCP-Mamba,55,0.0011950756990067,0.0030308354180306
1,GCP-Mamba,56,0.0012134644363169,0.0029079371597617
1,GCP-Mamba,57,0.0011737090105231,0.0030265112873166
1,GCP-Mamba,58,0.001172734785528,0.002903013722971
1,GCP-Mamba,59,0.0011075722366618,0.0029105383437126
1,GCP-Mamba,60,0.0011101778262578,0.0028426684439182
1,GCP-Mamba,61,0.0012940519010189,0.0030183689668774
1,GCP-Mamba (Delta only),0,0.0035953305179145,0.0037972896825522
1,GCP-Mamba (Delta only),1,0.0034894224364256,0.0035846438258886
1,GCP-Mamba (Delta only),2,0.0033682525238913,0.0035817141178995
1,GCP-Mamba (Delta only),3,0.0031798127836183,0.0035410299897193
1,GCP-Mamba (Delta only),4,0.0029791027148915,0.0033907198812812
1,GCP-Mamba (Delta only),5,0.002865965457876,0.0034436134155839
1,GCP-Mamba (Delta only),6,0.00266868638995,0.0032653622329235
1,GCP-Mamba (Delta only),7,0.002485008463196,0.0033297431655228
1,GCP-Mamba (Delta only),8,0.0024438091837193,0.0037226774729788
1,GCP-Mamba (Delta only),9,0.0025427096617826,0.0031732881907373
1,GCP-Mamba (Delta only),10,0.0023555685310503,0.0032023487146943
1,GCP-Mamba (Delta only),11,0.0022642265590231,0.003929017111659
1,GCP-Mamba (Delta only),12,0.0023379186826312,0.0035216596443206
1,GCP-Mamba (Delta only),13,0.0025732200786781,0.0032919365912675
1,GCP-Mamba (Delta only),14,0.0021236339192567,0.0031054001301527
1,GCP-Mamba (Delta only),15,0.0019052483181914,0.003320372197777
1,GCP-Mamba (Delta only),16,0.0018898790779833,0.0030173931736499
1,GCP-Mamba (Delta only),17,0.0019636404450874,0.0033112743403762
1,GCP-Mamba (Delta only),18,0.0017830532287126,0.0030123493634164
1,GCP-Mamba (Delta only),19,0.0017116860135633,0.0032360504847019
1,GCP-Mamba (Delta only),20,0.0016394290437017,0.0030775312334299
1,GCP-Mamba (Delta only),21,0.0015638227729747,0.0029269489459693
1,GCP-Mamba (Delta only),22,0.0017998132000987,0.0032451101578772
1,GCP-Mamba (Delta only),23,0.001945783768821,0.0031814584508538
1,GCP-Mamba (Delta only),24,0.0017201311488136,0.0030042957514524
1,GCP-Mamba (Delta only),25,0.0016096065485634,0.0028987452387809
1,GCP-Mamba (Delta only),26,0.0015393813710956,0.0030083204619586
1,GCP-Mamba (Delta only),27,0.0015877334795811,0.0029775325674563
1,GCP-Mamba (Delta only),28,0.0015280131500322,0.0027608284726738
1,GCP-Mamba (Delta only),29,0.0017320093567199,0.0034389928914606
1,GCP-Mamba (Delta only),30,0.0016281199202859,0.0028893901035189
1,GCP-Mamba (Delta only),31,0.0015158288778089,0.0027135680429637
1,GCP-Mamba (Delta only),32,0.0014528512694886,0.0030009315814822
1,GCP-Mamba (Delta only),33,0.0014762713099775,0.0028113243170082
1,GCP-Mamba (Delta only),34,0.0013982294417539,0.0028673929627984
1,GCP-Mamba (Delta only),35,0.0013544200295312,0.0028505462687462
1,GCP-Mamba (Delta only),36,0.0013360204715011,0.0027817033696919
1,GCP-Mamba (Delta only),37,0.0013713562216582,0.0030616165604442
1,GCP-Mamba (Delta only),38,0.0015431514458622,0.0029505307320505
1,GCP-Mamba (Delta only),39,0.0013835754893396,0.0026964058633893
1,GCP-Mamba (Delta only),40,0.0012936314299662,0.0028900869656354
1,GCP-Mamba (Delta only),41,0.0013247375524994,0.0027453606016933
1,GCP-Mamba (Delta only),42,0.0012441947862195,0.0028450156096369
1,GCP-Mamba (Delta only),43,0.0011945151305501,0.0026525205466896
1,GCP-Mamba (Delta only),44,0.0011600587159341,0.0026513440534472
1,GCP-Mamba (Delta only),45,0.0011491844746068,0.0027213816065341
1,GCP-Mamba (Delta only),46,0.0011390361637956,0.002664879662916
1,GCP-Mamba (Delta only),47,0.0012376217738441,0.0026273564435541
1,GCP-Mamba (Delta only),48,0.0012098056824364,0.0027327241841703
1,GCP-Mamba (Delta only),49,0.0012556564440761,0.0027268745470792
1,GCP-Mamba (Delta only),50,0.0016472983035677,0.0037107185926288
1,GCP-Mamba (Delta only),51,0.0016559938414265,0.0028638173826038
1,GCP-Mamba (Delta only),52,0.0015293521101357,0.0027455885428935
1,GCP-Mamba (Delta only),53,0.0012801417260957,0.002619786420837
1,GCP-Mamba (Delta only),54,0.0011684062310319,0.0025876825675368
1,GCP-Mamba (Delta only),55,0.0010872160812563,0.0026619294658303
1,GCP-Mamba (Delta only),56,0.0010793449051772,0.0024759653024375
1,GCP-Mamba (Delta only),57,0.0010402100358961,0.002541851485148
1,GCP-Mamba (Delta only),58,0.0011603914714161,0.0026399481575936
1,GCP-Mamba (Delta only),59,0.001220855973256,0.0027952073141932
1,GCP-Mamba (Delta only),60,0.0014413716144981,0.0028041822370141
1,GCP-Mamba (Delta only),61,0.0011225471009864,0.002638503210619
1,GCP-Mamba (Delta only),62,0.0010926354038731,0.0025074642617255
1,GCP-Mamba (Delta only),63,0.0010001156846081,0.002621067687869
1,GCP-Mamba (Delta only),64,0.0009689119507801,0.0027195350266993
1,GCP-Mamba (Delta only),65,0.0009490468782251,0.0026245655026286
1,GCP-Mamba (Delta only),66,0.0009421460917624,0.0025335152167826
1,GCP-Mamba (Delta only),67,0.0010480857386753,0.0024745750706642
1,GCP-Mamba (Delta only),68,0.0010401278783135,0.0025729988701641
1,GCP-Mamba (Delta only),69,0.0009886864977686,0.0025394805707037
1,GCP-Mamba (Delta only),70,0.000993212109661,0.0028388507198542
1,GCP-Mamba (Delta only),71,0.0010239338920708,0.0026112932246178
1,GCP-Mamba (Delta only),72,0.0009303391553407,0.0024412048514932
1,GCP-Mamba (Delta only),73,0.0009060747182482,0.0025274823419749
1,GCP-Mamba (Delta only),74,0.0009092664214498,0.0026110936887562
1,GCP-Mamba (Delta only),75,0.0009006801904077,0.0025329354684799
1,GCP-Mamba (Delta only),76,0.0009007749748348,0.0025805253535509
1,GCP-Mamba (Delta only),77,0.0008398999689497,0.00246012955904
1,GCP-Mamba (Delta only),78,0.0008364345345214,0.0025394069962203
1,GCP-Mamba (Delta only),79,0.0008359906530223,0.0024644543882459
1,GCP-Mamba (Delta only),80,0.0008195435322072,0.00258918129839
1,GCP-Mamba (Delta only),81,0.0008430294528016,0.0026530257891863
1,GCP-Mamba (Delta only),82,0.0008940393192882,0.0028447885997593
1,GCP-Mamba (Delta only),83,0.0011305755132512,0.0025620486121624
1,GCP-Mamba (Delta only),84,0.0009853425207952,0.0031784987077116
1,GCP-Mamba (Delta only),85,0.0009752037121738,0.0026607073377817
1,GCP-Mamba (Delta only),86,0.0009103754671978,0.002569627482444
1,GCP-Mamba (Delta only),87,0.0008676208393729,0.0026613185182213
1,GCP-Mamba (perm. graph),0,0.0039521881912335,0.0036884699948132
1,GCP-Mamba (perm. graph),1,0.0035694344475379,0.003645458491519
1,GCP-Mamba (perm. graph),2,0.003435865594614,0.0035688288044184
1,GCP-Mamba (perm. graph),3,0.0033062341018998,0.0035229963250458
1,GCP-Mamba (perm. graph),4,0.0031549595026434,0.0035187627654522
1,GCP-Mamba (perm. graph),5,0.0029397745586364,0.0033976663835346
1,GCP-Mamba (perm. graph),6,0.0026888540588265,0.0035336555447429
1,GCP-Mamba (perm. graph),7,0.0024816241685598,0.0030738974455744
1,GCP-Mamba (perm. graph),8,0.0022896249117194,0.0035000008065253
1,GCP-Mamba (perm. graph),9,0.0022572062916351,0.0034855990670621
1,GCP-Mamba (perm. graph),10,0.002491954668506,0.0034370454959571
1,GCP-Mamba (perm. graph),11,0.002687525387138,0.0036001519765704
1,GCP-Mamba (perm. graph),12,0.0023953584815793,0.0032089997548609
1,GCP-Mamba (perm. graph),13,0.0021624832980982,0.0034272347111254
1,GCP-Mamba (perm. graph),14,0.0027284464137493,0.0033559859730303
1,GCP-Mamba (perm. graph),15,0.0023398614164603,0.0035347286611795
1,GCP-Mamba (perm. graph),16,0.0019601085780026,0.0034626617562025
1,GCP-Mamba (perm. graph),17,0.0018904196348149,0.0031692748889327
1,GCP-Mamba (perm. graph),18,0.0017863037672055,0.0034065207000821
1,GCP-Mamba (perm. graph),19,0.0017410887715717,0.0031219189986586
1,GCP-Mamba (perm. graph),20,0.0016858302212009,0.003146409522742
1,GCP-Mamba (perm. graph),21,0.0016921761334347,0.0033352060709148
1,GCP-Mamba (perm. graph),22,0.001790327715107,0.002959038130939
1,GCP-Mamba (perm. graph),23,0.0017951769320685,0.0037387539632618
1,GCP-Mamba (perm. graph),24,0.0017101973011765,0.0036714479792863
1,GCP-Mamba (perm. graph),25,0.0016369601353948,0.0031044578645378
1,GCP-Mamba (perm. graph),26,0.001564294532569,0.0032701275777071
1,GCP-Mamba (perm. graph),27,0.0016055144715473,0.0030299753416329
1,GCP-Mamba (perm. graph),28,0.001688933118071,0.0032371475826948
1,GCP-Mamba (perm. graph),29,0.001575558279317,0.0029991080518811
1,GCP-Mamba (perm. graph),30,0.0015022120188813,0.0032049058936536
1,GCP-Mamba (perm. graph),31,0.0015371839964654,0.0030760306399315
1,GCP-Mamba (perm. graph),32,0.0016241103353356,0.0031645807903259
1,GCP-Mamba (perm. graph),33,0.0014990970949588,0.0031383335590362
1,GCP-Mamba (perm. graph),34,0.001412631727863,0.0031625691335648
1,GCP-Mamba (perm. graph),35,0.0014050966044348,0.0027870323974639
1,GCP-Mamba (perm. graph),36,0.0013982418433601,0.0033555990085005
1,GCP-Mamba (perm. graph),37,0.0013888710232424,0.0033078561536967
1,GCP-Mamba (perm. graph),38,0.0026364293037171,0.0031771066132932
1,GCP-Mamba (perm. graph),39,0.0022572620832563,0.0034918668679893
1,GCP-Mamba (perm. graph),40,0.0018558501910445,0.0033537037670612
1,GCP-Mamba (perm. graph),41,0.0015325078072593,0.0028114183805882
1,GCP-Mamba (perm. graph),42,0.001354204426668,0.0030299806967377
1,GCP-Mamba (perm. graph),43,0.0013370361968712,0.0029162787832319
1,GCP-Mamba (perm. graph),44,0.0013478372964765,0.0029966426081955
1,GCP-Mamba (perm. graph),45,0.0012703421154477,0.0033241647761315
1,GCP-Mamba (perm. graph),46,0.0012727064186828,0.0029367841780185
1,GCP-Mamba (perm. graph),47,0.0012741418288804,0.0028883956838399
1,GCP-Mamba (perm. graph),48,0.0012543535356045,0.0029179430566728
1,GCP-Mamba (perm. graph),49,0.0012522037866511,0.0031412176322191
1,GCP-Mamba (perm. graph),50,0.0012221908360463,0.002915485529229
1,GCP-Mamba (random order),0,0.00399548098094,0.0036807681899517
1,GCP-Mamba (random order),1,0.0035048952879573,0.0036085934843868
1,GCP-Mamba (random order),2,0.0034009696868504,0.0035593367647379
1,GCP-Mamba (random order),3,0.0032439037433663,0.0035057857166975
1,GCP-Mamba (random order),4,0.00312818079323,0.003517163451761
1,GCP-Mamba (random order),5,0.0029626732820348,0.0033054614905267
1,GCP-Mamba (random order),6,0.0027665673566145,0.0035120048560202
1,GCP-Mamba (random order),7,0.0027464967072549,0.0032818345353007
1,GCP-Mamba (random order),8,0.0025241862125424,0.0036201616749167
1,GCP-Mamba (random order),9,0.0022876790026202,0.0033743327949196
1,GCP-Mamba (random order),10,0.0023564404801236,0.0033700140193104
1,GCP-Mamba (random order),11,0.0025935665066556,0.0036814776249229
1,GCP-Mamba (random order),12,0.002354295094214,0.0032351014669984
1,GCP-Mamba (random order),13,0.0021666477879752,0.0033274651505053
1,GCP-Mamba (random order),14,0.0026868249532645,0.0034076424781233
1,GCP-Mamba (random order),15,0.0023668239878463,0.0034678485244512
1,GCP-Mamba (random order),16,0.0020740082743915,0.0033132159151136
1,GCP-Mamba (random order),17,0.0019099572201029,0.0030280530918389
1,GCP-Mamba (random order),18,0.0018623555703358,0.0033790974412113
1,GCP-Mamba (random order),19,0.001930504463667,0.0030596856959164
1,GCP-Mamba (random order),20,0.0017618182236733,0.0031464453786611
1,GCP-Mamba (random order),21,0.0017773856618104,0.0031602988019585
1,GCP-Mamba (random order),22,0.001724287933346,0.0029150173068046
1,GCP-Mamba (random order),23,0.0017079599851242,0.0030818269588053
1,GCP-Mamba (random order),24,0.0017864878113934,0.0041305823251605
1,GCP-Mamba (random order),25,0.0018930645580268,0.0030773766338825
1,GCP-Mamba (random order),26,0.0017029591566086,0.0031140865758061
1,GCP-Mamba (random order),27,0.0016112446294004,0.0029080018866807
1,GCP-Mamba (random order),28,0.0015059091906616,0.0030511564109474
1,GCP-Mamba (random order),29,0.0014975700625285,0.0031074217986315
1,GCP-Mamba (random order),30,0.0014897800030429,0.0029042160604149
1,GCP-Mamba (random order),31,0.0014186715201029,0.0028832554817199
1,GCP-Mamba (random order),32,0.0013708615248712,0.0030874882359057
1,GCP-Mamba (random order),33,0.001363663439406,0.0029481661040335
1,GCP-Mamba (random order),34,0.0013232928754734,0.0029224921017885
1,GCP-Mamba (random order),35,0.0013794789640772,0.0027211625128984
1,GCP-Mamba (random order),36,0.0014234636201644,0.0027610333636403
1,GCP-Mamba (random order),37,0.0013544183980295,0.0029092165641486
1,GCP-Mamba (random order),38,0.0029670249002621,0.0037290237378329
1,GCP-Mamba (random order),39,0.0032112152632865,0.0035631831269711
1,GCP-Mamba (random order),40,0.0021124780203377,0.0028216887731105
1,GCP-Mamba (random order),41,0.0015940794306199,0.0027510973159223
1,GCP-Mamba (random order),42,0.0013952552816709,0.0028579046484082
1,GCP-Mamba (random order),43,0.001349970504331,0.0027810765895992
1,GCP-Mamba (random order),44,0.0012975859614359,0.0028407529462128
1,GCP-Mamba (random order),45,0.0012684336701489,0.0030901755671948
1,GCP-Mamba (random order),46,0.0013289985270576,0.002599136903882
1,GCP-Mamba (random order),47,0.0013891969827692,0.003223042236641
1,GCP-Mamba (random order),48,0.0013695297209357,0.0029613047372549
1,GCP-Mamba (random order),49,0.0012219957788002,0.0027826607692986
1,GCP-Mamba (random order),50,0.0011836300364466,0.0026110552717
1,GCP-Mamba (random order),51,0.001176852635884,0.0027119531296193
1,GCP-Mamba (random order),52,0.0012086587114448,0.0026647895574569
1,GCP-Mamba (random order),53,0.0011939416248081,0.0028454719576984
1,GCP-Mamba (random order),54,0.0011153738297002,0.0027880121488124
1,GCP-Mamba (random order),55,0.0012013783494509,0.0026860933285206
1,GCP-Mamba (random order),56,0.0011042536656453,0.0025986053515225
1,GCP-Mamba (random order),57,0.0010677582771598,0.0026713188271969
1,GCP-Mamba (random order),58,0.0010715533052976,0.0026097216177731
1,GCP-Mamba (random order),59,0.0011439840246052,0.0026917417999356
1,GCP-Mamba (random order),60,0.0011263145859339,0.0026705130003392
1,GCP-Mamba (random order),61,0.0012413868191314,0.0026911259628832
1,Mamba (no graph),0,0.0035953305719042,0.0037972896825522
1,Mamba (no graph),1,0.0034894224769179,0.0035846438258886
1,Mamba (no graph),2,0.0033682525913784,0.0035817141178995
1,Mamba (no graph),3,0.0031798127093824,0.00354103022255
1,Mamba (no graph),4,0.0029791027233274,0.0033907201141119
1,Mamba (no graph),5,0.0028659654376299,0.0034436136484146
1,Mamba (no graph),6,0.0026686864506885,0.0032653645612299
1,Mamba (no graph),7,0.0024850087044625,0.0033297452609986
1,Mamba (no graph),8,0.0024438105098417,0.0037226821295917
1,Mamba (no graph),9,0.0025427117100174,0.0031732888892292
1,Mamba (no graph),10,0.0023555674191996,0.0032023524399846
1,Mamba (no graph),11,0.0022642207078878,0.0039290059357881
1,Mamba (no graph),12,0.0023379159173455,0.0035216591786593
1,Mamba (no graph),13,0.002573225254942,0.0032919517252594
1,Mamba (no graph),14,0.0021236403980224,0.0031054085120558
1,Mamba (no graph),15,0.0019052513956051,0.0033203831408172
1,Mamba (no graph),16,0.0018898823359252,0.0030174062121659
1,Mamba (no graph),17,0.0019636318590357,0.0033112834207713
1,Mamba (no graph),18,0.00178305182498,0.0030123617034405
1,Mamba (no graph),19,0.001711684290954,0.00323604978621
1,Mamba (no graph),20,0.0016394291896427,0.0030775521881878
1,Mamba (no graph),21,0.0015638202793248,0.0029269778169691
1,Mamba (no graph),22,0.0017998236656674,0.0032451329752802
1,Mamba (no graph),23,0.0019457968140857,0.0031814761459827
1,Mamba (no graph),24,0.0017201423786742,0.0030043062288314
1,Mamba (no graph),25,0.0016096169044655,0.0028987668920308
1,Mamba (no graph),26,0.0015393907602444,0.0030083223246037
1,Mamba (no graph),27,0.0015877357673952,0.0029775709845125
1,Mamba (no graph),28,0.0015280203956206,0.0027608815580606
1,Mamba (no graph),29,0.0017318872977858,0.0034387479536235
1,Mamba (no graph),30,0.0016280215932056,0.0028894448187202
1,Mamba (no graph),31,0.0015158286972808,0.002713605761528
1,Mamba (no graph),32,0.0014528787148225,0.0030008940957486
1,Mamba (no graph),33,0.0014762235257059,0.0028116744942963
1,Mamba (no graph),34,0.0013983366501423,0.0028675515204668
1,Mamba (no graph),35,0.001354397390969,0.002850578399375
1,Mamba (no graph),36,0.0013359503894774,0.0027817580848932
1,Mamba (no graph),37,0.0013718219588686,0.0030624356586486
1,Mamba (no graph),38,0.0015435647000086,0.002950842725113
1,Mamba (no graph),39,0.0013838368467986,0.0026967993471771
1,Mamba (no graph),40,0.0012938616286112,0.0028901947662234
1,Mamba (no graph),41,0.0013253831952486,0.0027448346372693
1,Mamba (no graph),42,0.0012443673601239,0.002846008632332
1,Mamba (no graph),43,0.0011949933208255,0.0026528993621468
1,Mamba (no graph),44,0.0011606097552061,0.0026515023782849
1,Mamba (no graph),45,0.0011497306379327,0.0027224426157772
1,Mamba (no graph),46,0.0011401965832877,0.0026661651208996
1,Mamba (no graph),47,0.0012392160799894,0.0026280796155333
1,Mamba (no graph),48,0.0012103982364245,0.0027329961303621
1,Mamba (no graph),49,0.0012570996768772,0.0027233641594648
1,Mamba (no graph),50,0.0016463058629491,0.0037127123214304
1,Mamba (no graph),51,0.0016564602855646,0.0028636928182095
1,Mamba (no graph),52,0.0015286411870729,0.0027471471112221
1,Mamba (no graph),53,0.0012803108758711,0.0026207396294921
1,Mamba (no graph),54,0.001167392010625,0.0025878590531647
1,Mamba (no graph),55,0.0010869636822937,0.0026623297017067
1,Mamba (no graph),56,0.0010793596814872,0.0024763233959674
1,Mamba (no graph),57,0.0010406814597418,0.0025404857005923
1,Mamba (no graph),58,0.001165613113646,0.0026399430353194
1,Mamba (no graph),59,0.0012258510729567,0.0027951579540967
1,Mamba (no graph),60,0.0014498754011372,0.0028076793532818
1,Mamba (no graph),61,0.0011282545629132,0.0026385700330138
1,Mamba (no graph),62,0.001093145125829,0.0025088067632168
1,Mamba (no graph),63,0.0009984718521793,0.0026199561543762
1,Mamba (no graph),64,0.0009683293916379,0.0027199727483093
1,Mamba (no graph),65,0.0009480320209083,0.0026272104587405
1,Mamba (no graph),66,0.0009432561084817,0.0025306160096079
1,Mamba (no graph),67,0.0010431314990653,0.0024741326924413
1,Mamba (no graph),68,0.0010387068614363,0.0025708863977342
1,Mamba (no graph),69,0.0009905100459286,0.0025411623064428
1,Mamba (no graph),70,0.0009946765435481,0.0028159613721072
1,Mamba (no graph),71,0.0010228234333107,0.0026162189897149
1,Mamba (no graph),72,0.0009305139571644,0.0024386206641793
1,Mamba (no graph),73,0.0009076376918001,0.0025212455075234
1,Mamba (no graph),74,0.0009096770250386,0.0026060959789901
1,Mamba (no graph),75,0.0009028768319589,0.0025279596447944
1,Mamba (no graph),76,0.0009031552809587,0.0025771500077098
1,Mamba (no graph),77,0.000841746288959,0.0024530831724405
1,Mamba (no graph),78,0.0008385232877512,0.0025378298014402
1,Mamba (no graph),79,0.0008362985369614,0.002460112562403
1,Mamba (no graph),80,0.0008214494319754,0.0025898227468132
1,Mamba (no graph),81,0.0008452999577655,0.0026503081899136
1,Mamba (no graph),82,0.0008994067480882,0.0028466344811022
1,Mamba (no graph),83,0.0011401242067011,0.0025552187580615
1,Mamba (no graph),84,0.0009840173314433,0.0031563856173306
1,Mamba (no graph),85,0.0009721156304189,0.0026582970749586
1,Mamba (no graph),86,0.0009063756704141,0.0025652109179645
1,Mamba (no graph),87,0.0008681585220957,0.0026614700909703
2,GCP-Mamba,0,0.0031083940583609,0.0050078057684004
2,GCP-Mamba,1,0.0029559210679835,0.0051281875930726
2,GCP-Mamba,2,0.0028036555087716,0.0048613571561872
2,GCP-Mamba,3,0.0027451482752217,0.0048399032093584
2,GCP-Mamba,4,0.0026513970843951,0.0049905409105122
2,GCP-Mamba,5,0.0024823559784806,0.0053973109461367
2,GCP-Mamba,6,0.0023076945430893,0.005012881476432
2,GCP-Mamba,7,0.0021428948187892,0.0052015939727425
2,GCP-Mamba,8,0.0020713241579908,0.0054903142154216
2,GCP-Mamba,9,0.0020125425125894,0.0051937671378254
2,GCP-Mamba,10,0.0021064881287287,0.0049862600862979
2,GCP-Mamba,11,0.0021685462322742,0.0067614396102726
2,GCP-Mamba,12,0.0020645588813115,0.0047994153574109
2,GCP-Mamba,13,0.0019199463895609,0.0050322329625487
2,GCP-Mamba,14,0.0018771719262874,0.0050057512708008
2,GCP-Mamba,15,0.0019906809865061,0.0054066479206085
2,GCP-Mamba,16,0.0019512094210551,0.0050900452770292
2,GCP-Mamba,17,0.0018233222654089,0.0049229403957724
2,GCP-Mamba,18,0.0017231522746075,0.0048201475292444
2,GCP-Mamba,19,0.0016500095270654,0.0047358851879835
2,GCP-Mamba,20,0.0017041177781995,0.005770971532911
2,GCP-Mamba,21,0.0019724114819784,0.0049778325483202
2,GCP-Mamba,22,0.0017945776080458,0.004776022862643
2,GCP-Mamba,23,0.0016768494530467,0.0047783968038856
2,GCP-Mamba,24,0.0017125266218866,0.0055030458606779
2,GCP-Mamba,25,0.0019035007345671,0.0045977467671036
2,GCP-Mamba,26,0.0017814814245408,0.0046065901406109
2,GCP-Mamba,27,0.0016332361101769,0.004608473740518
2,GCP-Mamba,28,0.0015534185904929,0.0043312702327966
2,GCP-Mamba,29,0.0014922897835603,0.004591001663357
2,GCP-Mamba,30,0.001478948908868,0.0046072178520262
2,GCP-Mamba,31,0.0014514058984132,0.0046705598942935
2,GCP-Mamba,32,0.0015202716324585,0.0047195539809763
2,GCP-Mamba,33,0.0015763042271874,0.0045076515525579
2,GCP-Mamba,34,0.0015142297668704,0.0044086840935051
2,GCP-Mamba,35,0.0014207058576967,0.0043518943712115
2,GCP-Mamba,36,0.0013479666655427,0.0044250646606087
2,GCP-Mamba,37,0.0012984613037045,0.0043080868199467
2,GCP-Mamba,38,0.0012911869826049,0.0042994921095669
2,GCP-Mamba,39,0.0013278429748209,0.0044976170174777
2,GCP-Mamba,40,0.0013624750464658,0.0043857032433152
2,GCP-Mamba,41,0.0014160167896557,0.0047143101692199
2,GCP-Mamba,42,0.0014676961104767,0.0039984360337257
2,GCP-Mamba,43,0.0013070433227204,0.0042650066316127
2,GCP-Mamba,44,0.0012288653331962,0.0041403109207749
2,GCP-Mamba,45,0.0012344534679738,0.0043935263529419
2,GCP-Mamba,46,0.0012028704115973,0.0045525622554123
2,GCP-Mamba,47,0.0012358226905503,0.0043554562143981
2,GCP-Mamba,48,0.0013184138027642,0.0044765532948076
2,GCP-Mamba,49,0.0012445694460406,0.0043152975849807
2,GCP-Mamba,50,0.0011859352163561,0.0042527997866272
2,GCP-Mamba,51,0.0011810790697152,0.0043604783713817
2,GCP-Mamba,52,0.0013235934005829,0.0045720720663666
2,GCP-Mamba,53,0.0012123896665,0.004176287446171
2,GCP-Mamba,54,0.0012434603329814,0.0043588737025856
2,GCP-Mamba,55,0.0012315010154459,0.0040009175427258
2,GCP-Mamba,56,0.0011710472913331,0.004319863859564
2,GCP-Mamba,57,0.0011481095843265,0.0043610809370875
2,GCP-Mamba (Delta only),0,0.0030570816543462,0.0054272422567009
2,GCP-Mamba (Delta only),1,0.0030663781858002,0.005186135880649
2,GCP-Mamba (Delta only),2,0.0029705946489485,0.004862361587584
2,GCP-Mamba (Delta only),3,0.0028435897363497,0.004899997729808
2,GCP-Mamba (Delta only),4,0.0026460043389162,0.0048481905832886
2,GCP-Mamba (Delta only),5,0.0026056273713064,0.0046491902321577
2,GCP-Mamba (Delta only),6,0.0024437422013218,0.0048208655789494
2,GCP-Mamba (Delta only),7,0.0022943498091035,0.0048929508775472
2,GCP-Mamba (Delta only),8,0.0022195459380343,0.0051631382666528
2,GCP-Mamba (Delta only),9,0.0021786569800268,0.005014568567276
2,GCP-Mamba (Delta only),10,0.0021324747982401,0.0047247884795069
2,GCP-Mamba (Delta only),11,0.0020056604177409,0.004816920030862
2,GCP-Mamba (Delta only),12,0.0019053900513878,0.0048839910887181
2,GCP-Mamba (Delta only),13,0.0018145878717182,0.0047548916190862
2,GCP-Mamba (Delta only),14,0.0018355087008622,0.0052339392714202
2,GCP-Mamba (Delta only),15,0.0021504680617719,0.0047487155534327
2,GCP-Mamba (Delta only),16,0.0020259949730427,0.0048972684890031
2,GCP-Mamba (Delta only),17,0.0018577174318739,0.0047283992171287
2,GCP-Mamba (Delta only),18,0.0017866867061758,0.0047647543251514
2,GCP-Mamba (Delta only),19,0.0016853022280236,0.0045485217124223
2,GCP-Mamba (Delta only),20,0.0016384835936222,0.0044824155047535
2,GCP-Mamba (Delta only),21,0.0016190974752036,0.0046804226003587
2,GCP-Mamba (Delta only),22,0.0015939081099433,0.004533679690212
2,GCP-Mamba (Delta only),23,0.0016295074672846,0.0045519839040935
2,GCP-Mamba (Delta only),24,0.0016434556040778,0.0045510195195674
2,GCP-Mamba (Delta only),25,0.0016075278190132,0.0045777959749102
2,GCP-Mamba (Delta only),26,0.00152676486705,0.0045420937240123
2,GCP-Mamba (Delta only),27,0.0015159618049163,0.0045182569883763
2,GCP-Mamba (Delta only),28,0.0015206547096378,0.0045392173342406
2,GCP-Mamba (Delta only),29,0.0015835641940265,0.004345566034317
2,GCP-Mamba (Delta only),30,0.0017109743391478,0.004468202125281
2,GCP-Mamba (Delta only),31,0.0016217397554382,0.0045975842513144
2,GCP-Mamba (Delta only),32,0.0014640388787529,0.0045309416018426
2,GCP-Mamba (Delta only),33,0.0013837777547163,0.004565738607198
2,GCP-Mamba (Delta only),34,0.0013540582178602,0.004550265148282
2,GCP-Mamba (Delta only),35,0.0013558576695902,0.0044424338266253
2,GCP-Mamba (Delta only),36,0.0013126382426687,0.0043072360567748
2,GCP-Mamba (Delta only),37,0.0014037260661745,0.0044490848667919
2,GCP-Mamba (Delta only),38,0.0013404391138988,0.0042956979013979
2,GCP-Mamba (Delta only),39,0.0012766432306869,0.0044542392715811
2,GCP-Mamba (Delta only),40,0.0012630910860548,0.0043046735227108
2,GCP-Mamba (Delta only),41,0.0013673672186237,0.0045815650373697
2,GCP-Mamba (Delta only),42,0.0012990030377982,0.0045676846057176
2,GCP-Mamba (Delta only),43,0.0012191394214156,0.00426817080006
2,GCP-Mamba (Delta only),44,0.0012190154403541,0.0043131918646395
2,GCP-Mamba (Delta only),45,0.0011568787459974,0.0041853268630802
2,GCP-Mamba (Delta only),46,0.001159843635283,0.0044880881905555
2,GCP-Mamba (Delta only),47,0.0012308447152751,0.0043534021824598
2,GCP-Mamba (Delta only),48,0.0013612072199596,0.0044310591183602
2,GCP-Mamba (Delta only),49,0.0012661482847342,0.0042808819562196
2,GCP-Mamba (Delta only),50,0.0011501178080919,0.0043434626422822
2,GCP-Mamba (Delta only),51,0.0011421532475677,0.004225383978337
2,GCP-Mamba (Delta only),52,0.0010873326535919,0.0043325587175786
2,GCP-Mamba (Delta only),53,0.0010324222590144,0.0042956578545272
2,GCP-Mamba (Delta only),54,0.0010190379919765,0.004254329483956
2,GCP-Mamba (Delta only),55,0.0010590407913198,0.004384831059724
2,GCP-Mamba (Delta only),56,0.0009943522155291,0.004200454801321
2,GCP-Mamba (Delta only),57,0.0009665606772064,0.0043162605725228
2,GCP-Mamba (Delta only),58,0.0009936382885178,0.0043689450249075
2,GCP-Mamba (Delta only),59,0.0010004026920822,0.0041977209039032
2,GCP-Mamba (Delta only),60,0.0009623307846955,0.0041503850370645
2,GCP-Mamba (Delta only),61,0.0010105772747946,0.0043389275670051
2,GCP-Mamba (Delta only),62,0.0012114552756697,0.0045418166555464
2,GCP-Mamba (Delta only),63,0.0011516316184981,0.0045034713111817
2,GCP-Mamba (Delta only),64,0.0011722761015374,0.0044188098981976
2,GCP-Mamba (Delta only),65,0.0010903104570218,0.0043471362441778
2,GCP-Mamba (Delta only),66,0.0010512988916397,0.00419337535277
2,GCP-Mamba (Delta only),67,0.0009513660476429,0.0042918911203742
2,GCP-Mamba (Delta only),68,0.0009564484298738,0.004302856978029
2,GCP-Mamba (Delta only),69,0.0009820701677114,0.0042921472340822
2,GCP-Mamba (Delta only),70,0.0009331645912209,0.0043632816523313
2,GCP-Mamba (Delta only),71,0.0008799731475971,0.0043017412535846
2,GCP-Mamba (Delta only),72,0.0008486303272188,0.0042794807814061
2,GCP-Mamba (Delta only),73,0.0008177901191047,0.0043192068114876
2,GCP-Mamba (Delta only),74,0.0008466015628492,0.0044596898369491
2,GCP-Mamba (Delta only),75,0.0008801219787234,0.0043643871322274
2,GCP-Mamba (perm. graph),0,0.003103024210687,0.0050121019594371
2,GCP-Mamba (perm. graph),1,0.0029604120528419,0.0051497709937393
2,GCP-Mamba (perm. graph),2,0.002803685887308,0.0048185777850449
2,GCP-Mamba (perm. graph),3,0.0027037537656724,0.0047911833971738
2,GCP-Mamba (perm. graph),4,0.0025789236236135,0.0052366196177899
2,GCP-Mamba (perm. graph),5,0.0024052688511919,0.0056198644451797
2,GCP-Mamba (perm. graph),6,0.0022837286919737,0.0049592405557632
2,GCP-Mamba (perm. graph),7,0.0021537097343478,0.0051418747752904
2,GCP-Mamba (perm. graph),8,0.0021401990268701,0.0057570151984691
2,GCP-Mamba (perm. graph),9,0.0021223107004444,0.0060735042206943
2,GCP-Mamba (perm. graph),10,0.0022558651759001,0.0046795979142189
2,GCP-Mamba (perm. graph),11,0.0021018566799906,0.004843218717724
2,GCP-Mamba (perm. graph),12,0.0020233727254563,0.0049890680238604
2,GCP-Mamba (perm. graph),13,0.0019189053141384,0.0048694796860218
2,GCP-Mamba (perm. graph),14,0.0018498814085217,0.0048572574742138
2,GCP-Mamba (perm. graph),15,0.0018948081448647,0.0049586305394768
2,GCP-Mamba (perm. graph),16,0.0017997356895491,0.0051902057603001
2,GCP-Mamba (perm. graph),17,0.0017925852611526,0.0050613619387149
2,GCP-Mamba (perm. graph),18,0.0017356611805023,0.0047719809226691
2,GCP-Mamba (perm. graph),19,0.0016418743439742,0.00465979706496
2,GCP-Mamba (perm. graph),20,0.0017101077246479,0.0056239780969917
2,GCP-Mamba (perm. graph),21,0.0020233696031806,0.0049313302151858
2,GCP-Mamba (perm. graph),22,0.0018139515539443,0.004664396867156
2,GCP-Mamba (perm. graph),23,0.0016874267749836,0.004762006457895
2,GCP-Mamba (perm. graph),24,0.0016121205860387,0.0047967843711376
2,GCP-Mamba (perm. graph),25,0.0016671058189177,0.0043968684040009
2,GCP-Mamba (perm. graph),26,0.0017366906679938,0.0045583709143102
2,GCP-Mamba (perm. graph),27,0.0015723593826171,0.0044427490793168
2,GCP-Mamba (perm. graph),28,0.0015768300433703,0.0044100414961576
2,GCP-Mamba (perm. graph),29,0.0015152216555631,0.0044263107702136
2,GCP-Mamba (perm. graph),30,0.0015614283109492,0.004534532316029
2,GCP-Mamba (perm. graph),31,0.0016508995548641,0.004559127613902
2,GCP-Mamba (perm. graph),32,0.0015515956304056,0.0045382464304566
2,GCP-Mamba (perm. graph),33,0.0014552578787326,0.0045273387804627
2,GCP-Mamba (perm. graph),34,0.0014110207934562,0.004801551811397
2,GCP-Mamba (perm. graph),35,0.001437768433913,0.0044323429465293
2,GCP-Mamba (perm. graph),36,0.0013781670035405,0.0045315502211451
2,GCP-Mamba (perm. graph),37,0.0013538861091134,0.0045825322158634
2,GCP-Mamba (perm. graph),38,0.0013993793869015,0.0042828121222555
2,GCP-Mamba (perm. graph),39,0.0013510557276819,0.0044417958706617
2,GCP-Mamba (perm. graph),40,0.0013591808458729,0.004320852458477
2,GCP-Mamba (perm. graph),41,0.0013635820322234,0.0043803183361887
2,GCP-Mamba (perm. graph),42,0.001413167793498,0.0040855058468878
2,GCP-Mamba (perm. graph),43,0.0012968584724279,0.0044258604757487
2,GCP-Mamba (perm. graph),44,0.0012621040457672,0.0043301377445459
2,GCP-Mamba (perm. graph),45,0.0013021532079312,0.0044807391241192
2,GCP-Mamba (perm. graph),46,0.0014062791136461,0.004387229681015
2,GCP-Mamba (perm. graph),47,0.0013727225554209,0.0046812011860311
2,GCP-Mamba (perm. graph),48,0.0015247660276995,0.0045935637317597
2,GCP-Mamba (perm. graph),49,0.0013808854545714,0.0045428634621202
2,GCP-Mamba (perm. graph),50,0.0012729020785915,0.0042752581648528
2,GCP-Mamba (perm. graph),51,0.0012239397640788,0.0042954231612384
2,GCP-Mamba (perm. graph),52,0.00118781893896,0.0043421029113233
2,GCP-Mamba (perm. graph),53,0.0011602902404709,0.0043048923835158
2,GCP-Mamba (perm. graph),54,0.0012230930411049,0.0044550327584147
2,GCP-Mamba (perm. graph),55,0.0012525008721679,0.004337387625128
2,GCP-Mamba (perm. graph),56,0.0013073019678335,0.0043265214189887
2,GCP-Mamba (perm. graph),57,0.0012460534729686,0.0045638750307261
2,GCP-Mamba (random order),0,0.0030740792301932,0.0050730151124298
2,GCP-Mamba (random order),1,0.0031437870222244,0.0049642552621662
2,GCP-Mamba (random order),2,0.0028745291566998,0.0048582204617559
2,GCP-Mamba (random order),3,0.002768878461525,0.0048060780391097
2,GCP-Mamba (random order),4,0.0026338524997515,0.0049416017718613
2,GCP-Mamba (random order),5,0.0024854675665658,0.0052264430560171
2,GCP-Mamba (random order),6,0.0023561380845461,0.0046590324491262
2,GCP-Mamba (random order),7,0.0022112077341595,0.0053253755904734
2,GCP-Mamba (random order),8,0.0022313771702402,0.0049828886985778
2,GCP-Mamba (random order),9,0.0021035660446869,0.0053281793370842
2,GCP-Mamba (random order),10,0.0020127079320615,0.0054068928584456
2,GCP-Mamba (random order),11,0.0019149425625466,0.0051317731849849
2,GCP-Mamba (random order),12,0.0019270422154025,0.0052386587485671
2,GCP-Mamba (random order),13,0.0021229319001393,0.0047626653686165
2,GCP-Mamba (random order),14,0.0021258440453277,0.0047528161667287
2,GCP-Mamba (random order),15,0.0021395910641835,0.0046248994767665
2,GCP-Mamba (random order),16,0.0019377040720323,0.0047853728756308
2,GCP-Mamba (random order),17,0.0018153145194067,0.004579585045576
2,GCP-Mamba (random order),18,0.0017467260263565,0.0047213360667228
2,GCP-Mamba (random order),19,0.0017580905997884,0.0045896382071077
2,GCP-Mamba (random order),20,0.0018153816240457,0.0051570399664342
2,GCP-Mamba (random order),21,0.0019347324645776,0.0045373225584626
2,GCP-Mamba (random order),22,0.001743090569323,0.0048602931201457
2,GCP-Mamba (random order),23,0.0016661734159419,0.004672763403505
2,GCP-Mamba (random order),24,0.0016198550340913,0.0045129326172173
2,GCP-Mamba (random order),25,0.001537596464338,0.004588829819113
2,GCP-Mamba (random order),26,0.0015036256999789,0.0045102625153958
2,GCP-Mamba (random order),27,0.0015174254679569,0.0043664164841175
2,GCP-Mamba (random order),28,0.0015319633572328,0.0045379325747489
2,GCP-Mamba (random order),29,0.0015802423029186,0.0044765649363398
2,GCP-Mamba (random order),30,0.0014739804210228,0.0045834854245185
2,GCP-Mamba (random order),31,0.0015027717663739,0.0046008480712771
2,GCP-Mamba (random order),32,0.0014457118751065,0.0044862749055027
2,GCP-Mamba (random order),33,0.0015053434168464,0.0052104936912655
2,GCP-Mamba (random order),34,0.0015848513974024,0.004845137707889
2,GCP-Mamba (random order),35,0.0014885516599383,0.0043324939906597
2,GCP-Mamba (random order),36,0.0014557295844039,0.0045402268879115
2,GCP-Mamba (random order),37,0.0013446385173207,0.0043863640166819
2,GCP-Mamba (random order),38,0.0013047376469199,0.0044816946610808
2,GCP-Mamba (random order),39,0.0012620270516884,0.0044848416000604
2,GCP-Mamba (random order),40,0.0014836372135093,0.004872762132436
2,GCP-Mamba (random order),41,0.0015819211500502,0.0046370238997042
2,GCP-Mamba (random order),42,0.0014224722696696,0.0043785036541521
2,GCP-Mamba (random order),43,0.0013640218447029,0.0043572364374995
2,GCP-Mamba (random order),44,0.0013685437780302,0.0042140530422329
2,GCP-Mamba (random order),45,0.0013067746382514,0.0045031365007162
2,GCP-Mamba (random order),46,0.0012420719889789,0.0043536946177482
2,GCP-Mamba (random order),47,0.0011885898437337,0.0042651980184018
2,GCP-Mamba (random order),48,0.0011479582146761,0.0041912528686225
2,GCP-Mamba (random order),49,0.0011517043265668,0.0043662376701831
2,GCP-Mamba (random order),50,0.0011442325265555,0.0043364572338759
2,GCP-Mamba (random order),51,0.001145893589781,0.0044662402942776
2,GCP-Mamba (random order),52,0.0012177532700413,0.0045372559688985
2,GCP-Mamba (random order),53,0.0013235670258123,0.0042028944008052
2,GCP-Mamba (random order),54,0.0013193478858058,0.0045602764002978
2,GCP-Mamba (random order),55,0.0013749040654867,0.0042263292707502
2,GCP-Mamba (random order),56,0.0013638470814355,0.004384056199342
2,GCP-Mamba (random order),57,0.0012430900891257,0.0043264813721179
2,GCP-Mamba (random order),58,0.0011502859850997,0.0043806787580251
2,GCP-Mamba (random order),59,0.0011207882973211,0.0041742203757166
2,GCP-Mamba (random order),60,0.0010571664797222,0.0042777354829013
2,GCP-Mamba (random order),61,0.00103308510315,0.0042997119016945
2,GCP-Mamba (random order),62,0.0010243959954383,0.004339194856584
2,GCP-Mamba (random order),63,0.0010144487718495,0.0043147229589521
2,GCP-Mamba (random order),64,0.0010299408161784,0.0043996004387736
2,GCP-Mamba (random order),65,0.0010399400024581,0.0041911033913493
2,GCP-Mamba (random order),66,0.0010064278483029,0.0044295424595475
2,GCP-Mamba (random order),67,0.0010609000840847,0.0042848885059356
2,GCP-Mamba (random order),68,0.0010595434201251,0.0043482747860252
2,GCP-Mamba (random order),69,0.0010354622098007,0.0042250803671777
2,GCP-Mamba (random order),70,0.0011017059265776,0.0042649558745324
2,GCP-Mamba (random order),71,0.0010745073283399,0.0042306599207222
2,GCP-Mamba (random order),72,0.0010775114801585,0.0042973035015165
2,GCP-Mamba (random order),73,0.0010894298421138,0.0040965252555906
2,GCP-Mamba (random order),74,0.0010086878993474,0.0041345679201185
2,GCP-Mamba (random order),75,0.0009534468978187,0.0042390339076519
2,GCP-Mamba (random order),76,0.000975007591635,0.004282958805561
2,GCP-Mamba (random order),77,0.0010754054528661,0.004099334590137
2,GCP-Mamba (random order),78,0.0010229639948526,0.0042981677688658
2,GCP-Mamba (random order),79,0.0009889810123286,0.00432432256639
2,GCP-Mamba (random order),80,0.0010543659709648,0.0041618887335062
2,GCP-Mamba (random order),81,0.0010160259628608,0.0041684154421091
2,GCP-Mamba (random order),82,0.0009257810532865,0.0042088613845407
2,GCP-Mamba (random order),83,0.000936875233708,0.0040989890694618
2,GCP-Mamba (random order),84,0.0010271972814146,0.0041306680068373
2,GCP-Mamba (random order),85,0.0009884489423816,0.0042213830165565
2,GCP-Mamba (random order),86,0.0009168989767099,0.0041649113409221
2,GCP-Mamba (random order),87,0.0009252250114147,0.0044218217954039
2,GCP-Mamba (random order),88,0.0008973693965076,0.0042199809104204
2,Mamba (no graph),0,0.0030570816677465,0.0054272422567009
2,Mamba (no graph),1,0.0030663782863026,0.005186135880649
2,Mamba (no graph),2,0.0029705946866369,0.004862361587584
2,Mamba (no graph),3,0.0028435897296495,0.0048999972641468
2,Mamba (no graph),4,0.0026460045097703,0.0048481910489499
2,Mamba (no graph),5,0.0026056275924118,0.0046491906978189
2,Mamba (no graph),6,0.0024437426954588,0.0048208669759333
2,Mamba (no graph),7,0.0022943503786173,0.0048929490149021
2,Mamba (no graph),8,0.0022195472345158,0.0051631415262818
2,Mamba (no graph),9,0.0021786576843813,0.0050145778805017
2,Mamba (no graph),10,0.0021324741273863,0.0047247875481843
2,Mamba (no graph),11,0.002005658916067,0.0048169237561523
2,Mamba (no graph),12,0.0019053907021411,0.0048839915543794
2,Mamba (no graph),13,0.0018145913055515,0.0047548813745379
2,Mamba (no graph),14,0.0018355112335235,0.0052339285612106
2,Mamba (no graph),15,0.0021504700073315,0.0047487476840615
2,Mamba (no graph),16,0.0020259965794067,0.0048972805961966
2,Mamba (no graph),17,0.0018577191219899,0.0047283945605158
2,Mamba (no graph),18,0.0017866932555845,0.004764755256474
2,Mamba (no graph),19,0.0016853079365619,0.0045485002920031
2,Mamba (no graph),20,0.0016384825475594,0.0044823964126408
2,Mamba (no graph),21,0.0016190937113874,0.0046803886070847
2,Mamba (no graph),22,0.001593912428198,0.0045336303301155
2,Mamba (no graph),23,0.001629513856727,0.0045519047416746
2,Mamba (no graph),24,0.0016433919918984,0.004550960380584
2,Mamba (no graph),25,0.0016074637847235,0.0045777419582009
2,Mamba (no graph),26,0.0015266654885662,0.0045421705581247
2,Mamba (no graph),27,0.0015159125319219,0.0045181652531027
2,Mamba (no graph),28,0.0015205940834276,0.0045391633175313
2,Mamba (no graph),29,0.0015836252777321,0.0043456498533487
2,Mamba (no graph),30,0.0017113749619586,0.0044684642925858
2,Mamba (no graph),31,0.0016221243497855,0.0045976797118783
2,Mamba (no graph),32,0.0014642079146377,0.0045306337997317
2,Mamba (no graph),33,0.0013838844095765,0.0045661088079214
2,Mamba (no graph),34,0.0013542053752022,0.0045504863373935
2,Mamba (no graph),35,0.0013561042749302,0.0044426131062209
2,Mamba (no graph),36,0.0013128757868766,0.0043074078857898
2,Mamba (no graph),37,0.0014045079181761,0.0044492268934845
2,Mamba (no graph),38,0.0013408813137299,0.0042957230471074
2,Mamba (no graph),39,0.0012767743101517,0.004453501664102
2,Mamba (no graph),40,0.001263201325502,0.0043051475659012
2,Mamba (no graph),41,0.001367255016029,0.0045821219682693
2,Mamba (no graph),42,0.0012993061544018,0.0045675700530409
2,Mamba (no graph),43,0.0012191171927893,0.0042680222541093
2,Mamba (no graph),44,0.0012188555652664,0.0043137148022651
2,Mamba (no graph),45,0.0011570187086212,0.004185942467302
2,Mamba (no graph),46,0.0011602379059211,0.0044880034402012
2,Mamba (no graph),47,0.0012311905366201,0.0043537560850381
2,Mamba (no graph),48,0.0013619316582695,0.00443133758381
2,Mamba (no graph),49,0.0012671868224701,0.004280662164092
2,Mamba (no graph),50,0.0011507918017165,0.0043434062972664
2,Mamba (no graph),51,0.0011423747733623,0.0042251688428223
2,Mamba (no graph),52,0.0010875262351029,0.0043328749015927
2,Mamba (no graph),53,0.0010326842975504,0.004295312333852
2,Mamba (no graph),54,0.0010193735469976,0.0042535807006061
2,Mamba (no graph),55,0.0010590144584253,0.0043859845027327
2,Mamba (no graph),56,0.0009949717255269,0.0042009106837213
2,Mamba (no graph),57,0.0009673157122267,0.0043180831708014
2,Mamba (no graph),58,0.0009939608163294,0.0043736696243286
2,Mamba (no graph),59,0.0010011252656532,0.0041988850571215
2,Mamba (no graph),60,0.0009633307671844,0.0041499393992125
2,Mamba (no graph),61,0.0010103447942344,0.0043380856513977
2,Mamba (no graph),62,0.0012126850661915,0.0045353565365076
2,Mamba (no graph),63,0.0011512212745892,0.0045094820670783
2,Mamba (no graph),64,0.0011740901085326,0.0044173211790621
2,Mamba (no graph),65,0.0010927499225028,0.0043476941064
2,Mamba (no graph),66,0.0010548036159418,0.0041900430805981
2,Mamba (no graph),67,0.0009549660825927,0.0042908214963972
2,Mamba (no graph),68,0.0009600809212479,0.0043140230700373
2,Mamba (no graph),69,0.0009878303764786,0.0042959530837833
2,Mamba (no graph),70,0.0009381808160482,0.0043582720682024
2,Mamba (no graph),71,0.0008800817710488,0.0042959819547832
2,Mamba (no graph),72,0.0008505479229125,0.004278948996216
2,Mamba (no graph),73,0.0008198069014901,0.0043202433735132
2,Mamba (no graph),74,0.0008483011863469,0.004461177624762
2,Mamba (no graph),75,0.0008845478652226,0.0043638525530695
2,Graph-MLP (no scan),0,0.0031363586685787,0.0051056784577667
2,Graph-MLP (no scan),1,0.0029288260333186,0.0049014287069439
2,Graph-MLP (no scan),2,0.0028917219451286,0.0050181839615106
2,Graph-MLP (no scan),3,0.0028027076937472,0.004776217509061
2,Graph-MLP (no scan),4,0.0026142473948998,0.0047311764210462
2,Graph-MLP (no scan),5,0.0024948790468436,0.0048786886036396
2,Graph-MLP (no scan),6,0.0023756409323566,0.0046675484627485
2,Graph-MLP (no scan),7,0.0023235341436866,0.0049628349952399
2,Graph-MLP (no scan),8,0.0022900810987829,0.005174599122256
2,Graph-MLP (no scan),9,0.0022936144043028,0.0051798657514154
2,Graph-MLP (no scan),10,0.0022109332021238,0.0053279264830052
2,Graph-MLP (no scan),11,0.0020799201363764,0.0052427612245082
2,Graph-MLP (no scan),12,0.0020074795114157,0.005294403526932
2,Graph-MLP (no scan),13,0.0019429581811008,0.0053952452726662
2,Graph-MLP (no scan),14,0.0021570892016262,0.0051068882457911
2,Graph-MLP (no scan),15,0.0022158275472281,0.0053580747917294
2,Graph-MLP (no scan),16,0.0020334360687222,0.0045115500688552
2,Graph-MLP (no scan),17,0.0018915816297312,0.004816002678126
2,Graph-MLP (no scan),18,0.0017792133031506,0.0046168635599315
2,Graph-MLP (no scan),19,0.0017684537862099,0.004739249125123
2,Graph-MLP (no scan),20,0.0018716430477462,0.0046607148833572
2,Graph-MLP (no scan),21,0.0018428830955874,0.0048966486938297
2,Graph-MLP (no scan),22,0.0017633070505941,0.0046182763762772
2,Graph-MLP (no scan),23,0.0016738758355432,0.0046162940561771
2,Graph-MLP (no scan),24,0.0017239224984772,0.005029724445194
2,Graph-MLP (no scan),25,0.0017933251718126,0.0045898286625742
2,Graph-MLP (no scan),26,0.0018040062650274,0.0048915357328951
2,Graph-MLP (no scan),27,0.0018717531917161,0.0045770788565278
2,Graph-MLP (no scan),28,0.0017196534464484,0.004894545301795
2,Graph-MLP (no scan),29,0.0016916452826623,0.0046112271957099
2,Graph-MLP (no scan),30,0.0016089518196049,0.0045163282193243
2,Graph-MLP (no scan),31,0.0015606640087668,0.004432441201061
2,Graph-MLP (no scan),32,0.0014945300490253,0.0043935803696513
2,Graph-MLP (no scan),33,0.0014726744308102,0.0043772817589342
2,Graph-MLP (no scan),34,0.0014466939380111,0.0044812732376158
2,Graph-MLP (no scan),35,0.0014071887804583,0.0042347856797277
2,Graph-MLP (no scan),36,0.0014392678280823,0.004393994808197
2,Graph-MLP (no scan),37,0.0014571816029811,0.0044209295883774
2,Graph-MLP (no scan),38,0.0014995459053437,0.0043236082419753
2,Graph-MLP (no scan),39,0.0014710116129797,0.0044067078270018
2,Graph-MLP (no scan),40,0.0014724419192618,0.0047213123179972
2,Graph-MLP (no scan),41,0.0016788926730166,0.0043438174761831
2,Graph-MLP (no scan),42,0.0017329962026301,0.0045233131386339
2,Graph-MLP (no scan),43,0.0015232798202874,0.0043056444264948
2,Graph-MLP (no scan),44,0.001422618825672,0.0043212133459746
2,Graph-MLP (no scan),45,0.0013628091517393,0.0042692604474723
2,Graph-MLP (no scan),46,0.0013728808601581,0.0041726399213075
2,Graph-MLP (no scan),47,0.0014679981881364,0.0043179546482861
2,Graph-MLP (no scan),48,0.0013957109508312,0.0043720197863876
2,Graph-MLP (no scan),49,0.0013272725548193,0.0041982480324804
2,Graph-MLP (no scan),50,0.0013002158015323,0.0043497076258063
2,Graph-MLP (no scan),51,0.001420466312234,0.004266451112926
2,Graph-MLP (no scan),52,0.0013830942920871,0.0042064622975885
2,Graph-MLP (no scan),53,0.0016590847031601,0.0048421160317957
2,Graph-MLP (no scan),54,0.0015928087841464,0.0045180837623775
2,Graph-MLP (no scan),55,0.0014366509289005,0.0042360024526715
2,Graph-MLP (no scan),56,0.0012811196904307,0.0041605350561439
2,Graph-MLP (no scan),57,0.0013242598728564,0.0042346720583736
2,Graph-MLP (no scan),58,0.0012917797246163,0.0042118742130696
2,Graph-MLP (no scan),59,0.0012786652902878,0.0041680787689983
2,Graph-MLP (no scan),60,0.0012810156335585,0.0042295698076486
2,Graph-MLP (no scan),61,0.0012248260364365,0.0042743165977299
2,Graph-MLP (no scan),62,0.0012319238543202,0.0041307508945465
2,Graph-MLP (no scan),63,0.0012490411218684,0.0042468979954719
2,Graph-MLP (no scan),64,0.0018901703895987,0.0047118030488491
2,Graph-MLP (no scan),65,0.0018278401857576,0.00436796201393
2,Graph-MLP (no scan),66,0.0016138778594087,0.0042570014484226
2,Graph-MLP (no scan),67,0.0013843234234804,0.0040319026447832
2,Graph-MLP (no scan),68,0.0012602705748001,0.0040814946405589
2,Graph-MLP (no scan),69,0.001218943342419,0.0039861691184341
2,Graph-MLP (no scan),70,0.0011818111051718,0.0041903150267899
2,Graph-MLP (no scan),71,0.0011321414938772,0.0041247294284403
2,Graph-MLP (no scan),72,0.0011739174537226,0.0041088787838816
2,Graph-MLP (no scan),73,0.0011922961868104,0.0040440610609948
2,Graph-MLP (no scan),74,0.0012207207045511,0.004113589413464
2,Graph-MLP (no scan),75,0.0011844373778808,0.0040202918462455
2,Graph-MLP (no scan),76,0.0011501990569832,0.0040776757523417
2,Graph-MLP (no scan),77,0.0011378093631,0.0039670094847679
2,Graph-MLP (no scan),78,0.001108989269027,0.0040962882339954
2,Graph-MLP (no scan),79,0.0011041545252174,0.0039574592374265
2,Graph-MLP (no scan),80,0.0011005565790432,0.0042313658632338
2,Graph-MLP (no scan),81,0.0010773142776284,0.0040412913076579
2,Graph-MLP (no scan),82,0.0010446435721631,0.0040853745304048
2,Graph-MLP (no scan),83,0.0010740837926487,0.0041268216446042
2,Graph-MLP (no scan),84,0.0011360967132303,0.0042573283426463
2,Graph-MLP (no scan),85,0.0012142543995873,0.0041880384087562
2,Graph-MLP (no scan),86,0.0011093301569587,0.0040200864896178
2,Graph-MLP (no scan),87,0.0010485149997038,0.0040871179662644
2,Graph-MLP (no scan),88,0.0010463177090805,0.0040732412599027
2,Graph-MLP (no scan),89,0.0010341186354459,0.0042270692065358
2,Graph-MLP (no scan),90,0.0010719810530422,0.004192822612822
2,Graph-MLP (no scan),91,0.0010723432914601,0.0040712510235607
2,Graph-MLP (no scan),92,0.0010574073823865,0.004174755886197
2,Graph-MLP (no scan),93,0.0009823498557315,0.0040977224707603
2,Graph-MLP (no scan),94,0.0009777183299415,0.0041700680740177
3,GCP-Mamba (Delta only),0,0.0039733909987703,0.0039273854345083
3,GCP-Mamba (Delta only),1,0.0040276116324645,0.0038319625891745
3,GCP-Mamba (Delta only),2,0.0038142808656575,0.0037666505668312
3,GCP-Mamba (Delta only),3,0.0035368354539528,0.003882490331307
3,GCP-Mamba (Delta only),4,0.003343458915355,0.0037978610489517
3,GCP-Mamba (Delta only),5,0.0030820453221994,0.0040977513417601
3,GCP-Mamba (Delta only),6,0.0036883594778676,0.0040544872172176
3,GCP-Mamba (Delta only),7,0.0034479274252203,0.0038037586491554
3,GCP-Mamba (Delta only),8,0.0030068335172748,0.0038146660663187
3,GCP-Mamba (Delta only),9,0.0026586498839385,0.0035065112169831
3,GCP-Mamba (Delta only),10,0.002524671525779,0.0035912774037569
3,GCP-Mamba (Delta only),11,0.0023428216068582,0.0037377614062279
3,GCP-Mamba (Delta only),12,0.0023973725990138,0.0041720070876181
3,GCP-Mamba (Delta only),13,0.0029516163225652,0.0040489318780601
3,GCP-Mamba (Delta only),14,0.0026103102101125,0.0039772186428308
3,GCP-Mamba (Delta only),15,0.0022510164840654,0.0036818059161305
3,GCP-Mamba (Delta only),16,0.0021130600803051,0.0040204455144703
3,GCP-Mamba (Delta only),17,0.002358261167749,0.0033497216645628
3,GCP-Mamba (Delta only),18,0.0021469617565868,0.003561622230336
3,GCP-Mamba (Delta only),19,0.0020005661874275,0.0033649723045527
3,GCP-Mamba (Delta only),20,0.001919972071791,0.0034516621381044
3,GCP-Mamba (Delta only),21,0.0018923015608875,0.0034015583805739
3,GCP-Mamba (Delta only),22,0.0018618053026412,0.003383554983884
3,GCP-Mamba (Delta only),23,0.0017884523382015,0.0033481339924037
3,GCP-Mamba (Delta only),24,0.0017729437148029,0.0033096969127655
3,GCP-Mamba (Delta only),25,0.0018088490046052,0.0033325671683996
3,GCP-Mamba (Delta only),26,0.0016888582401654,0.003257054137066
3,GCP-Mamba (Delta only),27,0.0017860218614452,0.0032571372576057
3,GCP-Mamba (Delta only),28,0.0018081120038969,0.003361964598298
3,GCP-Mamba (Delta only),29,0.0017442720532981,0.003313269233331
3,GCP-Mamba (Delta only),30,0.0018395182436727,0.0034623600076884
3,GCP-Mamba (Delta only),31,0.0024343238875382,0.0034020445309579
3,GCP-Mamba (Delta only),32,0.0020294317192482,0.0032414146699011
3,GCP-Mamba (Delta only),33,0.0018087933404427,0.003058590227738
3,GCP-Mamba (Delta only),34,0.0016621301977217,0.0031323984730988
3,GCP-Mamba (Delta only),35,0.0015611029582831,0.0029338030144572
3,GCP-Mamba (Delta only),36,0.0014948695192508,0.0031555606983602
3,GCP-Mamba (Delta only),37,0.0014903101378656,0.0028868045192211
3,GCP-Mamba (Delta only),38,0.0015811427588094,0.003295226721093
3,GCP-Mamba (Delta only),39,0.0015084124593572,0.0029906034469604
3,GCP-Mamba (Delta only),40,0.0015139285877177,0.0032996025402098
3,GCP-Mamba (Delta only),41,0.0013780092192587,0.0029824904631823
3,GCP-Mamba (Delta only),42,0.0013550552327863,0.00295339548029
3,GCP-Mamba (Delta only),43,0.001438506642554,0.0031729650218039
3,GCP-Mamba (Delta only),44,0.0014402434780177,0.0029966230504214
3,GCP-Mamba (Delta only),45,0.0013705033590226,0.0030644678045064
3,GCP-Mamba (Delta only),46,0.0014129055656887,0.0032014902681112
3,GCP-Mamba (Delta only),47,0.0013548524619898,0.0029587333556264
3,GCP-Mamba (Delta only),48,0.0015575820544847,0.0031939130276441
3,GCP-Mamba (Delta only),49,0.0016517959302291,0.0028980749193578
3,GCP-Mamba (Delta only),50,0.0014755087551858,0.0031752604991197
3,GCP-Mamba (Delta only),51,0.0014695458565697,0.0027802505064755
3,GCP-Mamba (Delta only),52,0.0013599824477833,0.0028807474300265
3,GCP-Mamba (Delta only),53,0.0012919147759958,0.002878199564293
3,GCP-Mamba (Delta only),54,0.0012670597731784,0.003128477372229
3,GCP-Mamba (Delta only),55,0.0012405615363439,0.0029258036520332
3,GCP-Mamba (Delta only),56,0.0013264977041575,0.0031008154619485
3,GCP-Mamba (Delta only),57,0.0012507456968623,0.0030075989197939
3,GCP-Mamba (Delta only),58,0.0012219235209296,0.0029533905908465
3,GCP-Mamba (Delta only),59,0.0011984953184075,0.0028951067943125
3,GCP-Mamba (Delta only),60,0.0011669770059542,0.0029540592804551
3,GCP-Mamba (Delta only),61,0.001163704740589,0.002947291592136
3,GCP-Mamba (Delta only),62,0.0012475608329457,0.0029645329341292
3,GCP-Mamba (Delta only),63,0.0011803540489354,0.0028038215823471
3,GCP-Mamba (Delta only),64,0.0011389135280765,0.0029938691295683
3,GCP-Mamba (Delta only),65,0.0016197218616126,0.0031137515325099
3,GCP-Mamba (Delta only),66,0.0015845188525307,0.0031786975450813
3,GCP-Mamba (perm. graph),0,0.0040633316772679,0.0039421711117029
3,GCP-Mamba (perm. graph),1,0.0038846582597629,0.0037636149208992
3,GCP-Mamba (perm. graph),2,0.0036568091053402,0.0037759819533675
3,GCP-Mamba (perm. graph),3,0.0036077216959022,0.0040295105427503
3,GCP-Mamba (perm. graph),4,0.0034810062921182,0.0037342710420489
3,GCP-Mamba (perm. graph),5,0.0031201482651698,0.0041143684647977
3,GCP-Mamba (perm. graph),6,0.0028651517350226,0.0037783926818519
3,GCP-Mamba (perm. graph),7,0.0027462847982392,0.0041292631067335
3,GCP-Mamba (perm. graph),8,0.0027847528725749,0.0037686228752136
3,GCP-Mamba (perm. graph),9,0.0025774218974578,0.0040915003046393
3,GCP-Mamba (perm. graph),10,0.0026903901686609,0.0035392416175454
3,GCP-Mamba (perm. graph),11,0.0024862519860493,0.0038324319757521
3,GCP-Mamba (perm. graph),12,0.0023796778087588,0.0036091678775846
3,GCP-Mamba (perm. graph),13,0.0023359736554663,0.0038388867396861
3,GCP-Mamba (perm. graph),14,0.002265089276162,0.0041027525439858
3,GCP-Mamba (perm. graph),15,0.0020882856404183,0.0033975872211158
3,GCP-Mamba (perm. graph),16,0.0019964494911784,0.0039355736225843
3,GCP-Mamba (perm. graph),17,0.0023132035099534,0.0036654605064541
3,GCP-Mamba (perm. graph),18,0.0022157195207634,0.0037924803327769
3,GCP-Mamba (perm. graph),19,0.0025945884584816,0.0035508354194462
3,GCP-Mamba (perm. graph),20,0.0022110421930185,0.0035943863913416
3,GCP-Mamba (perm. graph),21,0.0019110615195875,0.0035533853806555
3,GCP-Mamba (perm. graph),22,0.001886771614381,0.0036100179422646
3,GCP-Mamba (perm. graph),23,0.0018125857353549,0.0034942796919494
3,GCP-Mamba (perm. graph),24,0.0018235453594983,0.0034101195633411
3,GCP-Mamba (perm. graph),25,0.0017801321598447,0.0036178480368107
3,GCP-Mamba (perm. graph),26,0.0018167449267242,0.0035247104242444
3,GCP-Mamba (perm. graph),27,0.0017338335711621,0.0033294758759438
3,GCP-Mamba (perm. graph),28,0.0016876742257877,0.0037033627741038
3,GCP-Mamba (perm. graph),29,0.0018326084792726,0.0039038143586367
3,GCP-Mamba (perm. graph),30,0.0019443445719044,0.0041169254109263
3,GCP-Mamba (perm. graph),31,0.0020955014959767,0.0037028801161795
3,GCP-Mamba (perm. graph),32,0.0018778173182385,0.0035316473804414
3,GCP-Mamba (perm. graph),33,0.0017263811243923,0.0033530411310493
3,GCP-Mamba (perm. graph),34,0.0023163345035617,0.0034884670749306
3,GCP-Mamba (perm. graph),35,0.0020303288474678,0.0042509492486715
3,GCP-Mamba (perm. graph),36,0.0018880008296533,0.0033127490896731
3,GCP-Mamba (perm. graph),37,0.0016983558148653,0.0036148072686046
3,GCP-Mamba (perm. graph),38,0.0016105738856519,0.0032138270325958
3,GCP-Mamba (perm. graph),39,0.0015352086241667,0.0036893498618155
3,GCP-Mamba (perm. graph),40,0.0015475080352079,0.0032160263508558
3,GCP-Mamba (perm. graph),41,0.0014913118811267,0.0033311820589005
3,GCP-Mamba (perm. graph),42,0.0014863333622501,0.0035682746674865
3,GCP-Mamba (perm. graph),43,0.0014608675282392,0.0033364482223987
3,GCP-Mamba (perm. graph),44,0.001473766917391,0.0035385298542678
3,GCP-Mamba (perm. graph),45,0.0014993687456643,0.003230582922697
3,GCP-Mamba (perm. graph),46,0.0014321609421379,0.0032747494988143
3,GCP-Mamba (perm. graph),47,0.0014607559388616,0.0034497126471251
3,GCP-Mamba (perm. graph),48,0.0015284067132707,0.0035961354151368
3,GCP-Mamba (perm. graph),49,0.0015308013658575,0.003192723961547
3,GCP-Mamba (perm. graph),50,0.0014421821653024,0.0032009307760745
3,GCP-Mamba (perm. graph),51,0.0014558322374906,0.0032745369244366
3,GCP-Mamba (perm. graph),52,0.0016071599463678,0.0033514269161969
3,GCP-Mamba (perm. graph),53,0.001433398758033,0.0031956292223185
3,GCP-Mamba (perm. graph),54,0.001331901618731,0.003068376565352
3,GCP-Mamba (perm. graph),55,0.0014129071884478,0.0035422511864453
3,GCP-Mamba (perm. graph),56,0.0013472879566534,0.0031115398742258
3,GCP-Mamba (perm. graph),57,0.0012867008018392,0.0032402193173766
3,GCP-Mamba (perm. graph),58,0.001304903072058,0.0032117422670125
3,GCP-Mamba (perm. graph),59,0.0013195495897283,0.0033886807505041
3,GCP-Mamba (perm. graph),60,0.0013589742840408,0.0032491940073668
3,GCP-Mamba (perm. graph),61,0.0012396814717882,0.003305529942736
3,GCP-Mamba (perm. graph),62,0.0013018972981213,0.0031313919462263
3,GCP-Mamba (perm. graph),63,0.0013103209696992,0.0031420721206814
3,GCP-Mamba (perm. graph),64,0.0012282281055707,0.0032583638094365
3,GCP-Mamba (perm. graph),65,0.0011785604610023,0.003142706817016
3,GCP-Mamba (perm. graph),66,0.0011807321888309,0.0030960158910602
3,GCP-Mamba (perm. graph),67,0.0012930803967526,0.003927026875317
3,GCP-Mamba (perm. graph),68,0.0015629425673096,0.0037609522696584
3,GCP-Mamba (perm. graph),69,0.0014959078557281,0.0031304247677326
3,GCP-Mamba (random order),0,0.0040546833170634,0.0039251204580068
3,GCP-Mamba (random order),1,0.0039017884498179,0.0038904566317796
3,GCP-Mamba (random order),2,0.0036667118371097,0.0039300695061683
3,GCP-Mamba (random order),3,0.0037216594104062,0.003955558873713
3,GCP-Mamba (random order),4,0.0034447936200057,0.0042978827841579
3,GCP-Mamba (random order),5,0.0032969831989965,0.0063255946151912
3,GCP-Mamba (random order),6,0.0038517599741956,0.0058316984213888
3,GCP-Mamba (random order),7,0.0035249194214967,0.0044373697601258
3,GCP-Mamba (random order),8,0.0032327063240562,0.004182344302535
3,GCP-Mamba (random order),9,0.00301358451587,0.0038155014626681
3,GCP-Mamba (random order),10,0.0027412031494984,0.0038780232425779
3,GCP-Mamba (random order),11,0.0025328677994283,0.0038960636593401
3,GCP-Mamba (random order),12,0.0023617848302378,0.0037421502638608
3,GCP-Mamba (random order),13,0.002289267685476,0.0037717635277658
3,GCP-Mamba (random order),14,0.0025407179597426,0.0050952020101249
3,GCP-Mamba (random order),15,0.0026743769553969,0.0042662136256694
3,GCP-Mamba (random order),16,0.0024845330044627,0.0042443210259079
3,GCP-Mamba (random order),17,0.0027160668872635,0.0038165771402418
3,GCP-Mamba (random order),18,0.0024817856734223,0.0042215059511363
3,GCP-Mamba (random order),19,0.0022356479823815,0.0036288131959736
3,GCP-Mamba (random order),20,0.0020500833069849,0.0036240362096577
3,GCP-Mamba (random order),21,0.0019764690942159,0.003511962480843
3,GCP-Mamba (random order),22,0.0019570520239402,0.0036221295595169
3,GCP-Mamba (random order),23,0.0019008090585526,0.0036646018270403
3,GCP-Mamba (random order),24,0.0018601051856283,0.0035081026144325
3,GCP-Mamba (random order),25,0.001898667150685,0.003376011038199
3,GCP-Mamba (random order),26,0.0018525365634228,0.0032793944701552
3,GCP-Mamba (random order),27,0.0018406037918545,0.003451112890616
3,GCP-Mamba (random order),28,0.0018838196357881,0.0036089411005377
3,GCP-Mamba (random order),29,0.0018329186343841,0.0034530153498053
3,GCP-Mamba (random order),30,0.0018251390146994,0.0034674706403166
3,GCP-Mamba (random order),31,0.0019491337183298,0.00361467176117
3,GCP-Mamba (random order),32,0.0018266096824046,0.0034947581589221
3,GCP-Mamba (random order),33,0.001961147193938,0.0035704998299479
3,GCP-Mamba (random order),34,0.0043547548579447,0.0040558720938861
3,GCP-Mamba (random order),35,0.0036851947167606,0.0031947735697031
3,GCP-Mamba (random order),36,0.0027576417902089,0.0032083010300993
3,GCP-Mamba (random order),37,0.0023088381893819,0.0032046255655586
3,GCP-Mamba (random order),38,0.0019462254448709,0.003150766249746
3,GCP-Mamba (random order),39,0.0017952999315281,0.0034621460363268
3,GCP-Mamba (random order),40,0.0016969532342486,0.0032712102402001
3,GCP-Mamba (random order),41,0.0016571911771527,0.0032182082068175
3,GCP-Mamba (random order),42,0.0016665994083847,0.0037358950357884
3,GCP-Mamba (random order),43,0.0015811667650599,0.0033347604330629
3,GCP-Mamba (random order),44,0.0015978996754821,0.0035198219120502
3,GCP-Mamba (random order),45,0.001667628569218,0.0034987812396138
3,GCP-Mamba (random order),46,0.0016261996052256,0.0033882395364344
3,GCP-Mamba (random order),47,0.0015872697148359,0.0034112690482288
3,GCP-Mamba (random order),48,0.0015461329885786,0.003149532712996
3,GCP-Mamba (random order),49,0.0015798936171146,0.0032883228268474
3,GCP-Mamba (random order),50,0.001527313100682,0.0033502809237688
3,GCP-Mamba (random order),51,0.0015848345250229,0.0033383038826286
3,GCP-Mamba (random order),52,0.0019688076431383,0.0037284798454493
3,GCP-Mamba (random order),53,0.0018597400719017,0.0034709428437054
3,GCP-Mamba (random order),54,0.0016340056582438,0.0033648530952632
3,GCP-Mamba (random order),55,0.0015263981291685,0.0033211752306669
3,GCP-Mamba (random order),56,0.0014381386748881,0.0032716447021812
3,GCP-Mamba (random order),57,0.001377915647798,0.0031508288811892
3,GCP-Mamba (random order),58,0.0014137509913945,0.0034942745696753
3,GCP-Mamba (random order),59,0.0013854722739338,0.0031239443924278
3,GCP-Mamba (random order),60,0.0013473773495096,0.0032477900385856
3,GCP-Mamba (random order),61,0.0013592154436716,0.0031902699265629
3,GCP-Mamba (random order),62,0.0013392279312635,0.0032958500087261
3,GCP-Mamba (random order),63,0.0013320385266772,0.0033705257810652
3,GCP-Mamba (random order),64,0.001487061769391,0.0033639888279139
3,GCP-Mamba (random order),65,0.0014499631061246,0.0033197894226759
3,GCP-Mamba (random order),66,0.0013530828714878,0.0030929073691368
3,GCP-Mamba (random order),67,0.001451601374852,0.0034389323554933
3,GCP-Mamba (random order),68,0.0013601458560901,0.0033417376689612
3,GCP-Mamba (random order),69,0.0013774653198197,0.0031886289361864
3,GCP-Mamba (random order),70,0.0013252747717849,0.0033200117759406
3,GCP-Mamba (random order),71,0.0012303838174733,0.0033038856927305
3,GCP-Mamba (random order),72,0.0012694285180645,0.003229938680306
3,GCP-Mamba (random order),73,0.0012249564505041,0.0033102289307862
3,GCP-Mamba (random order),74,0.0011910050366581,0.0032373880967497
3,GCP-Mamba (random order),75,0.0011981287018649,0.0033190352842211
3,GCP-Mamba (random order),76,0.0011990602502147,0.0038122383411973
3,GCP-Mamba (random order),77,0.0012369415525234,0.00348466867581
3,GCP-Mamba (random order),78,0.001231207325349,0.0032117199152708
3,GCP-Mamba (random order),79,0.0012462367092005,0.0034359798301011
3,GCP-Mamba (random order),80,0.0011922100728208,0.0031919998582452
3,GCP-Mamba (random order),81,0.0011568013402266,0.0033085241448134
3,Mamba (no graph),0,0.0039733910128812,0.003927384968847
3,Mamba (no graph),1,0.0040276116889083,0.0038319625891745
3,Mamba (no graph),2,0.0038142810067669,0.0037666505668312
3,Mamba (no graph),3,0.003536835651506,0.003882490331307
3,Mamba (no graph),4,0.0033434595503477,0.0037978617474436
3,Mamba (no graph),5,0.0030820450152863,0.0040977504104375
3,Mamba (no graph),6,0.0036883585394896,0.0040544876828789
3,Mamba (no graph),7,0.0034479299052195,0.0038037616759538
3,Mamba (no graph),8,0.0030068360290236,0.0038146725855767
3,Mamba (no graph),9,0.0026586508858158,0.0035065133124589
3,Mamba (no graph),10,0.0025246633202627,0.0035912834573537
3,Mamba (no graph),11,0.0023428275687337,0.0037377974949777
3,Mamba (no graph),12,0.0023974128928261,0.00417200056836
3,Mamba (no graph),13,0.0029516424489856,0.0040489910170435
3,Mamba (no graph),14,0.0026103654932795,0.0039771827869117
3,Mamba (no graph),15,0.0022510761028212,0.0036818562075495
3,Mamba (no graph),16,0.0021131144215663,0.0040204869583249
3,Mamba (no graph),17,0.0023583210863624,0.0033497314434498
3,Mamba (no graph),18,0.0021470152264968,0.0035617114044725
3,Mamba (no graph),19,0.002000633214431,0.0033650009427219
3,Mamba (no graph),20,0.0019199978736596,0.0034516544546931
3,Mamba (no graph),21,0.0018923183811376,0.0034017495345324
3,Mamba (no graph),22,0.0018618545992384,0.0033836560323834
3,Mamba (no graph),23,0.0017885028060074,0.0033482536673545
3,Mamba (no graph),24,0.0017730379900471,0.0033099995926022
3,Mamba (no graph),25,0.0018089674307372,0.0033329215366393
3,Mamba (no graph),26,0.001688979139241,0.0032572133932262
3,Mamba (no graph),27,0.0017858280405176,0.0032564944121986
3,Mamba (no graph),28,0.0018078901304044,0.003362318733707
3,Mamba (no graph),29,0.0017442167701312,0.0033133516553789
3,Mamba (no graph),30,0.0018393553116104,0.0034626859705895
3,Mamba (no graph),31,0.0024357211324527,0.0034028806257992
3,Mamba (no graph),32,0.0020306826018812,0.0032417480833828
3,Mamba (no graph),33,0.0018086390583917,0.0030594512354582
3,Mamba (no graph),34,0.0016622674125811,0.0031333139631897
3,Mamba (no graph),35,0.0015615386690831,0.002934091258794
3,Mamba (no graph),36,0.0014952579301527,0.0031561751384288
3,Mamba (no graph),37,0.001490348699559,0.0028870129026472
3,Mamba (no graph),38,0.0015812438566971,0.0032952309120446
3,Mamba (no graph),39,0.0015083925999616,0.002991322427988
3,Mamba (no graph),40,0.0015144275085097,0.003302052617073
3,Mamba (no graph),41,0.0013781724441232,0.0029813307337462
3,Mamba (no graph),42,0.0013530279657888,0.0029483111575245
3,Mamba (no graph),43,0.0014319832112188,0.0031608319841325
3,Mamba (no graph),44,0.0014408678804157,0.0029878658242523
3,Mamba (no graph),45,0.0013705076593341,0.0030669423285871
3,Mamba (no graph),46,0.0014167288953269,0.0032334432471543
3,Mamba (no graph),47,0.001398859538533,0.0029802832286804
3,Mamba (no graph),48,0.0016199457953034,0.003175898687914
3,Mamba (no graph),49,0.001598616815031,0.0029116342775523
3,Mamba (no graph),50,0.0014792921931736,0.0031572279985994
3,Mamba (no graph),51,0.0014291209112288,0.0027523224707692
3,Mamba (no graph),52,0.00132715080646,0.0028824964538216
3,Mamba (no graph),53,0.0012700405592719,0.0029074081685394
3,Mamba (no graph),54,0.0012715655505995,0.0031042108312249
3,Mamba (no graph),55,0.001240309472478,0.0029318260494619
3,Mamba (no graph),56,0.0013237943675256,0.0030479573179036
3,Mamba (no graph),57,0.001248763969422,0.0030057574622333
3,Mamba (no graph),58,0.0012031109142822,0.002929876325652
3,Mamba (no graph),59,0.0011857857462018,0.0028824671171605
3,Mamba (no graph),60,0.0011496054587151,0.0030320873484015
3,Mamba (no graph),61,0.001146086791502,0.0028976765461266
3,Mamba (no graph),62,0.0012465127810807,0.0028863088227808
3,Mamba (no graph),63,0.0011872365774417,0.0028644590638577
3,Mamba (no graph),64,0.001147961968937,0.0029620009008795
3,Mamba (no graph),65,0.0012481337956463,0.0028819467406719
3,Mamba (no graph),66,0.0012161189506789,0.0028190112207084
4,GCP-Mamba,0,0.0042386675846474,0.0035342720802873
4,GCP-Mamba,1,0.0039809746098228,0.0033595953136682
4,GCP-Mamba,2,0.0037300568677002,0.002948077628389
4,GCP-Mamba,3,0.0035191432509249,0.0028403846081346
4,GCP-Mamba,4,0.0032851829414637,0.0035989484749734
4,GCP-Mamba,5,0.0035234416714407,0.0027896664105355
4,GCP-Mamba,6,0.0032929678869654,0.002732906024903
4,GCP-Mamba,7,0.0030045500845923,0.0025692014023661
4,GCP-Mamba,8,0.0027340818213285,0.0023934612981975
4,GCP-Mamba,9,0.0025441499699992,0.0023042415268719
4,GCP-Mamba,10,0.0024278504198597,0.0022783251479268
4,GCP-Mamba,11,0.0024831140356928,0.0021746649872511
4,GCP-Mamba,12,0.0024461184641708,0.0021847370080649
4,GCP-Mamba,13,0.0025952033474103,0.0030198628082871
4,GCP-Mamba,14,0.00281090482654,0.002827531658113
4,GCP-Mamba,15,0.0025154042012466,0.0021642767824232
4,GCP-Mamba,16,0.0022628695332183,0.0020380341447889
4,GCP-Mamba,17,0.0021396363304807,0.002076011383906
4,GCP-Mamba,18,0.0021734256783111,0.001980046974495
4,GCP-Mamba,19,0.0020680520968283,0.0021385091822594
4,GCP-Mamba,20,0.0020301734472511,0.002065549371764
4,GCP-Mamba,21,0.002051592580036,0.0020610478240996
4,GCP-Mamba,22,0.002115483633611,0.0020544277504086
4,GCP-Mamba,23,0.0021863828275835,0.0021141504403203
4,GCP-Mamba,24,0.0021865837855545,0.002184065291658
4,GCP-Mamba,25,0.0021720433560796,0.0020852598827332
4,GCP-Mamba,26,0.0019744469251537,0.0019891783595085
4,GCP-Mamba,27,0.0018660621952077,0.0018981135217472
4,GCP-Mamba,28,0.0018384148251171,0.0020275928545743
4,GCP-Mamba,29,0.0018571217321596,0.0021349196322262
4,GCP-Mamba,30,0.0019485271961274,0.0021159802563488
4,GCP-Mamba,31,0.0017818810272519,0.0018999128369614
4,GCP-Mamba,32,0.0017131059141595,0.0020498323719948
4,GCP-Mamba,33,0.0017704365769964,0.0019165824633091
4,GCP-Mamba,34,0.0016825748749894,0.0019338496495038
4,GCP-Mamba,35,0.0016278083982254,0.0019165406702086
4,GCP-Mamba,36,0.0015812237075322,0.0019828716758638
4,GCP-Mamba,37,0.0015963651256622,0.0020370103884488
4,GCP-Mamba,38,0.0015205518759639,0.0019230941543355
4,GCP-Mamba,39,0.0015600416089052,0.0019156226189807
4,GCP-Mamba,40,0.0017286491062719,0.0024031528737396
4,GCP-Mamba,41,0.0022306733625679,0.002564191352576
4,GCP-Mamba,42,0.0021284348833903,0.0021459986455738
4,GCP-Mamba (Delta only),0,0.0044311458335371,0.0036540222354233
4,GCP-Mamba (Delta only),1,0.0040791687629312,0.0032958195079118
4,GCP-Mamba (Delta only),2,0.0038063543004472,0.003160968190059
4,GCP-Mamba (Delta only),3,0.0037061721287506,0.0029424326494336
4,GCP-Mamba (Delta only),4,0.0034088714788634,0.0028564573731273
4,GCP-Mamba (Delta only),5,0.0032416162007361,0.0025766524486243
4,GCP-Mamba (Delta only),6,0.0034180764651609,0.0030429989565163
4,GCP-Mamba (Delta only),7,0.0032143976636525,0.002614926546812
4,GCP-Mamba (Delta only),8,0.0028300303061285,0.0023465198464691
4,GCP-Mamba (Delta only),9,0.0026878451161327,0.002278008731082
4,GCP-Mamba (Delta only),10,0.0025109043277853,0.0022865098435431
4,GCP-Mamba (Delta only),11,0.0024492422607894,0.0034498609602451
4,GCP-Mamba (Delta only),12,0.00269501146244,0.0022345124743878
4,GCP-Mamba (Delta only),13,0.0024018152600167,0.002174969529733
4,GCP-Mamba (Delta only),14,0.0023022606288813,0.002170207677409
4,GCP-Mamba (Delta only),15,0.0023590016996206,0.0023051786702126
4,GCP-Mamba (Delta only),16,0.0021923119286008,0.0020511753391474
4,GCP-Mamba (Delta only),17,0.0021653206777765,0.0022416445426642
4,GCP-Mamba (Delta only),18,0.0021201446275528,0.0020014238543808
4,GCP-Mamba (Delta only),19,0.0020419237515453,0.0022868246305733
4,GCP-Mamba (Delta only),20,0.002028285127917,0.0020657153800129
4,GCP-Mamba (Delta only),21,0.0019375788602348,0.00199940870516
4,GCP-Mamba (Delta only),22,0.0019234577880622,0.0019902836065739
4,GCP-Mamba (Delta only),23,0.0018198871691945,0.0019415095448493
4,GCP-Mamba (Delta only),24,0.0017731525925182,0.0018581888871267
4,GCP-Mamba (Delta only),25,0.0017263238693473,0.0018362371483817
4,GCP-Mamba (Delta only),26,0.0017098463010612,0.0019411885878071
4,GCP-Mamba (Delta only),27,0.0016638432816173,0.0017988090403378
4,GCP-Mamba (Delta only),28,0.0017042343333872,0.0029374100267887
4,GCP-Mamba (Delta only),29,0.0018766275146413,0.001898985588923
4,GCP-Mamba (Delta only),30,0.0018157964009496,0.0020013228058815
4,GCP-Mamba (Delta only),31,0.0018508078617532,0.0025564327370375
4,GCP-Mamba (Delta only),32,0.0023622746988058,0.0026701998431235
4,GCP-Mamba (Delta only),33,0.002210755118926,0.0021154785063117
4,GCP-Mamba (Delta only),34,0.0019478022125918,0.0021265971008688
4,GCP-Mamba (Delta only),35,0.001614525174243,0.0018660747446119
4,GCP-Mamba (Delta only),36,0.001509769288689,0.0019142790697515
4,GCP-Mamba (Delta only),37,0.0014820857209709,0.0018450597999617
4,GCP-Mamba (Delta only),38,0.0014301666591262,0.0018403491703793
4,GCP-Mamba (Delta only),39,0.0013988570581531,0.0018274547765031
4,GCP-Mamba (Delta only),40,0.0014399644774686,0.001835128525272
4,GCP-Mamba (Delta only),41,0.0014025030277414,0.0017630738439038
4,GCP-Mamba (Delta only),42,0.001378429738684,0.001837553223595
4,GCP-Mamba (Delta only),43,0.0013969249884336,0.0018404811853542
4,GCP-Mamba (Delta only),44,0.0013416340970769,0.0018136512953788
4,GCP-Mamba (Delta only),45,0.001341197527476,0.0017949535977095
4,GCP-Mamba (Delta only),46,0.0013341821852414,0.0018042733427137
4,GCP-Mamba (Delta only),47,0.0013887246320251,0.0017894594930112
4,GCP-Mamba (Delta only),48,0.0012914247713688,0.0018032055813819
4,GCP-Mamba (Delta only),49,0.0012749641356493,0.0017715282738208
4,GCP-Mamba (Delta only),50,0.001253291227513,0.0017472985200583
4,GCP-Mamba (Delta only),51,0.0012478770205764,0.0017739568138495
4,GCP-Mamba (Delta only),52,0.0012627325281199,0.0017606196925044
4,GCP-Mamba (Delta only),53,0.0012206299207005,0.0017398843774572
4,GCP-Mamba (Delta only),54,0.0012096722669758,0.0017524902941659
4,GCP-Mamba (Delta only),55,0.0011783130726569,0.0017710590036585
4,GCP-Mamba (Delta only),56,0.0012536961861664,0.0018170842668041
4,GCP-Mamba (Delta only),57,0.0014973286867624,0.0024965712800621
4,GCP-Mamba (Delta only),58,0.0026880421344083,0.0024209183175116
4,GCP-Mamba (Delta only),59,0.0020272271329094,0.0019336200784891
4,GCP-Mamba (Delta only),60,0.00150634184071,0.001871726475656
4,GCP-Mamba (Delta only),61,0.0012874436831074,0.0017875941703096
4,GCP-Mamba (Delta only),62,0.001242499292674,0.001809605397284
4,GCP-Mamba (Delta only),63,0.0012634293764173,0.0018061911687254
4,GCP-Mamba (Delta only),64,0.001182846724987,0.0018351066391915
4,GCP-Mamba (Delta only),65,0.0011989442001787,0.0018382840789854
4,GCP-Mamba (Delta only),66,0.0011707526629978,0.0018012605141848
4,GCP-Mamba (Delta only),67,0.0011400593588758,0.0017489921301603
4,GCP-Mamba (Delta only),68,0.0011010039547498,0.0017133067594841
4,GCP-Mamba (Delta only),69,0.0010718975246301,0.0017897502984851
4,GCP-Mamba (Delta only),70,0.0010554819265648,0.00179064553231
4,GCP-Mamba (Delta only),71,0.0010930431157471,0.0017891030292958
4,GCP-Mamba (Delta only),72,0.0011236356887899,0.0018237367039546
4,GCP-Mamba (Delta only),73,0.0013112993060825,0.0018416077364236
4,GCP-Mamba (Delta only),74,0.0011390294710495,0.001732183387503
4,GCP-Mamba (Delta only),75,0.0010458030830063,0.0019204770214855
4,GCP-Mamba (Delta only),76,0.0011457092892512,0.0018329626182094
4,GCP-Mamba (Delta only),77,0.0011356698195014,0.0019612798932939
4,GCP-Mamba (Delta only),78,0.0012799565154362,0.0020847038831561
4,GCP-Mamba (Delta only),79,0.0015759308564496,0.0025185800623148
4,GCP-Mamba (Delta only),80,0.0017395093484292,0.002121414989233
4,GCP-Mamba (Delta only),81,0.0012805136871229,0.0019001229666173
4,GCP-Mamba (Delta only),82,0.0011034651509512,0.0017802901566028
4,GCP-Mamba (Delta only),83,0.0010176985876353,0.0017608535708859
4,GCP-Mamba (perm. graph),0,0.0042521424102429,0.0035518074873834
4,GCP-Mamba (perm. graph),1,0.003977800474884,0.0033936472609639
4,GCP-Mamba (perm. graph),2,0.0037418025907584,0.0029757907614111
4,GCP-Mamba (perm. graph),3,0.0035330337713465,0.0028593924362212
4,GCP-Mamba (perm. graph),4,0.0032806594541175,0.0034465338103473
4,GCP-Mamba (perm. graph),5,0.0034797701770238,0.002727459417656
4,GCP-Mamba (perm. graph),6,0.0033144104234177,0.0027900279965251
4,GCP-Mamba (perm. graph),7,0.0030397493224725,0.0028523614164441
4,GCP-Mamba (perm. graph),8,0.0029117973159543,0.0024598261807113
4,GCP-Mamba (perm. graph),9,0.0027318857635351,0.0024579518940299
4,GCP-Mamba (perm. graph),10,0.0026258897197955,0.0023262007161974
4,GCP-Mamba (perm. graph),11,0.0024827893508477,0.0021908988710492
4,GCP-Mamba (perm. graph),12,0.002373290862955,0.0020698904991149
4,GCP-Mamba (perm. graph),13,0.0021853565955333,0.0021050488576292
4,GCP-Mamba (perm. graph),14,0.002141413908693,0.0020718271844089
4,GCP-Mamba (perm. graph),15,0.0025584036660239,0.0022622237447649
4,GCP-Mamba (perm. graph),16,0.002272325398722,0.002169786253944
4,GCP-Mamba (perm. graph),17,0.002229106199606,0.002244587522
4,GCP-Mamba (perm. graph),18,0.0024094374870492,0.0022378400899469
4,GCP-Mamba (perm. graph),19,0.0021973033603146,0.002249956363812
4,GCP-Mamba (perm. graph),20,0.0021343877934348,0.002022597240284
4,GCP-Mamba (perm. graph),21,0.0020210331995978,0.0021780771203339
4,GCP-Mamba (perm. graph),22,0.0019552036583852,0.001950402627699
4,GCP-Mamba (perm. graph),23,0.0020113995117838,0.0020294983405619
4,GCP-Mamba (perm. graph),24,0.0018405286543299,0.0019316636025905
4,GCP-Mamba (perm. graph),25,0.001874582580686,0.0019619143567979
4,GCP-Mamba (perm. graph),26,0.0018807328440141,0.0019689735490828
4,GCP-Mamba (perm. graph),27,0.0018548416065909,0.0020327833481132
4,GCP-Mamba (perm. graph),28,0.0021537066794925,0.0020985931623727
4,GCP-Mamba (perm. graph),29,0.0020507921308962,0.0019186671124771
4,GCP-Mamba (perm. graph),30,0.0018962854871244,0.0019685814622789
4,GCP-Mamba (perm. graph),31,0.0017288455466585,0.001873945002444
4,GCP-Mamba (perm. graph),32,0.0017312277994527,0.00204574665986
4,GCP-Mamba (perm. graph),33,0.0017491718084156,0.0018710363656282
4,GCP-Mamba (perm. graph),34,0.0017227059818147,0.0019803687464445
4,GCP-Mamba (perm. graph),35,0.001654010532397,0.0019119547214359
4,GCP-Mamba (perm. graph),36,0.0016374719319128,0.0020881528034806
4,GCP-Mamba (perm. graph),37,0.0019810530541317,0.0020670585799962
4,GCP-Mamba (perm. graph),38,0.001707007276839,0.0019412976689636
4,GCP-Mamba (perm. graph),39,0.0018954200028582,0.0021202387288212
4,GCP-Mamba (perm. graph),40,0.0018632404117597,0.002233461709693
4,GCP-Mamba (perm. graph),41,0.002114119277865,0.0023276219144463
4,GCP-Mamba (perm. graph),42,0.0018468407441681,0.0021125739440321
4,GCP-Mamba (perm. graph),43,0.0016382816641276,0.0019548935815691
4,GCP-Mamba (perm. graph),44,0.0014658774778568,0.0018948556389659
4,GCP-Mamba (perm. graph),45,0.0014685551491867,0.0019708545878529
4,GCP-Mamba (perm. graph),46,0.0015025034680017,0.0019597506616264
4,GCP-Mamba (perm. graph),47,0.0014912694912042,0.001893839216791
4,GCP-Mamba (perm. graph),48,0.0013940820529916,0.0019853061530739
4,GCP-Mamba (random order),0,0.0042093722618741,0.003497335826978
4,GCP-Mamba (random order),1,0.0039169794122735,0.003075752640143
4,GCP-Mamba (random order),2,0.0036481163521437,0.0029639399144798
4,GCP-Mamba (random order),3,0.0035090786170402,0.003060569986701
4,GCP-Mamba (random order),4,0.0033954038174166,0.0029299149755388
4,GCP-Mamba (random order),5,0.0031578524688111,0.0027007171884179
4,GCP-Mamba (random order),6,0.0028924672837576,0.0025649343151599
4,GCP-Mamba (random order),7,0.0027559565735324,0.0023310384713113
4,GCP-Mamba (random order),8,0.0026176686318283,0.002756857080385
4,GCP-Mamba (random order),9,0.0032031985289557,0.0025898797903209
4,GCP-Mamba (random order),10,0.0029087927926954,0.0028823052998632
4,GCP-Mamba (random order),11,0.0027413733199694,0.0025375063996762
4,GCP-Mamba (random order),12,0.0026065421411298,0.0023075365461409
4,GCP-Mamba (random order),13,0.0024172070087771,0.0022349492646753
4,GCP-Mamba (random order),14,0.0023396574496794,0.0021773446351289
4,GCP-Mamba (random order),15,0.003073265201918,0.0026041171513497
4,GCP-Mamba (random order),16,0.0025624574192216,0.0023204139433801
4,GCP-Mamba (random order),17,0.0022428751053797,0.0021620611660182
4,GCP-Mamba (random order),18,0.0021057508529076,0.0020677046850323
4,GCP-Mamba (random order),19,0.0020215509948488,0.0020330173429101
4,GCP-Mamba (random order),20,0.0019936863640356,0.0020173722878098
4,GCP-Mamba (random order),21,0.0020798275887081,0.0019884195644408
4,GCP-Mamba (random order),22,0.0021573165029608,0.0022544828243553
4,GCP-Mamba (random order),23,0.0024770792806521,0.0023473866749554
4,GCP-Mamba (random order),24,0.0020738968507574,0.002024159533903
4,GCP-Mamba (random order),25,0.0019311385527387,0.0019593141041696
4,GCP-Mamba (random order),26,0.0018753090374198,0.0020365500822663
4,GCP-Mamba (random order),27,0.0018746739591759,0.0019728082697838
4,GCP-Mamba (random order),28,0.0019040877986096,0.002110312692821
4,GCP-Mamba (random order),29,0.0018146023943202,0.0019270456396043
4,GCP-Mamba (random order),30,0.0018235421588764,0.0020347367972135
4,GCP-Mamba (random order),31,0.0018474343626445,0.0019052131101489
4,GCP-Mamba (random order),32,0.0017479384885832,0.0018959149019792
4,GCP-Mamba (random order),33,0.0017987104332101,0.0019135470502078
4,GCP-Mamba (random order),34,0.0017003218137505,0.0019454293651506
4,GCP-Mamba (random order),35,0.001658662028021,0.001824758015573
4,GCP-Mamba (random order),36,0.0016333703814315,0.0018869376508519
4,GCP-Mamba (random order),37,0.0016494133834653,0.0020472728647291
4,GCP-Mamba (random order),38,0.0016871588589395,0.0019588281866163
4,GCP-Mamba (random order),39,0.0017402299676465,0.0020064974669367
4,GCP-Mamba (random order),40,0.0016273105158571,0.0021557272411882
4,GCP-Mamba (random order),41,0.0022945137327644,0.002494096988812
4,GCP-Mamba (random order),42,0.0021134687088456,0.0021073890384286
4,GCP-Mamba (random order),43,0.0018613881267366,0.0019923872314393
4,GCP-Mamba (random order),44,0.0015978399168351,0.0018541633617132
4,GCP-Mamba (random order),45,0.0015411427623103,0.0018230763962492
4,GCP-Mamba (random order),46,0.0014539985811143,0.0018473640084266
4,GCP-Mamba (random order),47,0.0013955316008839,0.0017746303929015
4,GCP-Mamba (random order),48,0.0013829371686723,0.0018393221544101
4,GCP-Mamba (random order),49,0.0013298877672352,0.0018159574829041
4,GCP-Mamba (random order),50,0.001382903669954,0.0017768858233466
4,GCP-Mamba (random order),51,0.0014178267723659,0.0018622030038386
4,GCP-Mamba (random order),52,0.0014725643638923,0.0020752076525241
4,GCP-Mamba (random order),53,0.0015421465236908,0.0019739272538572
4,GCP-Mamba (random order),54,0.0015814086496025,0.0018619273323565
4,GCP-Mamba (random order),55,0.001622910922889,0.001860735239461
4,GCP-Mamba (random order),56,0.0014224025561547,0.0018880580319091
4,GCP-Mamba (random order),57,0.0012945438313914,0.0017907656729221
4,GCP-Mamba (random order),58,0.0012381169325236,0.0017739903414621
4,GCP-Mamba (random order),59,0.0012348244425659,0.0018177531892433
4,GCP-Mamba (random order),60,0.0012366856572305,0.0017739688046276
4,GCP-Mamba (random order),61,0.0012547397356239,0.0018049466889351
4,GCP-Mamba (random order),62,0.0013064880647676,0.0018516378477215
4,Mamba (no graph),0,0.0044311458469375,0.0036540222354233
4,Mamba (no graph),1,0.0040791686825293,0.0032958195079118
4,Mamba (no graph),2,0.0038063542736466,0.003160968190059
4,Mamba (no graph),3,0.0037061721321007,0.0029424324166029
4,Mamba (no graph),4,0.0034088715274396,0.002856456907466
4,Mamba (no graph),5,0.003241616076783,0.002576652681455
4,Mamba (no graph),6,0.0034180764249599,0.0030429996550083
4,Mamba (no graph),7,0.0032143974056963,0.0026149263139814
4,Mamba (no graph),8,0.0028300301922257,0.0023465203121304
4,Mamba (no graph),9,0.0026878451228329,0.0022780068684369
4,Mamba (no graph),10,0.0025109031653071,0.0022865096107125
4,Mamba (no graph),11,0.002449301527076,0.0034501540940254
4,Mamba (no graph),12,0.002695120457332,0.0022345455363392
4,Mamba (no graph),13,0.0024018236620204,0.0021749776788055
4,Mamba (no graph),14,0.0023023069504541,0.0021702346857637
4,Mamba (no graph),15,0.0023591229993608,0.0023053281474858
4,Mamba (no graph),16,0.00219235397882,0.0020511257462203
4,Mamba (no graph),17,0.0021651484023632,0.0022414517588913
4,Mamba (no graph),18,0.0021199725531443,0.0020013402681797
4,Mamba (no graph),19,0.0020418525874453,0.002286589005962
4,Mamba (no graph),20,0.0020282820868808,0.0020658283028751
4,Mamba (no graph),21,0.0019377236348315,0.0019994983449578
4,Mamba (no graph),22,0.0019235852787525,0.0019903860520571
4,Mamba (no graph),23,0.0018199570728264,0.0019414598355069
4,Mamba (no graph),24,0.0017731622315393,0.0018582135671749
4,Mamba (no graph),25,0.0017263732830451,0.0018362626433372
4,Mamba (no graph),26,0.0017099695120227,0.001941334689036
4,Mamba (no graph),27,0.00166397314249,0.0017989531625062
4,Mamba (no graph),28,0.0017043453483782,0.0029375066515058
4,Mamba (no graph),29,0.0018765251788732,0.0018992148106917
4,Mamba (no graph),30,0.0018154867093929,0.0020012075547128
4,Mamba (no graph),31,0.0018500721713581,0.002555901184678
4,Mamba (no graph),32,0.0023633778629583,0.0026725635398179
4,Mamba (no graph),33,0.0022129108501169,0.002115850104019
4,Mamba (no graph),34,0.0019492517391273,0.002126655774191
4,Mamba (no graph),35,0.0016150660260091,0.0018663159571588
4,Mamba (no graph),36,0.0015104973609994,0.0019142040982842
4,Mamba (no graph),37,0.001482725533717,0.001844567246735
4,Mamba (no graph),38,0.0014305613120924,0.0018397500971332
4,Mamba (no graph),39,0.0013993789103525,0.0018272700253874
4,Mamba (no graph),40,0.0014404380549978,0.0018348654266446
4,Mamba (no graph),41,0.001403340131376,0.0017625420587137
4,Mamba (no graph),42,0.00137912286881,0.0018377081723883
4,Mamba (no graph),43,0.0013971002780825,0.0018387691816315
4,Mamba (no graph),44,0.001341937989643,0.0018132246332243
4,Mamba (no graph),45,0.0013414293551891,0.0017942928243428
4,Mamba (no graph),46,0.0013364284331139,0.0018042088486254
4,Mamba (no graph),47,0.0013894782470298,0.0017887449357658
4,Mamba (no graph),48,0.0012917061647896,0.0018027225742116
4,Mamba (no graph),49,0.0012750146498488,0.0017704692436382
4,Mamba (no graph),50,0.00125346984128,0.0017465157434344
4,Mamba (no graph),51,0.0012500400574569,0.0017754362197592
4,Mamba (no graph),52,0.0012629319207655,0.0017589007038623
4,Mamba (no graph),53,0.0012211001841619,0.0017381329089403
4,Mamba (no graph),54,0.0012125716437485,0.001752987736836
4,Mamba (no graph),55,0.0011787571682152,0.0017667844658717
4,Mamba (no graph),56,0.0012471694415502,0.001814943854697
4,Mamba (no graph),57,0.0014750716902932,0.0025303759612143
4,Mamba (no graph),58,0.0027655098979234,0.0025055613368749
4,Mamba (no graph),59,0.0020765774948656,0.0019561303779482
4,Mamba (no graph),60,0.0015364415129552,0.001892200903967
4,Mamba (no graph),61,0.0013156881875847,0.0018001219723373
4,Mamba (no graph),62,0.001262201639914,0.0018156128935515
4,Mamba (no graph),63,0.0012700337909912,0.0018174285069108
4,Mamba (no graph),64,0.0011892510073849,0.0018338675145059
4,Mamba (no graph),65,0.0012043699766207,0.0018504267791286
4,Mamba (no graph),66,0.0011707627953184,0.001798502751626
4,Mamba (no graph),67,0.0011379286109154,0.001753584947437
4,Mamba (no graph),68,0.0010995426903673,0.001712973928079
4,Mamba (no graph),69,0.0010697559634451,0.0017807972617447
4,Mamba (no graph),70,0.0010512566198963,0.001789423986338
4,Mamba (no graph),71,0.0010956309462743,0.0017852918244898
4,Mamba (no graph),72,0.0011260281584942,0.001826275140047
4,Mamba (no graph),73,0.0013248069310668,0.0018510362133383
4,Mamba (no graph),74,0.0011434243780915,0.0017421767115592
4,Mamba (no graph),75,0.001044719272273,0.0019205124117434
4,Mamba (no graph),76,0.0011502480161168,0.0018358317902311
4,Mamba (no graph),77,0.0011464601370887,0.0019853308331221
4,Mamba (no graph),78,0.001307140699112,0.0021068609785288
4,Mamba (no graph),79,0.0016029145746163,0.0024918378330767
4,Mamba (no graph),80,0.0017281105857436,0.0021610939875245
4,Mamba (no graph),81,0.0012785967702394,0.0019058908801525
4,Mamba (no graph),82,0.0011058249669953,0.0017829536227509
4,Mamba (no graph),83,0.0010209512334022,0.0017745200311765
4,Graph-MLP (no scan),0,0.0043676802168245,0.0037421572487801
4,Graph-MLP (no scan),1,0.004101906283323,0.0034644119441509
4,Graph-MLP (no scan),2,0.0038432307849577,0.0031579604838043
4,Graph-MLP (no scan),3,0.003723924650422,0.0032472680322825
4,Graph-MLP (no scan),4,0.0036380788673171,0.0030337225180119
4,Graph-MLP (no scan),5,0.0034687445622955,0.0028242787811905
4,Graph-MLP (no scan),6,0.0030288699630768,0.002622450236231
4,Graph-MLP (no scan),7,0.0027484776847493,0.0025260401889681
4,Graph-MLP (no scan),8,0.0025832811261614,0.0022966009564697
4,Graph-MLP (no scan),9,0.0025801257391145,0.0023912584874778
4,Graph-MLP (no scan),10,0.0038061381883838,0.0031212563626468
4,Graph-MLP (no scan),11,0.0037198562506693,0.0034654536284506
4,Graph-MLP (no scan),12,0.0031312695183462,0.002507792552933
4,Graph-MLP (no scan),13,0.0026945589996351,0.0022600293159484
4,Graph-MLP (no scan),14,0.0024041502180395,0.0022473377175629
4,Graph-MLP (no scan),15,0.0022631775036708,0.0021801919210702
4,Graph-MLP (no scan),16,0.00218588164036,0.0021197162568569
4,Graph-MLP (no scan),17,0.0021212502297268,0.0021811744663864
4,Graph-MLP (no scan),18,0.0021139955593661,0.0022301119752228
4,Graph-MLP (no scan),19,0.0023310553222197,0.0021143725607544
4,Graph-MLP (no scan),20,0.0023386659663465,0.0021081836894154
4,Graph-MLP (no scan),21,0.002407594191969,0.002180740237236
4,Graph-MLP (no scan),22,0.0021921725652227,0.0021238524932414
4,Graph-MLP (no scan),23,0.0020090128268322,0.0021236592438071
4,Graph-MLP (no scan),24,0.0019350402700386,0.0020456281490623
4,Graph-MLP (no scan),25,0.0019088511559576,0.0020558633841574
4,Graph-MLP (no scan),26,0.0019139934250776,0.0020882037933915
4,Graph-MLP (no scan),27,0.001900991830278,0.0021413110662251
4,Graph-MLP (no scan),28,0.0019285180873954,0.0021376213990151
4,Graph-MLP (no scan),29,0.0020912981704346,0.0021996323484927
4,Graph-MLP (no scan),30,0.0019190370745072,0.0020442460663616
4,Graph-MLP (no scan),31,0.0017459691466978,0.0020205455366522
4,Graph-MLP (no scan),32,0.0017744012113338,0.0022255305666476
4,Graph-MLP (no scan),33,0.0017635514448805,0.0020180470310151
4,Graph-MLP (no scan),34,0.0018192269954924,0.0021717390045523
4,Graph-MLP (no scan),35,0.0018095109945082,0.0020234794355928
4,Graph-MLP (no scan),36,0.0017156788020682,0.0020946681033819
4,Graph-MLP (no scan),37,0.0017168776889284,0.0019624279811978
4,Graph-MLP (no scan),38,0.0016686055120817,0.0019650973845273
4,Graph-MLP (no scan),39,0.0017197315309786,0.0021209469996392
4,Graph-MLP (no scan),40,0.0018914076131132,0.0023842048831284
4,Graph-MLP (no scan),41,0.0019549243001387,0.0025656756479293
4,Graph-MLP (no scan),42,0.0018896323012308,0.0021110232919454
4,Graph-MLP (no scan),43,0.0016748409771876,0.0019675164949148
4,Graph-MLP (no scan),44,0.0016100665239496,0.0019958736374974
4,Graph-MLP (no scan),45,0.0014999183648594,0.0019615893252193
4,Graph-MLP (no scan),46,0.0016912437647517,0.0019915613811463
4,Graph-MLP (no scan),47,0.0015870555573672,0.0020395973697304
4,Graph-MLP (no scan),48,0.0016568994422597,0.0021483625750988
4,Graph-MLP (no scan),49,0.0015651870379894,0.0019654540810734
4,Graph-MLP (no scan),50,0.0014537397525842,0.0019851496908813
4,Graph-MLP (no scan),51,0.001451700328675,0.0018624347867444
4,Graph-MLP (no scan),52,0.0013973159772484,0.0019604689441621
4,Graph-MLP (no scan),53,0.0015866367528282,0.0019585699774324
4,Graph-MLP (no scan),54,0.0015485947583165,0.001961474539712
4,Graph-MLP (no scan),55,0.0022942911016523,0.002600367879495
4,Graph-MLP (no scan),56,0.0022991222560593,0.0021954076364636
4,Graph-MLP (no scan),57,0.0017345110381611,0.0021282674279063
4,Graph-MLP (no scan),58,0.0018465260400523,0.0021075243130326
4,Graph-MLP (no scan),59,0.0018563159111646,0.0023568570613861
4,Graph-MLP (no scan),60,0.0016772339912801,0.0020473634358495
4,Graph-MLP (no scan),61,0.0016835511196404,0.0019923541694879
4,Graph-MLP (no scan),62,0.0015991314560536,0.0020811792928725
4,Graph-MLP (no scan),63,0.0015127859957743,0.0019943206571042
4,Graph-MLP (no scan),64,0.0014528578742769,0.0020095254294574
4,Graph-MLP (no scan),65,0.0013874296773988,0.0018902777228504
4,Graph-MLP (no scan),66,0.0013826751592401,0.0019623760599642
5,GCP-Mamba,0,0.0032807281491561,0.0038007183466106
5,GCP-Mamba,1,0.0027357169910548,0.003899595234543
5,GCP-Mamba,2,0.0027000179800849,0.0038026063703
5,GCP-Mamba,3,0.002642845434065,0.0038456569891422
5,GCP-Mamba,4,0.0025388998015282,0.0038098180666565
5,GCP-Mamba,5,0.0025290847863428,0.0038121014367789
5,GCP-Mamba,6,0.0024617955231895,0.0038994003552943
5,GCP-Mamba,7,0.0023460288532078,0.0039943209849298
5,GCP-Mamba,8,0.0022644898316894,0.003940450027585
5,GCP-Mamba,9,0.0022141221982355,0.0041970303282141
5,GCP-Mamba,10,0.0022623407797744,0.0037697132211178
5,GCP-Mamba,11,0.0021215360092285,0.0040551894344389
5,GCP-Mamba,12,0.0019979251020301,0.0041732122190296
5,GCP-Mamba,13,0.0019433900154231,0.0039425501599907
5,GCP-Mamba,14,0.0018947311784498,0.0042128507047891
5,GCP-Mamba,15,0.001870129055057,0.0039013256318867
5,GCP-Mamba,16,0.0018050692250164,0.0040197833441197
5,GCP-Mamba,17,0.0017584110484816,0.0040381089784204
5,GCP-Mamba,18,0.0017030330607667,0.0039654751308262
5,GCP-Mamba,19,0.0018660510102143,0.0038740576710551
5,GCP-Mamba,20,0.0017672948592987,0.0037948593962937
5,GCP-Mamba,21,0.0016894111176952,0.0038433375302702
5,GCP-Mamba,22,0.0017180517924806,0.0041135260835289
5,GCP-Mamba,23,0.00187677481355,0.0038002415094524
5,GCP-Mamba,24,0.0019212176844191,0.0037048805970698
5,GCP-Mamba,25,0.0017537160418354,0.0038726045750081
5,GCP-Mamba,26,0.0016324820390974,0.0037446825299412
5,GCP-Mamba,27,0.001607046682889,0.0036341249942779
5,GCP-Mamba,28,0.001561289656764,0.0037403635215014
5,GCP-Mamba,29,0.0014745973516255,0.0036831668112426
5,GCP-Mamba,30,0.0014663392212241,0.0036543190944939
5,GCP-Mamba,31,0.0014451560707619,0.003830699250102
5,GCP-Mamba,32,0.001469205918077,0.0035350676625967
5,GCP-Mamba,33,0.0014151046697336,0.0035006650723516
5,GCP-Mamba,34,0.0014963475306733,0.0037278723903
5,GCP-Mamba,35,0.0016730354167521,0.0037747388705611
5,GCP-Mamba,36,0.0015602589692347,0.0035623635631054
5,GCP-Mamba,37,0.0015485224385674,0.0035814698785543
5,GCP-Mamba,38,0.0014583451261457,0.003587351180613
5,GCP-Mamba,39,0.0013587201587282,0.0035581125412136
5,GCP-Mamba,40,0.0014119569606219,0.0034989286214113
5,GCP-Mamba,41,0.0013191946155319,0.0034684720449149
5,GCP-Mamba,42,0.0012961905870514,0.0035705890040844
5,GCP-Mamba,43,0.0012480503754117,0.0035673638340085
5,GCP-Mamba,44,0.0012409119544407,0.0035719526931643
5,GCP-Mamba,45,0.0014068968844814,0.0033863896969705
5,GCP-Mamba,46,0.0016829100043441,0.0046630310826003
5,GCP-Mamba,47,0.0018226363687202,0.0035380749031901
5,GCP-Mamba,48,0.0015060057684492,0.0036282495129853
5,GCP-Mamba,49,0.0014478297080271,0.0035519974771887
5,GCP-Mamba,50,0.001367030896318,0.00331951235421
5,GCP-Mamba,51,0.0012923399416299,0.0033952160738408
5,GCP-Mamba,52,0.001276775338472,0.0034726259764283
5,GCP-Mamba,53,0.0013182453846988,0.0035265984479337
5,GCP-Mamba,54,0.0012283617003749,0.0032304662745445
5,GCP-Mamba,55,0.0011846258027407,0.0034346531610935
5,GCP-Mamba,56,0.0011282107246538,0.0033767279237508
5,GCP-Mamba,57,0.0010861430496263,0.0033125933259725
5,GCP-Mamba,58,0.0010779391186168,0.0033585911151021
5,GCP-Mamba,59,0.0010628800973511,0.0033889655023813
5,GCP-Mamba,60,0.0010444419279407,0.0033820117823779
5,GCP-Mamba,61,0.0010462867893063,0.0033558565191924
5,GCP-Mamba,62,0.0010446265438356,0.0034413125831633
5,GCP-Mamba,63,0.0011657228424715,0.0032463949173688
5,GCP-Mamba,64,0.0011023586078618,0.0033218518365174
5,GCP-Mamba,65,0.0010844101806959,0.0033225028309971
5,GCP-Mamba,66,0.0010543855408636,0.0034396222326904
5,GCP-Mamba,67,0.001041155119534,0.0032842105720192
5,GCP-Mamba,68,0.0010612554937744,0.0033002472482621
5,GCP-Mamba,69,0.0010942006967245,0.0033566006459295
1,"GCP-Mamba (Delta only, w_c~N(0,1))",0,0.0036225790002693,0.0036772605963051
1,"GCP-Mamba (Delta only, w_c~N(0,1))",1,0.0035087150737535,0.0036634237039834
1,"GCP-Mamba (Delta only, w_c~N(0,1))",2,0.0034195773667939,0.0035604150034487
1,"GCP-Mamba (Delta only, w_c~N(0,1))",3,0.0032787977859539,0.0035453566815704
1,"GCP-Mamba (Delta only, w_c~N(0,1))",4,0.0031471669916873,0.0036780431400984
1,"GCP-Mamba (Delta only, w_c~N(0,1))",5,0.0029599569169332,0.0034036959987133
1,"GCP-Mamba (Delta only, w_c~N(0,1))",6,0.0027140443638453,0.0035311987157911
1,"GCP-Mamba (Delta only, w_c~N(0,1))",7,0.0025616124899976,0.0033314384054392
1,"GCP-Mamba (Delta only, w_c~N(0,1))",8,0.0028891021493768,0.0033071741927415
1,"GCP-Mamba (Delta only, w_c~N(0,1))",9,0.0025719400373813,0.0032825334928929
1,"GCP-Mamba (Delta only, w_c~N(0,1))",10,0.0023974739892435,0.0031116739846765
1,"GCP-Mamba (Delta only, w_c~N(0,1))",11,0.0021714017071855,0.0032437313348054
1,"GCP-Mamba (Delta only, w_c~N(0,1))",12,0.0020848602711128,0.0032503148540854
1,"GCP-Mamba (Delta only, w_c~N(0,1))",13,0.0019095630462591,0.0029716787394136
1,"GCP-Mamba (Delta only, w_c~N(0,1))",14,0.0018901958288894,0.0033198199234902
1,"GCP-Mamba (Delta only, w_c~N(0,1))",15,0.0025433438873944,0.0031641635578125
1,"GCP-Mamba (Delta only, w_c~N(0,1))",16,0.0022142377405332,0.0032235686667263
1,"GCP-Mamba (Delta only, w_c~N(0,1))",17,0.0020648612593557,0.0030624929349869
1,"GCP-Mamba (Delta only, w_c~N(0,1))",18,0.0017694160578421,0.002960642799735
1,"GCP-Mamba (Delta only, w_c~N(0,1))",19,0.0016570144444299,0.0031149061396718
1,"GCP-Mamba (Delta only, w_c~N(0,1))",20,0.0016489485211238,0.0029717977158725
1,"GCP-Mamba (Delta only, w_c~N(0,1))",21,0.001634216506331,0.0030328480061143
1,"GCP-Mamba (Delta only, w_c~N(0,1))",22,0.001628786423311,0.0029788454994559
1,"GCP-Mamba (Delta only, w_c~N(0,1))",23,0.0015482175150427,0.0028243053238838
1,"GCP-Mamba (Delta only, w_c~N(0,1))",24,0.0015788794625078,0.0029032290913164
1,"GCP-Mamba (Delta only, w_c~N(0,1))",25,0.0015394209202486,0.0031584270764142
1,"GCP-Mamba (Delta only, w_c~N(0,1))",26,0.0014654205322427,0.0027057714760303
1,"GCP-Mamba (Delta only, w_c~N(0,1))",27,0.0014733452133942,0.0027363137342035
1,"GCP-Mamba (Delta only, w_c~N(0,1))",28,0.0014375670630808,0.0030672203283756
1,"GCP-Mamba (Delta only, w_c~N(0,1))",29,0.0018477386886091,0.0033440678380429
1,"GCP-Mamba (Delta only, w_c~N(0,1))",30,0.0016140519241478,0.0027675449382513
1,"GCP-Mamba (Delta only, w_c~N(0,1))",31,0.0014973464033876,0.0027608620002865
1,"GCP-Mamba (Delta only, w_c~N(0,1))",32,0.0014505580344331,0.0025932106655091
1,"GCP-Mamba (Delta only, w_c~N(0,1))",33,0.0014499458307197,0.0029351220000535
1,"GCP-Mamba (Delta only, w_c~N(0,1))",34,0.0016919075902821,0.0027219906914979
1,"GCP-Mamba (Delta only, w_c~N(0,1))",35,0.0014996200975408,0.0029358696192502
1,"GCP-Mamba (Delta only, w_c~N(0,1))",36,0.0016638992043832,0.002802099334076
1,"GCP-Mamba (Delta only, w_c~N(0,1))",37,0.0015369425240931,0.0026551594492048
1,"GCP-Mamba (Delta only, w_c~N(0,1))",38,0.0014293822088697,0.0027032042853534
1,"GCP-Mamba (Delta only, w_c~N(0,1))",39,0.0014532026075555,0.0028031822293996
1,"GCP-Mamba (Delta only, w_c~N(0,1))",40,0.0014042194402925,0.0025595990009605
1,"GCP-Mamba (Delta only, w_c~N(0,1))",41,0.0012592392791386,0.0025408945512026
1,"GCP-Mamba (Delta only, w_c~N(0,1))",42,0.001166910810423,0.0026009844150394
1,"GCP-Mamba (Delta only, w_c~N(0,1))",43,0.0011536834341392,0.0027240947820246
1,"GCP-Mamba (Delta only, w_c~N(0,1))",44,0.0011684307465802,0.0026698289439082
1,"GCP-Mamba (Delta only, w_c~N(0,1))",45,0.0010996174718509,0.0025371338706463
1,"GCP-Mamba (Delta only, w_c~N(0,1))",46,0.001142865407915,0.002565455622971
1,"GCP-Mamba (Delta only, w_c~N(0,1))",47,0.0011856765292274,0.0024300143122673
1,"GCP-Mamba (Delta only, w_c~N(0,1))",48,0.0011669115578431,0.0025521158240735
1,"GCP-Mamba (Delta only, w_c~N(0,1))",49,0.0010735858670449,0.0026224749162793
1,"GCP-Mamba (Delta only, w_c~N(0,1))",50,0.0010778811807487,0.0028259153477847
1,"GCP-Mamba (Delta only, w_c~N(0,1))",51,0.0011286022136514,0.0025011452380567
1,"GCP-Mamba (Delta only, w_c~N(0,1))",52,0.0010925205922145,0.0025676928926259
1,"GCP-Mamba (Delta only, w_c~N(0,1))",53,0.0010572896622445,0.0026300107128918
1,"GCP-Mamba (Delta only, w_c~N(0,1))",54,0.0011077055781809,0.0026778606697916
1,"GCP-Mamba (Delta only, w_c~N(0,1))",55,0.0013158268361028,0.0030110273510217
1,"GCP-Mamba (Delta only, w_c~N(0,1))",56,0.0012009454801665,0.0026087190490216
1,"GCP-Mamba (Delta only, w_c~N(0,1))",57,0.0011468767306591,0.0029176666866987
1,"GCP-Mamba (Delta only, w_c~N(0,1))",58,0.0011224468505225,0.0025905999355018
1,"GCP-Mamba (Delta only, w_c~N(0,1))",59,0.0013157679923756,0.003323248354718
1,"GCP-Mamba (Delta only, w_c~N(0,1))",60,0.0011719149728035,0.0025200606323778
1,"GCP-Mamba (Delta only, w_c~N(0,1))",61,0.0010109497402943,0.00247482676059
1,"GCP-Mamba (Delta only, w_c~N(0,1))",62,0.0009840440770199,0.0024209250696003
1,"GCP-Mamba (Delta only, w_c~N(0,1))",63,0.0010015699097994,0.0026432971935719
1,"GCP-Mamba (Delta only, w_c~N(0,1))",64,0.0010359217362154,0.0024976974818855
1,"GCP-Mamba (Delta only, w_c~N(0,1))",65,0.0010715190327955,0.0027199001051485
1,"GCP-Mamba (Delta only, w_c~N(0,1))",66,0.0010326608721895,0.0024780023377388
1,"GCP-Mamba (Delta only, w_c~N(0,1))",67,0.0009682653336853,0.0025386402849107
1,"GCP-Mamba (Delta only, w_c~N(0,1))",68,0.0009398461969913,0.002675050869584
1,"GCP-Mamba (Delta only, w_c~N(0,1))",69,0.0009763760068723,0.0025821826420724
1,"GCP-Mamba (Delta only, w_c~N(0,1))",70,0.0010080330758827,0.0023680895101279
1,"GCP-Mamba (Delta only, w_c~N(0,1))",71,0.0009286326644739,0.0024715377949178
1,"GCP-Mamba (Delta only, w_c~N(0,1))",72,0.0009889388979966,0.0025937994942069
1,"GCP-Mamba (Delta only, w_c~N(0,1))",73,0.0009234792255944,0.0024171720724552
1,"GCP-Mamba (Delta only, w_c~N(0,1))",74,0.0008800384618908,0.0025011026300489
1,"GCP-Mamba (Delta only, w_c~N(0,1))",75,0.0008861489123259,0.0024771511089056
1,"GCP-Mamba (Delta only, w_c~N(0,1))",76,0.0009247322323853,0.0027435757219791
1,"GCP-Mamba (Delta only, w_c~N(0,1))",77,0.0011422640856598,0.0030852551572024
1,"GCP-Mamba (Delta only, w_c~N(0,1))",78,0.0010093615906637,0.0024479832500219
1,"GCP-Mamba (Delta only, w_c~N(0,1))",79,0.0008792416867462,0.0025711511261761
1,"GCP-Mamba (Delta only, w_c~N(0,1))",80,0.0008682549350719,0.0024189266841858
1,"GCP-Mamba (Delta only, w_c~N(0,1))",81,0.0008390296868089,0.0023847522679716
1,"GCP-Mamba (Delta only, w_c~N(0,1))",82,0.0007941086111806,0.0024799457751214
1,"GCP-Mamba (Delta only, w_c~N(0,1))",83,0.0007911616264828,0.0025432032998651
1,"GCP-Mamba (Delta only, w_c~N(0,1))",84,0.0008106467776351,0.0024944001343101
1,"GCP-Mamba (Delta only, w_c~N(0,1))",85,0.0009834276979613,0.0024465315509587
2,"GCP-Mamba (Delta only, w_c~N(0,1))",0,0.0031399628316661,0.0050415685400366
2,"GCP-Mamba (Delta only, w_c~N(0,1))",1,0.0030397423275029,0.0049594519659876
2,"GCP-Mamba (Delta only, w_c~N(0,1))",2,0.0029214515029151,0.0049459906294941
2,"GCP-Mamba (Delta only, w_c~N(0,1))",3,0.0028262803114937,0.0048617329448461
2,"GCP-Mamba (Delta only, w_c~N(0,1))",4,0.0027474340574025,0.0047953794710338
2,"GCP-Mamba (Delta only, w_c~N(0,1))",5,0.0026401777738343,0.0048631019890308
2,"GCP-Mamba (Delta only, w_c~N(0,1))",6,0.0027916839935903,0.0056352303363382
2,"GCP-Mamba (Delta only, w_c~N(0,1))",7,0.0025722454436016,0.0052963919006288
2,"GCP-Mamba (Delta only, w_c~N(0,1))",8,0.002429294808627,0.0053244833834469
2,"GCP-Mamba (Delta only, w_c~N(0,1))",9,0.002280356074355,0.0050542559474706
2,"GCP-Mamba (Delta only, w_c~N(0,1))",10,0.0021493232435473,0.0049950843676924
2,"GCP-Mamba (Delta only, w_c~N(0,1))",11,0.0021322816627086,0.0052992035634815
2,"GCP-Mamba (Delta only, w_c~N(0,1))",12,0.0022852290162093,0.0049178255721926
2,"GCP-Mamba (Delta only, w_c~N(0,1))",13,0.0020735043188114,0.0047901473008096
2,"GCP-Mamba (Delta only, w_c~N(0,1))",14,0.0020023896367282,0.0047109685838222
2,"GCP-Mamba (Delta only, w_c~N(0,1))",15,0.001977300896182,0.0048842877149581
2,"GCP-Mamba (Delta only, w_c~N(0,1))",16,0.0019163393680167,0.0046868049539625
2,"GCP-Mamba (Delta only, w_c~N(0,1))",17,0.0018918685641863,0.0045697642490267
2,"GCP-Mamba (Delta only, w_c~N(0,1))",18,0.0018584976917494,0.0046610841527581
2,"GCP-Mamba (Delta only, w_c~N(0,1))",19,0.0017983697173889,0.0048989648930728
2,"GCP-Mamba (Delta only, w_c~N(0,1))",20,0.0018044916088793,0.0044846055097877
2,"GCP-Mamba (Delta only, w_c~N(0,1))",21,0.0017320895349781,0.0047003575600683
2,"GCP-Mamba (Delta only, w_c~N(0,1))",22,0.0016932984120581,0.0048236022703349
2,"GCP-Mamba (Delta only, w_c~N(0,1))",23,0.0017607013004825,0.0046550165861845
2,"GCP-Mamba (Delta only, w_c~N(0,1))",24,0.001694538667396,0.0046938508749008
2,"GCP-Mamba (Delta only, w_c~N(0,1))",25,0.0016579977136185,0.0045790392905473
2,"GCP-Mamba (Delta only, w_c~N(0,1))",26,0.0017229143811537,0.0047816955484449
2,"GCP-Mamba (Delta only, w_c~N(0,1))",27,0.0015925024627714,0.0045615853741765
2,"GCP-Mamba (Delta only, w_c~N(0,1))",28,0.0015646152109537,0.0044884900562465
2,"GCP-Mamba (Delta only, w_c~N(0,1))",29,0.0015137013677748,0.0044672912918031
2,"GCP-Mamba (Delta only, w_c~N(0,1))",30,0.0014744807677946,0.004585638642311
2,"GCP-Mamba (Delta only, w_c~N(0,1))",31,0.0014749197163719,0.0045878970995545
2,"GCP-Mamba (Delta only, w_c~N(0,1))",32,0.0014617889751043,0.0045127049088478
2,"GCP-Mamba (Delta only, w_c~N(0,1))",33,0.0014929469413519,0.0043273805640637
2,"GCP-Mamba (Delta only, w_c~N(0,1))",34,0.0014138082720727,0.0045808651484549
2,"GCP-Mamba (Delta only, w_c~N(0,1))",35,0.0014767253322513,0.0046605453826487
2,"GCP-Mamba (Delta only, w_c~N(0,1))",36,0.0015645361239117,0.0046260384842753
2,"GCP-Mamba (Delta only, w_c~N(0,1))",37,0.0014691354711908,0.0044607678428292
2,"GCP-Mamba (Delta only, w_c~N(0,1))",38,0.001437774682652,0.0043595838360488
2,"GCP-Mamba (Delta only, w_c~N(0,1))",39,0.0013678059335329,0.0043380516581237
2,"GCP-Mamba (Delta only, w_c~N(0,1))",40,0.0013314351354048,0.0043840524740517
2,"GCP-Mamba (Delta only, w_c~N(0,1))",41,0.0013128276085213,0.0045369020663201
2,"GCP-Mamba (Delta only, w_c~N(0,1))",42,0.001283674870229,0.0044452059082686
2,"GCP-Mamba (Delta only, w_c~N(0,1))",43,0.0012865124298376,0.0044921855442225
2,"GCP-Mamba (Delta only, w_c~N(0,1))",44,0.0012745054952947,0.0044489558786153
2,"GCP-Mamba (Delta only, w_c~N(0,1))",45,0.0012206306882879,0.0044368016533553
2,"GCP-Mamba (Delta only, w_c~N(0,1))",46,0.0012054993970346,0.0046547539532184
2,"GCP-Mamba (Delta only, w_c~N(0,1))",47,0.0013316301595446,0.0045104846358299
2,"GCP-Mamba (Delta only, w_c~N(0,1))",48,0.0014779992944313,0.0042709275148808
2,"GCP-Mamba (Delta only, w_c~N(0,1))",49,0.001396832633395,0.0044198264367878
2,"GCP-Mamba (Delta only, w_c~N(0,1))",50,0.0012723512448397,0.0043001766316592
2,"GCP-Mamba (Delta only, w_c~N(0,1))",51,0.001173631002098,0.0044014174491167
2,"GCP-Mamba (Delta only, w_c~N(0,1))",52,0.0011946479815038,0.0044732238166034
2,"GCP-Mamba (Delta only, w_c~N(0,1))",53,0.0011888877413295,0.004378649406135
2,"GCP-Mamba (Delta only, w_c~N(0,1))",54,0.0011944332421361,0.0045563597232103
2,"GCP-Mamba (Delta only, w_c~N(0,1))",55,0.0015995099281275,0.0044961478561162
2,"GCP-Mamba (Delta only, w_c~N(0,1))",56,0.0015820289791139,0.0044503910467028
2,"GCP-Mamba (Delta only, w_c~N(0,1))",57,0.0012936241348548,0.0044153677299618
2,"GCP-Mamba (Delta only, w_c~N(0,1))",58,0.001161162506139,0.0043336087837815
2,"GCP-Mamba (Delta only, w_c~N(0,1))",59,0.001058258498992,0.0044575706124305
2,"GCP-Mamba (Delta only, w_c~N(0,1))",60,0.0010164349696686,0.004424481652677
2,"GCP-Mamba (Delta only, w_c~N(0,1))",61,0.0009971054868853,0.0043868506327271
2,"GCP-Mamba (Delta only, w_c~N(0,1))",62,0.0010355365481026,0.0046105845831334
2,"GCP-Mamba (Delta only, w_c~N(0,1))",63,0.0010663580740701,0.0043194480240345
3,"GCP-Mamba (Delta only, w_c~N(0,1))",0,0.0040150066188564,0.0040579745545983
3,"GCP-Mamba (Delta only, w_c~N(0,1))",1,0.0039555628247784,0.0038562356494367
3,"GCP-Mamba (Delta only, w_c~N(0,1))",2,0.0037957276852632,0.0038731908425688
3,"GCP-Mamba (Delta only, w_c~N(0,1))",3,0.003561386923221,0.0038157876115292
3,"GCP-Mamba (Delta only, w_c~N(0,1))",4,0.0033159410637436,0.0038463862147182
3,"GCP-Mamba (Delta only, w_c~N(0,1))",5,0.0031787209763106,0.0039328541606664
3,"GCP-Mamba (Delta only, w_c~N(0,1))",6,0.0031392745476103,0.0039580091834068
3,"GCP-Mamba (Delta only, w_c~N(0,1))",7,0.003363684581762,0.0045646023936569
3,"GCP-Mamba (Delta only, w_c~N(0,1))",8,0.0031683682887391,0.004113754723221
3,"GCP-Mamba (Delta only, w_c~N(0,1))",9,0.0027608868602493,0.0038129691965878
3,"GCP-Mamba (Delta only, w_c~N(0,1))",10,0.0024712006032297,0.0035761876497417
3,"GCP-Mamba (Delta only, w_c~N(0,1))",11,0.0022618319437077,0.0035670259967446
3,"GCP-Mamba (Delta only, w_c~N(0,1))",12,0.0021677568103327,0.0038476586341857
3,"GCP-Mamba (Delta only, w_c~N(0,1))",13,0.0021515017248351,0.0036724943201988
3,"GCP-Mamba (Delta only, w_c~N(0,1))",14,0.0024781806507345,0.0040227994322776
3,"GCP-Mamba (Delta only, w_c~N(0,1))",15,0.0025618437988062,0.0035335344728082
3,"GCP-Mamba (Delta only, w_c~N(0,1))",16,0.002347083508291,0.0034221543464809
3,"GCP-Mamba (Delta only, w_c~N(0,1))",17,0.0020942224267249,0.0033321687951684
3,"GCP-Mamba (Delta only, w_c~N(0,1))",18,0.0019335189559073,0.0036288015544414
3,"GCP-Mamba (Delta only, w_c~N(0,1))",19,0.0019246448522828,0.0029357990715652
3,"GCP-Mamba (Delta only, w_c~N(0,1))",20,0.0019561913231331,0.0032232159283012
3,"GCP-Mamba (Delta only, w_c~N(0,1))",21,0.0018489791934068,0.0031660674139857
3,"GCP-Mamba (Delta only, w_c~N(0,1))",22,0.0018795006873198,0.0031978031620383
3,"GCP-Mamba (Delta only, w_c~N(0,1))",23,0.0019025433681566,0.0033172755502164
3,"GCP-Mamba (Delta only, w_c~N(0,1))",24,0.0018015993109932,0.0033508399501442
3,"GCP-Mamba (Delta only, w_c~N(0,1))",25,0.0017408680445937,0.0030153568368405
3,"GCP-Mamba (Delta only, w_c~N(0,1))",26,0.0017033640161213,0.0030983095057308
3,"GCP-Mamba (Delta only, w_c~N(0,1))",27,0.0017271448406531,0.0032382020726799
3,"GCP-Mamba (Delta only, w_c~N(0,1))",28,0.0019344421258817,0.0034221520181745
3,"GCP-Mamba (Delta only, w_c~N(0,1))",29,0.0020024193606028,0.0036268546245992
3,"GCP-Mamba (Delta only, w_c~N(0,1))",30,0.0019193698376925,0.0029824785888195
3,"GCP-Mamba (Delta only, w_c~N(0,1))",31,0.0018116438295692,0.0031372450757771
3,"GCP-Mamba (Delta only, w_c~N(0,1))",32,0.0017160665963522,0.0031064299400895
3,"GCP-Mamba (Delta only, w_c~N(0,1))",33,0.001610939394485,0.0029286509379744
3,"GCP-Mamba (Delta only, w_c~N(0,1))",34,0.0016294864472001,0.0031789760105311
3,"GCP-Mamba (Delta only, w_c~N(0,1))",35,0.0015152371312124,0.0029549580067396
3,"GCP-Mamba (Delta only, w_c~N(0,1))",36,0.001495361716176,0.0028610927984118
3,"GCP-Mamba (Delta only, w_c~N(0,1))",37,0.0014848938232965,0.0028481020126491
3,"GCP-Mamba (Delta only, w_c~N(0,1))",38,0.0014492990078658,0.0028379624709486
3,"GCP-Mamba (Delta only, w_c~N(0,1))",39,0.0014994416110725,0.0031401060987263
3,"GCP-Mamba (Delta only, w_c~N(0,1))",40,0.0017794737042012,0.0027930377982556
3,"GCP-Mamba (Delta only, w_c~N(0,1))",41,0.0015418179065101,0.0029686309862881
3,"GCP-Mamba (Delta only, w_c~N(0,1))",42,0.0013733274924258,0.0027707109693437
3,"GCP-Mamba (Delta only, w_c~N(0,1))",43,0.0013450110211234,0.0027398937381803
3,"GCP-Mamba (Delta only, w_c~N(0,1))",44,0.00132430567773,0.0030552295502275
3,"GCP-Mamba (Delta only, w_c~N(0,1))",45,0.0013346500204396,0.0026815629098564
3,"GCP-Mamba (Delta only, w_c~N(0,1))",46,0.0013000176951402,0.002761241979897
3,"GCP-Mamba (Delta only, w_c~N(0,1))",47,0.0012435661558287,0.0027488151099532
3,"GCP-Mamba (Delta only, w_c~N(0,1))",48,0.0012361625047174,0.0029213377274572
3,"GCP-Mamba (Delta only, w_c~N(0,1))",49,0.001401138149738,0.0029289843514561
3,"GCP-Mamba (Delta only, w_c~N(0,1))",50,0.0013899226817584,0.0028288883622735
3,"GCP-Mamba (Delta only, w_c~N(0,1))",51,0.0012853201125946,0.0028253246564418
3,"GCP-Mamba (Delta only, w_c~N(0,1))",52,0.0012559198887284,0.002698405412957
3,"GCP-Mamba (Delta only, w_c~N(0,1))",53,0.001307483864807,0.0030960619915276
3,"GCP-Mamba (Delta only, w_c~N(0,1))",54,0.001397577304901,0.0026347187813371
3,"GCP-Mamba (Delta only, w_c~N(0,1))",55,0.001422999326182,0.0032092863693833
3,"GCP-Mamba (Delta only, w_c~N(0,1))",56,0.0014584691609453,0.002717463299632
3,"GCP-Mamba (Delta only, w_c~N(0,1))",57,0.0013308273645992,0.002833783859387
3,"GCP-Mamba (Delta only, w_c~N(0,1))",58,0.0013040773372984,0.0026967306621372
3,"GCP-Mamba (Delta only, w_c~N(0,1))",59,0.0013121019583195,0.0028038409072905
3,"GCP-Mamba (Delta only, w_c~N(0,1))",60,0.0012088845868482,0.0029118887614458
3,"GCP-Mamba (Delta only, w_c~N(0,1))",61,0.0011459155110501,0.0026905655395239
3,"GCP-Mamba (Delta only, w_c~N(0,1))",62,0.0011521622566788,0.0028126621618866
3,"GCP-Mamba (Delta only, w_c~N(0,1))",63,0.0011470498989872,0.0028618902433663
3,"GCP-Mamba (Delta only, w_c~N(0,1))",64,0.0010946179479078,0.002786973491311
3,"GCP-Mamba (Delta only, w_c~N(0,1))",65,0.0010628498752008,0.0027830936014652
3,"GCP-Mamba (Delta only, w_c~N(0,1))",66,0.0010860745378798,0.0028535642195492
3,"GCP-Mamba (Delta only, w_c~N(0,1))",67,0.0010826569861929,0.0027660164050757
3,"GCP-Mamba (Delta only, w_c~N(0,1))",68,0.0010924926909589,0.0028322541620582
3,"GCP-Mamba (Delta only, w_c~N(0,1))",69,0.0010821734286957,0.0029496552888303
4,"GCP-Mamba (Delta only, w_c~N(0,1))",0,0.0042433842108752,0.0035820736084133
4,"GCP-Mamba (Delta only, w_c~N(0,1))",1,0.0040410802223913,0.003385177347809
4,"GCP-Mamba (Delta only, w_c~N(0,1))",2,0.0038174534410827,0.00297597120516
4,"GCP-Mamba (Delta only, w_c~N(0,1))",3,0.0037590302761456,0.0030930116772651
4,"GCP-Mamba (Delta only, w_c~N(0,1))",4,0.0036601698588874,0.0028946946840733
4,"GCP-Mamba (Delta only, w_c~N(0,1))",5,0.0033222826770607,0.0026927085127681
4,"GCP-Mamba (Delta only, w_c~N(0,1))",6,0.0030796142720463,0.0026768695097416
4,"GCP-Mamba (Delta only, w_c~N(0,1))",7,0.0028583521891063,0.0023451608140021
4,"GCP-Mamba (Delta only, w_c~N(0,1))",8,0.0026975923608117,0.0024059549905359
4,"GCP-Mamba (Delta only, w_c~N(0,1))",9,0.0026336097880434,0.0026362056378275
4,"GCP-Mamba (Delta only, w_c~N(0,1))",10,0.0028612053326645,0.002891743555665
4,"GCP-Mamba (Delta only, w_c~N(0,1))",11,0.0030619225250356,0.0025558245833963
4,"GCP-Mamba (Delta only, w_c~N(0,1))",12,0.0027339999595817,0.0025590329896658
4,"GCP-Mamba (Delta only, w_c~N(0,1))",13,0.002575172275546,0.0022106661926954
4,"GCP-Mamba (Delta only, w_c~N(0,1))",14,0.0025490567711242,0.0023100962862372
4,"GCP-Mamba (Delta only, w_c~N(0,1))",15,0.002254932825688,0.0021493146196007
4,"GCP-Mamba (Delta only, w_c~N(0,1))",16,0.0021010123372493,0.0020542643032968
4,"GCP-Mamba (Delta only, w_c~N(0,1))",17,0.0020609612961085,0.0020284135825932
4,"GCP-Mamba (Delta only, w_c~N(0,1))",18,0.0019901698930926,0.0020415582694113
4,"GCP-Mamba (Delta only, w_c~N(0,1))",19,0.0020170380368078,0.0021400041878223
4,"GCP-Mamba (Delta only, w_c~N(0,1))",20,0.0021394504436874,0.0021373848430812
4,"GCP-Mamba (Delta only, w_c~N(0,1))",21,0.0019811561411554,0.0020190246868878
4,"GCP-Mamba (Delta only, w_c~N(0,1))",22,0.0019034076827115,0.0019978955388069
4,"GCP-Mamba (Delta only, w_c~N(0,1))",23,0.0018314391712946,0.0020630669314414
4,"GCP-Mamba (Delta only, w_c~N(0,1))",24,0.0017941583654836,0.0019621441606432
4,"GCP-Mamba (Delta only, w_c~N(0,1))",25,0.0018860281976073,0.0020133883226662
4,"GCP-Mamba (Delta only, w_c~N(0,1))",26,0.0017791017730847,0.0019352976232767
4,"GCP-Mamba (Delta only, w_c~N(0,1))",27,0.0017565429636123,0.0019817671272903
4,"GCP-Mamba (Delta only, w_c~N(0,1))",28,0.0017859668373766,0.001959032844752
4,"GCP-Mamba (Delta only, w_c~N(0,1))",29,0.0017417363400349,0.0020676902495324
4,"GCP-Mamba (Delta only, w_c~N(0,1))",30,0.0016893954267524,0.0018452483927831
4,"GCP-Mamba (Delta only, w_c~N(0,1))",31,0.0016178773383596,0.0019470663974061
4,"GCP-Mamba (Delta only, w_c~N(0,1))",32,0.0016839619501487,0.0020807504188269
4,"GCP-Mamba (Delta only, w_c~N(0,1))",33,0.0018664476295879,0.0022441823966801
4,"GCP-Mamba (Delta only, w_c~N(0,1))",34,0.0019651810783497,0.0023920789826661
4,"GCP-Mamba (Delta only, w_c~N(0,1))",35,0.0017706154453695,0.0020795201417058
4,"GCP-Mamba (Delta only, w_c~N(0,1))",36,0.0017584220249969,0.0019128888379782
4,"GCP-Mamba (Delta only, w_c~N(0,1))",37,0.0016061084674966,0.001954787177965
4,"GCP-Mamba (Delta only, w_c~N(0,1))",38,0.0015243230983882,0.0020090576726943
4,"GCP-Mamba (Delta only, w_c~N(0,1))",39,0.0015036324466236,0.0018478434067219
4,"GCP-Mamba (Delta only, w_c~N(0,1))",40,0.0014756793782731,0.0018270355649292
4,"GCP-Mamba (Delta only, w_c~N(0,1))",41,0.0014126208785036,0.0018502980237826
4,"GCP-Mamba (Delta only, w_c~N(0,1))",42,0.0014179876767661,0.0017689828528091
4,"GCP-Mamba (Delta only, w_c~N(0,1))",43,0.0014083776786327,0.0018353670602664
4,"GCP-Mamba (Delta only, w_c~N(0,1))",44,0.0013405857415092,0.0018670476274564
4,"GCP-Mamba (Delta only, w_c~N(0,1))",45,0.0017258894802305,0.0018973348196595
4,"GCP-Mamba (Delta only, w_c~N(0,1))",46,0.0017160361878935,0.0022259012330323
4,"GCP-Mamba (Delta only, w_c~N(0,1))",47,0.0016640780565643,0.0019822595641016
4,"GCP-Mamba (Delta only, w_c~N(0,1))",48,0.0014730028853343,0.001834021997638
4,"GCP-Mamba (Delta only, w_c~N(0,1))",49,0.0013539397053876,0.0017938566161319
4,"GCP-Mamba (Delta only, w_c~N(0,1))",50,0.0013776628523328,0.0018432028591632
4,"GCP-Mamba (Delta only, w_c~N(0,1))",51,0.0013373502741212,0.00193585769739
4,"GCP-Mamba (Delta only, w_c~N(0,1))",52,0.0013041527038976,0.0018350462196394
4,"GCP-Mamba (Delta only, w_c~N(0,1))",53,0.0013163291569464,0.0019899932667613
4,"GCP-Mamba (Delta only, w_c~N(0,1))",54,0.0013092841346674,0.0020742567721754
4,"GCP-Mamba (Delta only, w_c~N(0,1))",55,0.0013750266575207,0.0018418910913169
4,"GCP-Mamba (Delta only, w_c~N(0,1))",56,0.0012940919234437,0.0020551341585814
4,"GCP-Mamba (Delta only, w_c~N(0,1))",57,0.0013754853422639,0.001891377964057
5,"GCP-Mamba (Delta only, w_c~N(0,1))",0,0.0029312069097963,0.0038759033195674
5,"GCP-Mamba (Delta only, w_c~N(0,1))",1,0.0028824118485387,0.0037452653050422
5,"GCP-Mamba (Delta only, w_c~N(0,1))",2,0.0027536028637908,0.0038071640301495
5,"GCP-Mamba (Delta only, w_c~N(0,1))",3,0.0026333847369712,0.0038205541204661
5,"GCP-Mamba (Delta only, w_c~N(0,1))",4,0.0025565633442826,0.0039042416028678
5,"GCP-Mamba (Delta only, w_c~N(0,1))",5,0.0025220757027944,0.0037252383772283
5,"GCP-Mamba (Delta only, w_c~N(0,1))",6,0.002526771191221,0.0038290037773549
5,"GCP-Mamba (Delta only, w_c~N(0,1))",7,0.0024138620338187,0.0038706518243998
5,"GCP-Mamba (Delta only, w_c~N(0,1))",8,0.0023461220105393,0.0036844918504357
5,"GCP-Mamba (Delta only, w_c~N(0,1))",9,0.0022201420094531,0.0037056277506053
5,"GCP-Mamba (Delta only, w_c~N(0,1))",10,0.0022034919641625,0.003809711895883
5,"GCP-Mamba (Delta only, w_c~N(0,1))",11,0.0022514702788052,0.0037519056349992
5,"GCP-Mamba (Delta only, w_c~N(0,1))",12,0.002042537363461,0.0038737915456295
5,"GCP-Mamba (Delta only, w_c~N(0,1))",13,0.001929137447419,0.0038564247079193
5,"GCP-Mamba (Delta only, w_c~N(0,1))",14,0.0018753189414453,0.0040287552401423
5,"GCP-Mamba (Delta only, w_c~N(0,1))",15,0.0018920297519518,0.0039184144698083
5,"GCP-Mamba (Delta only, w_c~N(0,1))",16,0.0017847149494068,0.0038987786974757
5,"GCP-Mamba (Delta only, w_c~N(0,1))",17,0.0017688090805537,0.0037588633131235
5,"GCP-Mamba (Delta only, w_c~N(0,1))",18,0.0017118714749813,0.0038519802037626
5,"GCP-Mamba (Delta only, w_c~N(0,1))",19,0.0018437921535223,0.0039576268754899
5,"GCP-Mamba (Delta only, w_c~N(0,1))",20,0.0018014426504333,0.003582855220884
5,"GCP-Mamba (Delta only, w_c~N(0,1))",21,0.001718462151117,0.0038494470063596
5,"GCP-Mamba (Delta only, w_c~N(0,1))",22,0.0016807356258281,0.0038341879844665
5,"GCP-Mamba (Delta only, w_c~N(0,1))",23,0.0016870874159324,0.0038263199385255
5,"GCP-Mamba (Delta only, w_c~N(0,1))",24,0.0017372404735607,0.0038249513600021
5,"GCP-Mamba (Delta only, w_c~N(0,1))",25,0.0016878557373554,0.0038666478358209
5,"GCP-Mamba (Delta only, w_c~N(0,1))",26,0.0016337003379773,0.0038954864721745
5,"GCP-Mamba (Delta only, w_c~N(0,1))",27,0.0016105331964074,0.0036760857328772
5,"GCP-Mamba (Delta only, w_c~N(0,1))",28,0.0015314931981265,0.0037562309298664
5,"GCP-Mamba (Delta only, w_c~N(0,1))",29,0.0014973911313483,0.0036701138596981
5,"GCP-Mamba (Delta only, w_c~N(0,1))",30,0.0014598706199859,0.0037455961573868
5,"GCP-Mamba (Delta only, w_c~N(0,1))",31,0.0014534733616388,0.0036293510347604
5,"GCP-Mamba (Delta only, w_c~N(0,1))",32,0.0014780596256829,0.0037139696069061
5,"GCP-Mamba (Delta only, w_c~N(0,1))",33,0.0014802261381051,0.0037125477101653
5,"GCP-Mamba (Delta only, w_c~N(0,1))",34,0.0014566377038136,0.0035552631597965
5,"GCP-Mamba (Delta only, w_c~N(0,1))",35,0.0014281475307563,0.0034652869217097
5,"GCP-Mamba (Delta only, w_c~N(0,1))",36,0.00138271163361,0.0036882325075566
5,"GCP-Mamba (Delta only, w_c~N(0,1))",37,0.0013650684044338,0.0037574323359876
5,"GCP-Mamba (Delta only, w_c~N(0,1))",38,0.00140109488454,0.0035663028247654
5,"GCP-Mamba (Delta only, w_c~N(0,1))",39,0.001352427211196,0.0037847377825528
5,"GCP-Mamba (Delta only, w_c~N(0,1))",40,0.0014465382071928,0.0037230891175568
5,"GCP-Mamba (Delta only, w_c~N(0,1))",41,0.0014407617196691,0.0036251416895538
5,"GCP-Mamba (Delta only, w_c~N(0,1))",42,0.0015275551042018,0.0037096312735229
5,"GCP-Mamba (Delta only, w_c~N(0,1))",43,0.0013556173608566,0.0034592635929584
5,"GCP-Mamba (Delta only, w_c~N(0,1))",44,0.0013121052743652,0.0035808531101793
5,"GCP-Mamba (Delta only, w_c~N(0,1))",45,0.001235966465006,0.003592126071453
5,"GCP-Mamba (Delta only, w_c~N(0,1))",46,0.0012284095300576,0.0035784214269369
5,"GCP-Mamba (Delta only, w_c~N(0,1))",47,0.0011904247033481,0.0034733798820525
5,"GCP-Mamba (Delta only, w_c~N(0,1))",48,0.0012075157665934,0.0035018932539969
5,"GCP-Mamba (Delta only, w_c~N(0,1))",49,0.0012977923302409,0.0033959345892071
5,"GCP-Mamba (Delta only, w_c~N(0,1))",50,0.0013917301987441,0.0036403802223503
5,"GCP-Mamba (Delta only, w_c~N(0,1))",51,0.001350583642936,0.0034872207324951
5,"GCP-Mamba (Delta only, w_c~N(0,1))",52,0.0013129314103235,0.0035156633239239
5,"GCP-Mamba (Delta only, w_c~N(0,1))",53,0.0012078318906088,0.0034849485382437
5,"GCP-Mamba (Delta only, w_c~N(0,1))",54,0.0011285973426241,0.0035338264424353
5,"GCP-Mamba (Delta only, w_c~N(0,1))",55,0.0011156079395172,0.0035338755697011
5,"GCP-Mamba (Delta only, w_c~N(0,1))",56,0.0011178895437087,0.0034359928686171
5,"GCP-Mamba (Delta only, w_c~N(0,1))",57,0.0011028572093122,0.0037441065069288
5,"GCP-Mamba (Delta only, w_c~N(0,1))",58,0.0011693067642716,0.0036003645509481
5,"GCP-Mamba (Delta only, w_c~N(0,1))",59,0.0012801232246252,0.0036512077786028
5,"GCP-Mamba (Delta only, w_c~N(0,1))",60,0.0011630395140785,0.0035409110132604
5,"GCP-Mamba (Delta only, w_c~N(0,1))",61,0.0010909630209565,0.0033747549168765
5,"GCP-Mamba (Delta only, w_c~N(0,1))",62,0.0010387672577053,0.0035861479118466
5,"GCP-Mamba (Delta only, w_c~N(0,1))",63,0.0010420398791141,0.0034207087010145
5,"GCP-Mamba (Delta only, w_c~N(0,1))",64,0.001096142667274,0.0036265733651816
5,"GCP-Mamba (Delta only, w_c~N(0,1))",65,0.0010366331651591,0.0034377742558717
5,"GCP-Mamba (Delta only, w_c~N(0,1))",66,0.0010409164108121,0.0035105107817798
5,"GCP-Mamba (Delta only, w_c~N(0,1))",67,0.0010355199293161,0.0034510807599872
5,"GCP-Mamba (Delta only, w_c~N(0,1))",68,0.0010505530696648,0.0036124272737652
5,"GCP-Mamba (Delta only, w_c~N(0,1))",69,0.001025196377976,0.0035097694490104
5,"GCP-Mamba (Delta only, w_c~N(0,1))",70,0.0010335435231144,0.0036652637645602
5,"GCP-Mamba (Delta only, w_c~N(0,1))",71,0.0012576619924332,0.0035362348426133
5,"GCP-Mamba (Delta only, w_c~N(0,1))",72,0.0010271363260331,0.0034669090528041
5,"GCP-Mamba (Delta only, w_c~N(0,1))",73,0.0009681548314312,0.0035482379607856
5,"GCP-Mamba (Delta only, w_c~N(0,1))",74,0.0009867509432996,0.0035380867775529
5,"GCP-Mamba (Delta only, w_c~N(0,1))",75,0.0009632328596825,0.003691031364724
5,"GCP-Mamba (Delta only, w_c~N(0,1))",76,0.0009351774297941,0.003613831475377
1,Graph-MLP (no scan),0,0.0037527071258080177,0.003875110996887088
1,Graph-MLP (no scan),1,0.003530766548372913,0.0036246497184038162
1,Graph-MLP (no scan),2,0.003272919014663152,0.003537936368957162
1,Graph-MLP (no scan),3,0.0031124545527838063,0.0034945663064718246
1,Graph-MLP (no scan),4,0.0030066113129420123,0.0034608421847224236
1,Graph-MLP (no scan),5,0.00293461293441014,0.0034963986836373806
1,Graph-MLP (no scan),6,0.0027865803179641566,0.0032524208072572947
1,Graph-MLP (no scan),7,0.0026098832731013713,0.0033833824563771486
1,Graph-MLP (no scan),8,0.002389283408748283,0.0032768435776233673
1,Graph-MLP (no scan),9,0.0022426371334417577,0.0031717775855213404
1,Graph-MLP (no scan),10,0.0021409589419330377,0.0033817128278315067
1,Graph-MLP (no scan),11,0.002591607832363334,0.003226081607863307
1,Graph-MLP (no scan),12,0.0025950709452339706,0.00341481389477849
1,Graph-MLP (no scan),13,0.002341015480350757,0.003483294742181897
1,Graph-MLP (no scan),14,0.0022729345111419325,0.003937423229217529
1,Graph-MLP (no scan),15,0.0020213003128605046,0.0033534294925630093
1,Graph-MLP (no scan),16,0.0019351399446284208,0.0035413941368460655
1,Graph-MLP (no scan),17,0.0018166352326617293,0.0032214978709816933
1,Graph-MLP (no scan),18,0.001929811009651293,0.003374396590515971
1,Graph-MLP (no scan),19,0.0017604302231937754,0.0033217838499695063
1,Graph-MLP (no scan),20,0.0018158991166484961,0.0031151953153312206
1,Graph-MLP (no scan),21,0.0017697420224304433,0.003156024031341076
1,Graph-MLP (no scan),22,0.0016754314824736314,0.0033307757694274187
1,Graph-MLP (no scan),23,0.0017687590131401153,0.003662731032818556
1,Graph-MLP (no scan),24,0.0019834185849227333,0.0034577399492263794
1,Graph-MLP (no scan),25,0.0017783392787627552,0.00365510955452919
1,Graph-MLP (no scan),26,0.0017002658493330946,0.003264104016125202
1,Graph-MLP (no scan),27,0.0016095207243199475,0.0035519073717296124
1,Graph-MLP (no scan),28,0.001702071204646558,0.003442005719989538
1,Graph-MLP (no scan),29,0.001813668251523505,0.003519973251968622
1,Graph-MLP (no scan),30,0.0021448971811628,0.0033536201808601618
1,Graph-MLP (no scan),31,0.0017333687544611378,0.003193235956132412
1,Graph-MLP (no scan),32,0.0015710269875379036,0.003183856839314103
1,Graph-MLP (no scan),33,0.0015066971958520403,0.0033401972614228725
1,Graph-MLP (no scan),34,0.001586969965474977,0.0034911620896309614
1,Graph-MLP (no scan),35,0.0014754568599501922,0.003231754759326577
1,Graph-MLP (no scan),36,0.0015276854763320391,0.003743404522538185
1,Graph-MLP (no scan),37,0.0017311960067330062,0.0037644775584340096
1,Graph-MLP (no scan),38,0.0017861550964037146,0.0035195935051888227
1,Graph-MLP (no scan),39,0.0017893810543920035,0.0036556231789290905
1,GCP-Mamba (additive prior),0,0.002659372311335165,0.0025087057147175074
1,GCP-Mamba (additive prior),1,0.002607827098446264,0.002361444989219308
1,GCP-Mamba (additive prior),2,0.0025593515922504384,0.0023803571239113808
1,GCP-Mamba (additive prior),3,0.002493531456676082,0.0023792062420397997
1,GCP-Mamba (additive prior),4,0.0024419310941374388,0.0024182703346014023
1,GCP-Mamba (additive prior),5,0.0023998302758495875,0.0025256541557610035
1,GCP-Mamba (additive prior),6,0.0023614905582254996,0.0026140939444303513
1,GCP-Mamba (additive prior),7,0.0023200806294419412,0.002673588925972581
1,GCP-Mamba (additive prior),8,0.0022695958411887937,0.0027519261930137873
1,GCP-Mamba (additive prior),9,0.0022407563916151075,0.002776920795440674
1,GCP-Mamba (additive prior),10,0.0022407311801056285,0.0029093087650835514
1,GCP-Mamba (additive prior),11,0.002277162985579259,0.0029215586837381124
1,GCP-Mamba (additive prior),12,0.0023778426609393478,0.0028752184007316828
1,GCP-Mamba (additive prior),13,0.002281462422747543,0.002822136040776968
1,GCP-Mamba (additive prior),14,0.002161209633492905,0.0029340144246816635
1,GCP-Mamba (additive prior),15,0.0021043028480008893,0.0029891780577600002
1,GCP-Mamba (additive prior),16,0.0020337391820182834,0.0030222050845623016
1,GCP-Mamba (additive prior),17,0.002039511364115321,0.002955690026283264
1,GCP-Mamba (additive prior),18,0.00197936237057455,0.002840635599568486
1,GCP-Mamba (additive prior),19,0.0019645167698584282,0.003102016169577837
1,GCP-Mamba (additive prior),20,0.00195439454788963,0.0031741068232804537
1,GCP-Mamba (additive prior),21,0.0019917869788554053,0.0029976502992212772
1,GCP-Mamba (additive prior),22,0.0019496771189775588,0.0031403834000229836
1,GCP-Mamba (additive prior),23,0.0018050617983807688,0.003251780988648534
1,GCP-Mamba (additive prior),24,0.0018290261454556298,0.0030352696776390076
1,GCP-Mamba (additive prior),25,0.0017608320243501414,0.0033989762887358665
1,GCP-Mamba (additive prior),26,0.001759600002264631,0.0032819847110658884
1,GCP-Mamba (additive prior),27,0.00180251933330589,0.0026813994627445936
1,GCP-Mamba (additive prior),28,0.0020329353038518543,0.002884665271267295
1,GCP-Mamba (additive prior),29,0.001927146472144818,0.0031192232854664326
1,GCP-Mamba (additive prior),30,0.0018254635987155464,0.0031930513214319944
1,GCP-Mamba (additive prior),31,0.0017161319771295657,0.003348885104060173
1,GCP-Mamba (additive prior),32,0.0017129167833405993,0.003180441679432988
1,GCP-Mamba (additive prior),33,0.001579656506942558,0.0032969536259770393
1,GCP-Mamba (additive prior),34,0.0015588083196485388,0.0030208334792405367
1,GCP-Mamba (additive prior),35,0.0017321960784602857,0.0032586187589913607
1,GCP-Mamba (additive prior),36,0.0015774937177859786,0.0033464482985436916
1,GCP-Mamba (additive prior),37,0.0015487293130718172,0.0034406641498208046
1,GCP-Mamba (additive prior),38,0.001513190746334368,0.003265711944550276
1,GCP-Mamba (additive prior),39,0.0014532949603365166,0.003040316281840205
1,Mamba (additive prior),0,0.0026569924717161643,0.00244365562684834
1,Mamba (additive prior),1,0.0025719439415126176,0.002398246666416526
1,Mamba (additive prior),2,0.0025198948316519027,0.0023921746760606766
1,Mamba (additive prior),3,0.0024702430911956058,0.0024136709980666637
1,Mamba (additive prior),4,0.00244131399338822,0.0024152027908712626
1,Mamba (additive prior),5,0.0023861774310901546,0.002467861631885171
1,Mamba (additive prior),6,0.002353169351303275,0.0024636988528072834
1,Mamba (additive prior),7,0.0022720104333121276,0.0026466960553079844
1,Mamba (additive prior),8,0.002253045749756089,0.0026226129848510027
1,Mamba (additive prior),9,0.0022243794553197813,0.002539336448535323
1,Mamba (additive prior),10,0.0021405732917153964,0.0026947257574647665
1,Mamba (additive prior),11,0.002102606194228798,0.0027985211927443743
1,Mamba (additive prior),12,0.0020726489787246437,0.0027741878293454647
1,Mamba (additive prior),13,0.002056174375457635,0.0027580608148127794
1,Mamba (additive prior),14,0.0019973623397611623,0.002931965049356222
1,Mamba (additive prior),15,0.002007605924702965,0.0027591874822974205
1,Mamba (additive prior),16,0.0019758533251107387,0.002543533220887184
1,Mamba (additive prior),17,0.0018118883641706645,0.0027922801673412323
1,Mamba (additive prior),18,0.001790724600246851,0.0026871890295296907
1,Mamba (additive prior),19,0.0017543304070452418,0.0030047984328120947
1,Mamba (additive prior),20,0.001873638907757898,0.00268166558817029
1,Mamba (additive prior),21,0.0017092133150098548,0.002836263505741954
1,Mamba (additive prior),22,0.0018073248413755841,0.0025762852746993303
1,Mamba (additive prior),23,0.0018289123958759549,0.0028660944662988186
1,Mamba (additive prior),24,0.00162411337731865,0.0028079033363610506
1,Mamba (additive prior),25,0.001665067767886364,0.0029349790420383215
1,Mamba (additive prior),26,0.00164475220768456,0.002857672283425927
1,Mamba (additive prior),27,0.001568163659059159,0.0028503795620054007
1,Mamba (additive prior),28,0.001478136719568916,0.0027770998422056437
1,Mamba (additive prior),29,0.0014490250589164054,0.002814012812450528
1,Mamba (additive prior),30,0.0014521464219559794,0.00288498611189425
1,Mamba (additive prior),31,0.0015946143100955996,0.002995809307321906
1,Mamba (additive prior),32,0.0016228333959166987,0.0028328238986432552
1,Mamba (additive prior),33,0.0016143360880433002,0.002968988846987486
1,Mamba (additive prior),34,0.0015553174661877363,0.002861523302271962
1,Mamba (additive prior),35,0.001536404582388375,0.002935178577899933
1,Mamba (additive prior),36,0.0014283892620975773,0.0028566112741827965
1,Mamba (additive prior),37,0.001476439210397286,0.0030582882463932037
1,Mamba (additive prior),38,0.0014337131026389914,0.0026457153726369143
1,Mamba (additive prior),39,0.001391446042427982,0.002883617067709565
2,GCP-Mamba (additive prior),0,0.002365940734543067,0.0033555859699845314
2,GCP-Mamba (additive prior),1,0.0022128813719149115,0.0033442045096307993
2,GCP-Mamba (additive prior),2,0.0021576932999941944,0.00333155645057559
2,GCP-Mamba (additive prior),3,0.0021228361749190757,0.0033381052780896425
2,GCP-Mamba (additive prior),4,0.00208143491244359,0.0035353905986994505
2,GCP-Mamba (additive prior),5,0.0020380984378724006,0.0035399352200329304
2,GCP-Mamba (additive prior),6,0.0020434756733128706,0.003588025690987706
2,GCP-Mamba (additive prior),7,0.001990148325269814,0.003818743396550417
2,GCP-Mamba (additive prior),8,0.0019682427154679738,0.0039118193089962006
2,GCP-Mamba (additive prior),9,0.0019498081013506693,0.0038995228242129087
2,GCP-Mamba (additive prior),10,0.0019562508276054005,0.004096498247236013
2,GCP-Mamba (additive prior),11,0.001914951082640629,0.003917424473911524
2,GCP-Mamba (additive prior),12,0.0018411241270762553,0.0041241575963795185
2,GCP-Mamba (additive prior),13,0.0018153069038346088,0.004118811804801226
2,GCP-Mamba (additive prior),14,0.001786900533483826,0.004556585568934679
2,GCP-Mamba (additive prior),15,0.0017468469500501486,0.004401837009936571
2,GCP-Mamba (additive prior),16,0.0017336818603999752,0.004460962489247322
2,GCP-Mamba (additive prior),17,0.0017532162894260326,0.004628181457519531
2,GCP-Mamba (additive prior),18,0.0018965915312802943,0.004082582425326109
2,GCP-Mamba (additive prior),19,0.001798646080662771,0.004170864354819059
2,GCP-Mamba (additive prior),20,0.0017740109695872064,0.004299120511859655
2,GCP-Mamba (additive prior),21,0.0017203410966790838,0.004444655496627092
2,GCP-Mamba (additive prior),22,0.0016662637755884488,0.004653914365917444
2,GCP-Mamba (additive prior),23,0.001663187138481642,0.004525452386587858
2,GCP-Mamba (additive prior),24,0.0016414211098131515,0.004508429206907749
2,GCP-Mamba (additive prior),25,0.0016439471841059464,0.004695040173828602
2,GCP-Mamba (additive prior),26,0.0016330771479862842,0.004498742986470461
2,GCP-Mamba (additive prior),27,0.001654247234059538,0.005213941913098097
2,GCP-Mamba (additive prior),28,0.0017436578410858516,0.004462778568267822
2,GCP-Mamba (additive prior),29,0.001714213325586773,0.004492294974625111
2,GCP-Mamba (additive prior),30,0.0016365921972386485,0.004304243251681328
2,GCP-Mamba (additive prior),31,0.0016334479936003256,0.004847053438425064
2,GCP-Mamba (additive prior),32,0.001609686417873654,0.00443390104919672
2,GCP-Mamba (additive prior),33,0.0016233875230289728,0.004894197918474674
2,GCP-Mamba (additive prior),34,0.0015739434760519498,0.004613082390278578
2,GCP-Mamba (additive prior),35,0.0015598479750492482,0.004931529983878136
2,GCP-Mamba (additive prior),36,0.0015693900088290516,0.004614019300788641
2,GCP-Mamba (additive prior),37,0.00154566731498235,0.005320090334862471
2,GCP-Mamba (additive prior),38,0.00151019912085784,0.004734120797365904
2,GCP-Mamba (additive prior),39,0.001453451557661132,0.004750566091388464
2,Mamba (additive prior),0,0.0022764394056427177,0.0033812287729233503
2,Mamba (additive prior),1,0.002255680153009033,0.00345052732154727
2,Mamba (additive prior),2,0.0022020845325569885,0.0033491309732198715
2,Mamba (additive prior),3,0.0021571374277202346,0.0033937152475118637
2,Mamba (additive prior),4,0.0021137490989171343,0.0035073822364211082
2,Mamba (additive prior),5,0.0020765131238928373,0.0036492941435426474
2,Mamba (additive prior),6,0.0020212424205441914,0.0038387414533644915
2,Mamba (additive prior),7,0.0019859351190946086,0.0038809727411717176
2,Mamba (additive prior),8,0.002002883195816774,0.0037943441420793533
2,Mamba (additive prior),9,0.0019671251769546125,0.00397183233872056
2,Mamba (additive prior),10,0.0019550124311437764,0.004088900983333588
2,Mamba (additive prior),11,0.001925934466245256,0.0043346150778234005
2,Mamba (additive prior),12,0.0018828998247777922,0.00434489082545042
2,Mamba (additive prior),13,0.0018522931805563915,0.004436579067260027
2,Mamba (additive prior),14,0.0017881998356780132,0.004446065053343773
2,Mamba (additive prior),15,0.0017523159626402335,0.004356168210506439
2,Mamba (additive prior),16,0.0017483607164865507,0.0041880421340465546
2,Mamba (additive prior),17,0.0017047274753906958,0.004573120269924402
2,Mamba (additive prior),18,0.001696094765877284,0.004555844236165285
2,Mamba (additive prior),19,0.0017405484799670873,0.004237757995724678
2,Mamba (additive prior),20,0.0017092837164808306,0.004707355983555317
2,Mamba (additive prior),21,0.0016903207392813704,0.004617443308234215
2,Mamba (additive prior),22,0.0016217669840607283,0.004572638776153326
2,Mamba (additive prior),23,0.0016231267418203165,0.00487890187650919
2,Mamba (additive prior),24,0.001612550775828711,0.004948679823428392
2,Mamba (additive prior),25,0.001567826994105155,0.005116804037243128
2,Mamba (additive prior),26,0.0015879729812924596,0.004915033932775259
2,Mamba (additive prior),27,0.0016102118521473176,0.004740165080875158
2,Mamba (additive prior),28,0.001671434982709935,0.00497011374682188
2,Mamba (additive prior),29,0.0017626809941189323,0.0046934159472584724
2,Mamba (additive prior),30,0.0016063267043490204,0.004696778487414122
2,Mamba (additive prior),31,0.0015055407408169276,0.004456319380551577
2,Mamba (additive prior),32,0.0014682151226447426,0.004789500031620264
2,Mamba (additive prior),33,0.0014307014191885003,0.004816207569092512
2,Mamba (additive prior),34,0.0013941269235605066,0.00479371752589941
2,Mamba (additive prior),35,0.0013737684105717236,0.004586993716657162
2,Mamba (additive prior),36,0.0013542566800208615,0.00447726109996438
2,Mamba (additive prior),37,0.0014101095881192483,0.0048822867684066296
2,Mamba (additive prior),38,0.0014403314118628665,0.004619002807885408
2,Mamba (additive prior),39,0.001514346770969012,0.004964868072420359
3,GCP-Mamba,0,0.004017842411430496,0.003970773424953222
3,GCP-Mamba,1,0.003951404300151449,0.0038124392740428448
3,GCP-Mamba,2,0.0036490438223788233,0.0037577219773083925
3,GCP-Mamba,3,0.0034170439960717254,0.004266767296940088
3,GCP-Mamba,4,0.0032795928841964765,0.004198419861495495
3,GCP-Mamba,5,0.0034312757832760162,0.0038323779590427876
3,GCP-Mamba,6,0.003243036800995469,0.0038886412512511015
3,GCP-Mamba,7,0.0029643331160486646,0.003940386697649956
3,GCP-Mamba,8,0.0026488470082933254,0.003995359875261784
3,GCP-Mamba,9,0.002462171335619959,0.00378023786470294
3,GCP-Mamba,10,0.0026024060930605187,0.004672424402087927
3,GCP-Mamba,11,0.0029319262654153686,0.003741430351510644
3,GCP-Mamba,12,0.002662834534986001,0.0037635951302945614
3,GCP-Mamba,13,0.002429847813662932,0.0038287572097033262
3,GCP-Mamba,14,0.0022532085440065148,0.0037285119760781527
3,GCP-Mamba,15,0.0022542360238730907,0.003855585353448987
3,GCP-Mamba,16,0.002146582302609176,0.003606024431064725
3,GCP-Mamba,17,0.0020543378848356733,0.00381748890504241
3,GCP-Mamba,18,0.0021721507972952995,0.003957039676606655
3,GCP-Mamba,19,0.002121085378651818,0.0035435426980257034
3,GCP-Mamba,20,0.001972859150334967,0.003636107314378023
3,GCP-Mamba,21,0.0019119943643807237,0.0037703649140894413
3,GCP-Mamba,22,0.0018860609976179671,0.00379495439119637
3,GCP-Mamba,23,0.0018343583179750676,0.003332610474899411
3,GCP-Mamba,24,0.0019605916388558617,0.003675162559375167
3,GCP-Mamba,25,0.0018879260345729012,0.003543309634551406
3,GCP-Mamba,26,0.0018575868329428363,0.0034773785155266523
3,GCP-Mamba,27,0.0018134417548549898,0.0034007292706519365
3,GCP-Mamba,28,0.0019843422694865503,0.0037576418835669756
3,GCP-Mamba,29,0.0017938031038890283,0.0038327521178871393
3,GCP-Mamba,30,0.0017967753140538027,0.0038527422584593296
3,GCP-Mamba,31,0.001785490446667554,0.003837381722405553
3,GCP-Mamba,32,0.0016712661282244053,0.0034028191585093737
3,GCP-Mamba,33,0.0015845447073154378,0.0034459515009075403
3,GCP-Mamba,34,0.0015388692298791175,0.0037438091821968555
3,GCP-Mamba,35,0.0015290921102419045,0.0031254782807081938
3,GCP-Mamba,36,0.0015153038795247223,0.003392597194761038
3,GCP-Mamba,37,0.0015438049220282471,0.003408833872526884
3,GCP-Mamba,38,0.0015514008559738145,0.003206215798854828
3,GCP-Mamba,39,0.0015065724869738474,0.0031978765036910772
3,GCP-Mamba,40,0.0015600632142388458,0.003417694242671132
3,GCP-Mamba,41,0.0015579502302871058,0.0035842950455844402
3,GCP-Mamba,42,0.0016731072506500464,0.004152826964855194
3,GCP-Mamba,43,0.0017342169232892268,0.0033318393398076296
3,GCP-Mamba,44,0.001589381248887741,0.003527774242684245
3,GCP-Mamba,45,0.0014360138024626808,0.00336050009354949
3,GCP-Mamba,46,0.0013780623787280285,0.003118041204288602
3,GCP-Mamba,47,0.0014057984737905138,0.0034863045439124107
3,GCP-Mamba,48,0.0016263739107120218,0.0032624967861920595
3,GCP-Mamba,49,0.0014226043660363014,0.0032410474959760904
3,GCP-Mamba,50,0.0013629436196590011,0.0033259743358939886
3,GCP-Mamba,51,0.0012878440637988124,0.003348289057612419
3,GCP-Mamba,52,0.0012571993654339828,0.0031096679158508778
3,GCP-Mamba,53,0.0012657061275659185,0.003264617407694459
3,GCP-Mamba,54,0.001242527420717207,0.003275853581726551
3,GCP-Mamba,55,0.0012826561807852352,0.003456264501437545
3,GCP-Mamba,56,0.001296442187264223,0.003152899444103241
3,GCP-Mamba,57,0.0013598345509363394,0.0034309150651097298
3,GCP-Mamba,58,0.001391498259071148,0.003439204767346382
3,GCP-Mamba,59,0.0013519855477198055,0.003413459984585643
3,GCP-Mamba,60,0.0012095818599460251,0.003196834586560726
3,GCP-Mamba,61,0.0011897238507641084,0.0034690380562096834
3,GCP-Mamba,62,0.0012300841291576173,0.0035295181442052126
3,GCP-Mamba,63,0.0012540582648591335,0.0031840780284255743
3,GCP-Mamba,64,0.0012028881694387758,0.0032074975315481424
3,GCP-Mamba,65,0.0011555135539365988,0.0031357707921415567
3,GCP-Mamba,66,0.0011546713419992363,0.003557521151378751
3,GCP-Mamba,67,0.0011500284343845014,0.0031146148685365915
3,Graph-MLP (no scan),0,0.00411829327684686,0.00394156901165843
3,Graph-MLP (no scan),1,0.004023587020734946,0.00406877463683486
3,Graph-MLP (no scan),2,0.0038506839226818447,0.0037652060855180025
3,Graph-MLP (no scan),3,0.003569092255819476,0.00449003092944622
3,Graph-MLP (no scan),4,0.003618281680356824,0.004004866350442171
3,Graph-MLP (no scan),5,0.003328216438548583,0.003914050292223692
3,Graph-MLP (no scan),6,0.0031256893099370327,0.004318373277783394
3,Graph-MLP (no scan),7,0.0030877390932856183,0.004149621352553368
3,Graph-MLP (no scan),8,0.0029077732893214984,0.0041122580878436565
3,Graph-MLP (no scan),9,0.002558351109848555,0.003988300915807486
3,Graph-MLP (no scan),10,0.0024070311196599946,0.004021123517304659
3,Graph-MLP (no scan),11,0.0031073314109534927,0.003943899646401405
3,Graph-MLP (no scan),12,0.0034073139329186893,0.0035307505168020725
3,Graph-MLP (no scan),13,0.0029737329054059405,0.00358241843059659
3,Graph-MLP (no scan),14,0.002530269106059815,0.004146262537688017
3,Graph-MLP (no scan),15,0.002275730236292337,0.004096929915249348
3,Graph-MLP (no scan),16,0.0022711259891476593,0.0039690518751740456
3,Graph-MLP (no scan),17,0.0021418170848240456,0.004085972439497709
3,Graph-MLP (no scan),18,0.0021709322428443666,0.003842622274532914
3,Graph-MLP (no scan),19,0.002208868662516276,0.0072183371521532536
3,Graph-MLP (no scan),20,0.0034322902757787342,0.004598041530698538
3,Graph-MLP (no scan),21,0.0029328506101261487,0.004076185170561075
3,Graph-MLP (no scan),22,0.002360270527953451,0.004291461315006018
3,Graph-MLP (no scan),23,0.002220062200318683,0.003767735790461302
3,Graph-MLP (no scan),24,0.0020140875624774985,0.003987208008766174
3,Graph-MLP (no scan),25,0.001954593032485608,0.0038201045244932175
3,Graph-MLP (no scan),26,0.0020783070093867454,0.0037839477881789207
3,Graph-MLP (no scan),27,0.0020661294163966722,0.003919052425771952
3,Graph-MLP (no scan),28,0.0021681198285836163,0.0037483221385627985
3,Graph-MLP (no scan),29,0.0020127991482502584,0.004488600417971611
3,Graph-MLP (no scan),30,0.001865453129126267,0.0037307054735720158
3,Graph-MLP (no scan),31,0.0018032571180921161,0.003864067606627941
3,Graph-MLP (no scan),32,0.001807351818900894,0.003757826518267393
3,Graph-MLP (no scan),33,0.0017314646816389127,0.004055785946547985
3,Graph-MLP (no scan),34,0.001748875157456055,0.003769595641642809
3,Graph-MLP (no scan),35,0.0017635566429376151,0.0038192819338291883
3,Graph-MLP (no scan),36,0.0017402995991605249,0.0035201688297092915
3,Graph-MLP (no scan),37,0.001690077997574752,0.003764636581763625
3,Graph-MLP (no scan),38,0.0017255327706648545,0.0038221648428589106
3,Graph-MLP (no scan),39,0.0018409638185844276,0.0035452095326036215
3,Graph-MLP (no scan),40,0.001732166927082069,0.003640777198597789
3,Graph-MLP (no scan),41,0.001628239543854513,0.003711695084348321
3,Graph-MLP (no scan),42,0.001653310793423743,0.0039963312447071075
3,Graph-MLP (no scan),43,0.0016335088329276805,0.00321288057602942
3,Graph-MLP (no scan),44,0.0015968968386225629,0.0036269172560423613
3,Graph-MLP (no scan),45,0.0019462724131616678,0.003794117132201791
3,Graph-MLP (no scan),46,0.0021544258660552177,0.004282205831259489
3,Graph-MLP (no scan),47,0.001951786333158838,0.003843737533316016
3,Graph-MLP (no scan),48,0.0017764374903036337,0.0037294714711606503
3,Graph-MLP (no scan),49,0.0016997010750470288,0.003988481592386961
3,Graph-MLP (no scan),50,0.0016670300498266113,0.003225197782739997
3,Graph-MLP (no scan),51,0.001556133660911159,0.0034090890549123287
3,Graph-MLP (no scan),52,0.0015590829337297967,0.003815780393779278
3,Graph-MLP (no scan),53,0.0015787984999461155,0.0035827127285301685
3,Graph-MLP (no scan),54,0.0016239251884998698,0.0033316093031316996
3,Graph-MLP (no scan),55,0.0015856951411644166,0.003923823591321707
3,Graph-MLP (no scan),56,0.0015528613249912407,0.003239251906052232
3,Graph-MLP (no scan),57,0.0014617793000952313,0.0040840888395905495
3,Graph-MLP (no scan),58,0.0014783310400547855,0.0032327757216989994
3,GCP-Mamba (additive prior),0,0.0029535204821238012,0.0026464753318578005
3,GCP-Mamba (additive prior),1,0.003075386630371213,0.002633735304698348
3,GCP-Mamba (additive prior),2,0.002860214025007956,0.0026238826103508472
3,GCP-Mamba (additive prior),3,0.0028173634429659805,0.0026420019567012787
3,GCP-Mamba (additive prior),4,0.0027942716313356705,0.002683458151295781
3,GCP-Mamba (additive prior),5,0.0027726080381509028,0.0026979472022503614
3,GCP-Mamba (additive prior),6,0.002760446249422702,0.002727968618273735
3,GCP-Mamba (additive prior),7,0.0027470600995884247,0.0028133599553257227
3,GCP-Mamba (additive prior),8,0.002682290904252141,0.002919008256867528
3,GCP-Mamba (additive prior),9,0.0026528187674667797,0.0029873810708522797
3,GCP-Mamba (additive prior),10,0.0026693593985824423,0.002924432745203376
3,GCP-Mamba (additive prior),11,0.00262646149900375,0.003036577720195055
3,GCP-Mamba (additive prior),12,0.002596447725822641,0.003016288857907057
3,GCP-Mamba (additive prior),13,0.0025583022648017063,0.0031532503198832273
3,GCP-Mamba (additive prior),14,0.0025924152172537465,0.0031859460286796093
3,GCP-Mamba (additive prior),15,0.0025537401423648453,0.003365924581885338
3,GCP-Mamba (additive prior),16,0.0025051616336868115,0.0031367000192403793
3,GCP-Mamba (additive prior),17,0.0024597157837089262,0.0032668421044945717
3,GCP-Mamba (additive prior),18,0.0024324854391373015,0.0033971259836107492
3,GCP-Mamba (additive prior),19,0.002428910137633934,0.0034457684960216284
3,GCP-Mamba (additive prior),20,0.0024059219532787347,0.0035668087657541037
3,GCP-Mamba (additive prior),21,0.002397420428072413,0.0036487821489572525
3,GCP-Mamba (additive prior),22,0.0023588566850362854,0.003913122229278088
3,GCP-Mamba (additive prior),23,0.0023050293834372,0.003796240082010627
3,GCP-Mamba (additive prior),24,0.0023186951875686646,0.00473701860755682
3,GCP-Mamba (additive prior),25,0.0024921092324692645,0.0035159934777766466
3,GCP-Mamba (additive prior),26,0.0023784106667859087,0.003646988421678543
3,GCP-Mamba (additive prior),27,0.002266396020510883,0.00410641822963953
3,GCP-Mamba (additive prior),28,0.0022716117056199546,0.00443224934861064
3,GCP-Mamba (additive prior),29,0.0021421600373066735,0.003702790243551135
3,GCP-Mamba (additive prior),30,0.0021288825664669275,0.004631922580301762
3,GCP-Mamba (additive prior),31,0.0021753718293356624,0.0036899123806506395
3,GCP-Mamba (additive prior),32,0.001983754749579186,0.00432162918150425
3,GCP-Mamba (additive prior),33,0.0018795720005238597,0.003866747720167041
3,GCP-Mamba (additive prior),34,0.0018123512290361705,0.0050306194461882114
3,GCP-Mamba (additive prior),35,0.001812850643711334,0.003666775533929467
3,GCP-Mamba (additive prior),36,0.0018876925019095793,0.004403159487992525
3,GCP-Mamba (additive prior),37,0.0019399447976893773,0.003977794665843248
3,GCP-Mamba (additive prior),38,0.001756973776289008,0.004898455925285816
3,GCP-Mamba (additive prior),39,0.0017128738549989507,0.004106545355170965
3,Mamba (additive prior),0,0.002971316080991969,0.002939505036920309
3,Mamba (additive prior),1,0.0029537897013748684,0.0026895576156675816
3,Mamba (additive prior),2,0.002901080956993004,0.002867526840418577
3,Mamba (additive prior),3,0.0030095940738013296,0.0028758924454450607
3,Mamba (additive prior),4,0.002869462904830774,0.0028619091026484966
3,Mamba (additive prior),5,0.0028828703163361006,0.0028248245362192392
3,Mamba (additive prior),6,0.0027899928320425024,0.0028278606478124857
3,Mamba (additive prior),7,0.002749929797242988,0.0028361505828797817
3,Mamba (additive prior),8,0.0027315359294527407,0.0030325432308018208
3,Mamba (additive prior),9,0.0027176165656948633,0.0029610185883939266
3,Mamba (additive prior),10,0.002709834268457736,0.003013454843312502
3,Mamba (additive prior),11,0.00260233730218853,0.0031565530225634575
3,Mamba (additive prior),12,0.0025790984897563853,0.003226997796446085
3,Mamba (additive prior),13,0.0025531033223325558,0.003208978334441781
3,Mamba (additive prior),14,0.0025409856162062197,0.0035259202122688293
3,Mamba (additive prior),15,0.002469328436718294,0.003422684269025922
3,Mamba (additive prior),16,0.0024998459407608166,0.0034195035696029663
3,Mamba (additive prior),17,0.002580936599494607,0.0034754551015794277
3,Mamba (additive prior),18,0.002447286497265326,0.0031627046409994364
3,Mamba (additive prior),19,0.002390576907518235,0.003504211315885186
3,Mamba (additive prior),20,0.0023143864765932613,0.003577412571758032
3,Mamba (additive prior),21,0.0022368842425445714,0.003412273246794939
3,Mamba (additive prior),22,0.002131557407803043,0.004067793022841215
3,Mamba (additive prior),23,0.002282933233249368,0.003215290140360594
3,Mamba (additive prior),24,0.0022104388617938666,0.00324108824133873
3,Mamba (additive prior),25,0.0021974053092752442,0.003215812612324953
3,Mamba (additive prior),26,0.002027911077620405,0.0037911704275757074
3,Mamba (additive prior),27,0.002055724243153677,0.0030906316824257374
3,Mamba (additive prior),28,0.0021820153660056267,0.003632661420851946
3,Mamba (additive prior),29,0.0021656337458725,0.003176085650920868
3,Mamba (additive prior),30,0.0020465304383612943,0.0037699423264712095
3,Mamba (additive prior),31,0.0018670134154628172,0.003344354685395956
3,Mamba (additive prior),32,0.001831898236449695,0.003918692469596863
3,Mamba (additive prior),33,0.0018529595743695443,0.003562862752005458
3,Mamba (additive prior),34,0.0017701978442456686,0.003755974816158414
3,Mamba (additive prior),35,0.0016525809328551545,0.0035613642539829016
3,Mamba (additive prior),36,0.001594841201563902,0.004011405166238546
3,Mamba (additive prior),37,0.001686304130337455,0.0037574172019958496
3,Mamba (additive prior),38,0.0017052277442858074,0.004208036232739687
3,Mamba (additive prior),39,0.0017143885894311648,0.004066966939717531
4,GCP-Mamba (additive prior),0,0.002979458134668283,0.002456976566463709
4,GCP-Mamba (additive prior),1,0.0029198004723452837,0.0023589548654854298
4,GCP-Mamba (additive prior),2,0.00286989782521461,0.002321910811588168
4,GCP-Mamba (additive prior),3,0.002822469770841354,0.002321696374565363
4,GCP-Mamba (additive prior),4,0.0028031681339330166,0.0023537627421319485
4,GCP-Mamba (additive prior),5,0.002762230863566879,0.002377803437411785
4,GCP-Mamba (additive prior),6,0.0027392341808931864,0.002340190578252077
4,GCP-Mamba (additive prior),7,0.002714959547767858,0.0022823659237474203
4,GCP-Mamba (additive prior),8,0.0027007951046065463,0.0023312545381486416
4,GCP-Mamba (additive prior),9,0.0026622515552000496,0.0023604468442499638
4,GCP-Mamba (additive prior),10,0.0026535888021584036,0.0022764955647289753
4,GCP-Mamba (additive prior),11,0.002608228204755126,0.002316070720553398
4,GCP-Mamba (additive prior),12,0.002620793155414595,0.0024638783652335405
4,GCP-Mamba (additive prior),13,0.00264031750237127,0.0021943743340671062
4,GCP-Mamba (additive prior),14,0.002565759383208996,0.002285851165652275
4,GCP-Mamba (additive prior),15,0.0025821561663806865,0.002331771422177553
4,GCP-Mamba (additive prior),16,0.0025934058948413287,0.002244061091914773
4,GCP-Mamba (additive prior),17,0.0024972471405195888,0.002179750707000494
4,GCP-Mamba (additive prior),18,0.0024511502157869955,0.0021940183360129595
4,GCP-Mamba (additive prior),19,0.0024134565275430466,0.0021944954060018063
4,GCP-Mamba (additive prior),20,0.0023739654168808202,0.0022683553397655487
4,GCP-Mamba (additive prior),21,0.0024557141093001196,0.0022787516936659813
4,GCP-Mamba (additive prior),22,0.0023384090938451266,0.0025135627947747707
4,GCP-Mamba (additive prior),23,0.0023824752027021465,0.002206710632890463
4,GCP-Mamba (additive prior),24,0.0021544292622761763,0.0022484876681119204
4,GCP-Mamba (additive prior),25,0.0021000610088272916,0.0022539636120200157
4,GCP-Mamba (additive prior),26,0.0028129997303066173,0.00239201495423913
4,GCP-Mamba (additive prior),27,0.0024588861529507653,0.0022907231468707323
4,GCP-Mamba (additive prior),28,0.0022838377576361564,0.002264652168378234
4,GCP-Mamba (additive prior),29,0.0021904834258041793,0.002252117730677128
4,GCP-Mamba (additive prior),30,0.002117135770963974,0.0022427907679229975
4,GCP-Mamba (additive prior),31,0.002017120686661211,0.0023238584399223328
4,GCP-Mamba (additive prior),32,0.001935849189021283,0.0025325960014015436
4,GCP-Mamba (additive prior),33,0.0018574724948743908,0.0026858835481107235
4,GCP-Mamba (additive prior),34,0.0018841150173207195,0.002591850468888879
4,GCP-Mamba (additive prior),35,0.002129069427296305,0.0026363618671894073
4,GCP-Mamba (additive prior),36,0.00215887631416964,0.002556507010012865
4,GCP-Mamba (additive prior),37,0.002018726871369018,0.002675811294466257
4,GCP-Mamba (additive prior),38,0.0017936600258292483,0.0028035235591232777
4,GCP-Mamba (additive prior),39,0.0017819260875191942,0.0025386472698301077
4,Mamba (additive prior),0,0.0030291088833306118,0.0024490084033459425
4,Mamba (additive prior),1,0.002908083037372759,0.0023753235582262278
4,Mamba (additive prior),2,0.002856964846778152,0.002346994820982218
4,Mamba (additive prior),3,0.002830840409364846,0.0023109414614737034
4,Mamba (additive prior),4,0.0028124086444916057,0.002326659858226776
4,Mamba (additive prior),5,0.0027836259561691353,0.0023068657610565424
4,Mamba (additive prior),6,0.0027728301804619943,0.0022395728155970573
4,Mamba (additive prior),7,0.0027565460613587028,0.002322420245036483
4,Mamba (additive prior),8,0.00270388751431442,0.002291988581418991
4,Mamba (additive prior),9,0.002694442926859148,0.0021871901117265224
4,Mamba (additive prior),10,0.0026836082315836235,0.0022491589188575745
4,Mamba (additive prior),11,0.0026268600251713246,0.002242240821942687
4,Mamba (additive prior),12,0.002600722996477815,0.0023442450910806656
4,Mamba (additive prior),13,0.0025995527980380135,0.0022339350543916225
4,Mamba (additive prior),14,0.002567494649895661,0.0021307619754225016
4,Mamba (additive prior),15,0.002540886817540196,0.0022566174156963825
4,Mamba (additive prior),16,0.002388403821307764,0.002184557029977441
4,Mamba (additive prior),17,0.002400315715093836,0.0034524383954703808
4,Mamba (additive prior),18,0.0026945505406801326,0.002339528873562813
4,Mamba (additive prior),19,0.002542322524153232,0.0023269185330718756
4,Mamba (additive prior),20,0.00238673223882726,0.0023450807202607393
4,Mamba (additive prior),21,0.0022112993429676234,0.0023126783780753613
4,Mamba (additive prior),22,0.002120592865905316,0.0022276118397712708
4,Mamba (additive prior),23,0.0020186541834008617,0.002226317534223199
4,Mamba (additive prior),24,0.001962112251119755,0.0022513526491820812
4,Mamba (additive prior),25,0.002089429671856032,0.0025437064468860626
4,Mamba (additive prior),26,0.0019543753901710933,0.002311684424057603
4,Mamba (additive prior),27,0.001922905053139376,0.002408970147371292
4,Mamba (additive prior),28,0.0017683666941488711,0.002830535639077425
4,Mamba (additive prior),29,0.002041695527263361,0.0023676566779613495
4,Mamba (additive prior),30,0.0019920482182969076,0.002397279953584075
4,Mamba (additive prior),31,0.0018894981329912225,0.0022535198368132114
4,Mamba (additive prior),32,0.0018294841644066057,0.0022065010853111744
4,Mamba (additive prior),33,0.001785345978552489,0.002216887893155217
4,Mamba (additive prior),34,0.001906087111159087,0.0022742676082998514
4,Mamba (additive prior),35,0.0017973808990456432,0.002522215712815523
4,Mamba (additive prior),36,0.001701542564078147,0.002491391496732831
4,Mamba (additive prior),37,0.0016056980352292655,0.002622014842927456
4,Mamba (additive prior),38,0.0015603950198592364,0.002368710935115814
4,Mamba (additive prior),39,0.0015560244327317253,0.0031016061548143625
5,GCP-Mamba (Delta only),0,0.002930943281031572,0.0038758276496082544
5,GCP-Mamba (Delta only),1,0.0028825431506937513,0.0037454254925251007
5,GCP-Mamba (Delta only),2,0.002753691325107446,0.003807287896052003
5,GCP-Mamba (Delta only),3,0.0026332418935803266,0.0038207820616662502
5,GCP-Mamba (Delta only),4,0.0025565715506672857,0.003904778277501464
5,GCP-Mamba (Delta only),5,0.0025223942330250375,0.0037249308079481125
5,GCP-Mamba (Delta only),6,0.0025272334890010266,0.003829218214377761
5,GCP-Mamba (Delta only),7,0.0024157354357437445,0.0038705046754330397
5,GCP-Mamba (Delta only),8,0.0023475210540569746,0.0036864636931568384
5,GCP-Mamba (Delta only),9,0.002220982818219524,0.003706035204231739
5,GCP-Mamba (Delta only),10,0.0022031550116550463,0.0038070501759648323
5,GCP-Mamba (Delta only),11,0.0022499303351371336,0.0037496942095458508
5,GCP-Mamba (Delta only),12,0.002040846454194532,0.003873958718031645
5,GCP-Mamba (Delta only),13,0.0019283532254541149,0.0038594205398112535
5,GCP-Mamba (Delta only),14,0.0018736080660556372,0.004028270952403545
5,GCP-Mamba (Delta only),15,0.001888743993969491,0.003920233808457851
5,GCP-Mamba (Delta only),16,0.001783001871081069,0.0039005430880934
5,GCP-Mamba (Delta only),17,0.001772122625977947,0.003754064440727234
5,GCP-Mamba (Delta only),18,0.0017190296238718125,0.003846216481178999
5,GCP-Mamba (Delta only),19,0.0018513388985481399,0.0039685009978711605
5,GCP-Mamba (Delta only),20,0.001789374382664951,0.0035683417227119207
5,GCP-Mamba (Delta only),21,0.0017172553863089818,0.003839121200144291
5,GCP-Mamba (Delta only),22,0.001688328285056811,0.0038309006486088037
5,GCP-Mamba (Delta only),23,0.001695676541958864,0.00384587817825377
5,GCP-Mamba (Delta only),24,0.0017259079022691227,0.0038337495643645525
5,GCP-Mamba (Delta only),25,0.001709179963486699,0.003924796357750893
5,GCP-Mamba (Delta only),26,0.0016541413640460143,0.0038859033957123756
5,GCP-Mamba (Delta only),27,0.001600672032397527,0.003687996417284012
5,GCP-Mamba (Delta only),28,0.0015331746267083172,0.003776742611080408
5,GCP-Mamba (Delta only),29,0.0015032780911916723,0.0036849097814410925
5,GCP-Mamba (Delta only),30,0.0014779324643313884,0.0037698843516409397
5,GCP-Mamba (Delta only),31,0.0014600803806947974,0.003669158788397908
5,GCP-Mamba (Delta only),32,0.001511694910004735,0.0037416734267026186
5,GCP-Mamba (Delta only),33,0.001538345437998382,0.0036511621437966824
5,GCP-Mamba (Delta only),34,0.0014478315276881823,0.003643307602033019
5,GCP-Mamba (Delta only),35,0.001520437295906819,0.0035733324475586414
5,GCP-Mamba (Delta only),36,0.0015036145081886879,0.003744952380657196
5,GCP-Mamba (Delta only),37,0.0016676124937545795,0.00417214585468173
5,GCP-Mamba (Delta only),38,0.001691630448644551,0.003667582757771015
5,GCP-Mamba (Delta only),39,0.00148972356871057,0.003836996853351593
5,GCP-Mamba (perm. graph),0,0.0031921144753981096,0.0037905091885477304
5,GCP-Mamba (perm. graph),1,0.0028182078224535173,0.0038396422751247883
5,GCP-Mamba (perm. graph),2,0.002714136858972219,0.003780208993703127
5,GCP-Mamba (perm. graph),3,0.0025947156380145596,0.003896818496286869
5,GCP-Mamba (perm. graph),4,0.002554026276517946,0.00390984769910574
5,GCP-Mamba (perm. graph),5,0.002521596297335166,0.0039003936108201742
5,GCP-Mamba (perm. graph),6,0.0024073908392053386,0.004258100874722004
5,GCP-Mamba (perm. graph),7,0.0023397885746537493,0.00405736593529582
5,GCP-Mamba (perm. graph),8,0.0022379793925210835,0.004069488495588303
5,GCP-Mamba (perm. graph),9,0.0021511158511902276,0.004172884859144688
5,GCP-Mamba (perm. graph),10,0.0021785628158026015,0.004612508229911327
5,GCP-Mamba (perm. graph),11,0.002049130749387237,0.004068468231707811
5,GCP-Mamba (perm. graph),12,0.0019603146598316155,0.004292577039450407
5,GCP-Mamba (perm. graph),13,0.0018969439910366558,0.004208493512123823
5,GCP-Mamba (perm. graph),14,0.001852651832338709,0.004392744041979313
5,GCP-Mamba (perm. graph),15,0.0019308300223201513,0.00420454703271389
5,GCP-Mamba (perm. graph),16,0.002005140304278869,0.004164470825344324
5,GCP-Mamba (perm. graph),17,0.0018585773650556803,0.003940419293940067
5,GCP-Mamba (perm. graph),18,0.0017544477501919922,0.004204388242214918
5,GCP-Mamba (perm. graph),19,0.0017134740483015776,0.00420566089451313
5,GCP-Mamba (perm. graph),20,0.0017605880060448096,0.004120137542486191
5,GCP-Mamba (perm. graph),21,0.0017378367107504836,0.00414889445528388
5,GCP-Mamba (perm. graph),22,0.001667003374761687,0.004214033484458923
5,GCP-Mamba (perm. graph),23,0.0017111304932488844,0.0049333758652210236
5,GCP-Mamba (perm. graph),24,0.001903034345461772,0.004192831926047802
5,GCP-Mamba (perm. graph),25,0.001684575599546616,0.004078084137290716
5,GCP-Mamba (perm. graph),26,0.0016068287014674681,0.0041036223992705345
5,GCP-Mamba (perm. graph),27,0.0015698652553300446,0.004173872992396355
5,GCP-Mamba (perm. graph),28,0.0015098226811880102,0.004087171982973814
5,GCP-Mamba (perm. graph),29,0.001511972496071114,0.003997537773102522
5,GCP-Mamba (perm. graph),30,0.0016458513734575648,0.004240829963237047
5,GCP-Mamba (perm. graph),31,0.0017557636136189103,0.0040710424073040485
5,GCP-Mamba (perm. graph),32,0.0016886199546906238,0.0038769403472542763
5,GCP-Mamba (perm. graph),33,0.001562016697313923,0.003963349852710962
5,GCP-Mamba (perm. graph),34,0.0014454937325074123,0.003858062671497464
5,GCP-Mamba (perm. graph),35,0.0014326920141824163,0.003800909034907818
5,GCP-Mamba (perm. graph),36,0.001408310064401191,0.004170513246208429
5,GCP-Mamba (perm. graph),37,0.0014007693873001978,0.0039865984581410885
5,GCP-Mamba (perm. graph),38,0.0014008081437518391,0.003990821074694395
5,GCP-Mamba (perm. graph),39,0.0013475386819873864,0.003933821339160204
5,GCP-Mamba (random order),0,0.0031624541725390233,0.003800582606345415
5,GCP-Mamba (random order),1,0.002786224579008726,0.0038072115276008844
5,GCP-Mamba (random order),2,0.002695908173560523,0.0037678333465009928
5,GCP-Mamba (random order),3,0.0026374992771217454,0.003775282995775342
5,GCP-Mamba (random order),4,0.002593451258368217,0.003898562164977193
5,GCP-Mamba (random order),5,0.0024884017685858103,0.003911809995770454
5,GCP-Mamba (random order),6,0.0024477238695208843,0.0037601853255182505
5,GCP-Mamba (random order),7,0.0024781542597338557,0.003982069902122021
5,GCP-Mamba (random order),8,0.0023892694582732825,0.004017945844680071
5,GCP-Mamba (random order),9,0.0022037960015810452,0.003917711786925793
5,GCP-Mamba (random order),10,0.002072021409940834,0.004004240036010742
5,GCP-Mamba (random order),11,0.0019590959293194687,0.004121940117329359
5,GCP-Mamba (random order),12,0.0019351008491447338,0.004176984075456858
5,GCP-Mamba (random order),13,0.0019836844661487983,0.004013008903712034
5,GCP-Mamba (random order),14,0.0018744476712667026,0.003811284899711609
5,GCP-Mamba (random order),15,0.00183374139910134,0.004202803131192923
5,GCP-Mamba (random order),16,0.0018361423522807085,0.004208088852465153
5,GCP-Mamba (random order),17,0.0019479723002475042,0.004049197770655155
5,GCP-Mamba (random order),18,0.0017980089840980676,0.004058266058564186
5,GCP-Mamba (random order),19,0.0016980887892154546,0.0040974183939397335
5,GCP-Mamba (random order),20,0.0016819993678766948,0.00389291369356215
5,GCP-Mamba (random order),21,0.001657691687488785,0.004011478740721941
5,GCP-Mamba (random order),22,0.0016145377948235434,0.0038805226795375347
5,GCP-Mamba (random order),23,0.001605695546962894,0.003863440128043294
5,GCP-Mamba (random order),24,0.00164669777195041,0.0039733764715492725
5,GCP-Mamba (random order),25,0.0016735956735479144,0.0036682202480733395
5,GCP-Mamba (random order),26,0.0016018687568318385,0.004041245207190514
5,GCP-Mamba (random order),27,0.0015626002944862613,0.0038581874687224627
5,GCP-Mamba (random order),28,0.0015938988653942943,0.003803232219070196
5,GCP-Mamba (random order),29,0.0015489723676672348,0.0037569687701761723
5,GCP-Mamba (random order),30,0.001501984543238695,0.0038139228709042072
5,GCP-Mamba (random order),31,0.001507591363042593,0.0035422558430582285
5,GCP-Mamba (random order),32,0.0015283670491324022,0.0038196982350200415
5,GCP-Mamba (random order),33,0.0014210665759702141,0.0038477666676044464
5,GCP-Mamba (random order),34,0.00138739228176956,0.0036210508551448584
5,GCP-Mamba (random order),35,0.0016360151366545603,0.0035610939376056194
5,GCP-Mamba (random order),36,0.001505552764193943,0.0039610364474356174
5,GCP-Mamba (random order),37,0.0013848413543130916,0.0036702631041407585
5,GCP-Mamba (random order),38,0.0013648228209394101,0.00379911414347589
5,GCP-Mamba (random order),39,0.0013169949390710546,0.003520381171256304
5,GCP-Mamba (random order),40,0.0012726156524597452,0.0037378587294369936
5,GCP-Mamba (random order),41,0.001327465005362263,0.0035986152943223715
5,GCP-Mamba (random order),42,0.0012542052695957513,0.003730515716597438
5,GCP-Mamba (random order),43,0.0012477544046795139,0.0035567174199968576
5,GCP-Mamba (random order),44,0.0013615811530214089,0.003650039667263627
5,GCP-Mamba (random order),45,0.0015259826896139063,0.0036988784559071064
5,GCP-Mamba (random order),46,0.0015036305958906618,0.004011922515928745
5,GCP-Mamba (random order),47,0.001415211454821894,0.003478612285107374
5,GCP-Mamba (random order),48,0.0014497743364280233,0.0037102345377206802
5,GCP-Mamba (random order),49,0.0013471479241091472,0.003395871492102742
5,GCP-Mamba (random order),50,0.0012386493832589342,0.0036047124303877354
5,GCP-Mamba (random order),51,0.0012313250438847508,0.0035362981725484133
5,GCP-Mamba (random order),52,0.0012634654027911332,0.0034403952304273844
5,GCP-Mamba (random order),53,0.0012514843354718044,0.003700095461681485
5,GCP-Mamba (random order),54,0.0011885519255883993,0.00352314836345613
5,GCP-Mamba (random order),55,0.0011335377885888403,0.0035815744195133448
5,GCP-Mamba (random order),56,0.0010831824073997828,0.003524928819388151
5,GCP-Mamba (random order),57,0.001104352718147521,0.003655975218862295
5,GCP-Mamba (random order),58,0.001096703344060538,0.003515445627272129
5,GCP-Mamba (random order),59,0.0011389788956596301,0.0036554504185914993
5,GCP-Mamba (random order),60,0.001359200354020756,0.003817635588347912
5,GCP-Mamba (random order),61,0.0012142937308034071,0.003475300269201398
5,GCP-Mamba (random order),62,0.0012706322488016807,0.0038482549134641886
5,GCP-Mamba (random order),63,0.001175255393340754,0.0034620885271579027
5,GCP-Mamba (random order),64,0.0010722809954761313,0.0035410076379776
5,Mamba (no graph),0,0.0031108901298676547,0.004089028108865023
5,Mamba (no graph),1,0.0028540530456946447,0.0038474213797599077
5,Mamba (no graph),2,0.002715083689858707,0.003811637870967388
5,Mamba (no graph),3,0.002717148716776417,0.003832894377410412
5,Mamba (no graph),4,0.00291995217737097,0.003825783496722579
5,Mamba (no graph),5,0.0026058540321313418,0.004066502675414085
5,Mamba (no graph),6,0.002615284228410858,0.00394138740375638
5,Mamba (no graph),7,0.0025312828688094247,0.0038457985501736403
5,Mamba (no graph),8,0.002311384565053651,0.0039977505803108215
5,Mamba (no graph),9,0.002234111006300037,0.0038941188249737024
5,Mamba (no graph),10,0.002124818957124192,0.003828374668955803
5,Mamba (no graph),11,0.002071206450748902,0.003959398251026869
5,Mamba (no graph),12,0.002037454743941243,0.0039949058555066586
5,Mamba (no graph),13,0.001954343291715934,0.004204237833619118
5,Mamba (no graph),14,0.0019092455121258703,0.003939836751669645
5,Mamba (no graph),15,0.0018429815563229988,0.004087092354893684
5,Mamba (no graph),16,0.0018605551592862377,0.004260894376784563
5,Mamba (no graph),17,0.0018154048289243992,0.003916619345545769
5,Mamba (no graph),18,0.0018131921014103753,0.004035751800984144
5,Mamba (no graph),19,0.001703556404950527,0.003935571759939194
5,Mamba (no graph),20,0.0016691391033908495,0.0037238942459225655
5,Mamba (no graph),21,0.0016629608813673257,0.00422691972926259
5,Mamba (no graph),22,0.0016303040015582856,0.003788422327488661
5,Mamba (no graph),23,0.0015792561838260063,0.004001537337899208
5,Mamba (no graph),24,0.0015116314188792154,0.0037858434952795506
5,Mamba (no graph),25,0.0014630118411822388,0.0036557011771947145
5,Mamba (no graph),26,0.0015389212819102865,0.0038631793577224016
5,Mamba (no graph),27,0.0014947250861531266,0.00362534262239933
5,Mamba (no graph),28,0.0014289695518807724,0.0036700854543596506
5,Mamba (no graph),29,0.0013928097556345164,0.003834105795249343
5,Mamba (no graph),30,0.001462166401772545,0.003635325003415346
5,Mamba (no graph),31,0.001468176630218155,0.0036885926965624094
5,Mamba (no graph),32,0.0014112842788633246,0.003512063529342413
5,Mamba (no graph),33,0.0013334329705685377,0.003748484654352069
5,Mamba (no graph),34,0.0012714238855271384,0.003526213811710477
5,Mamba (no graph),35,0.0012753799548730828,0.003808804089203477
5,Mamba (no graph),36,0.0013691902411385225,0.003611322958022356
5,Mamba (no graph),37,0.0014053316285403876,0.003680662950500846
5,Mamba (no graph),38,0.0013272958933017575,0.0036551307421177626
5,Mamba (no graph),39,0.0013187763173706257,0.0036775695625692606
5,Mamba (no graph),40,0.001410995604685293,0.0035471932496875525
5,Mamba (no graph),41,0.0013569503986778167,0.003655231324955821
5,Mamba (no graph),42,0.0012304614732364335,0.003531023859977722
5,Mamba (no graph),43,0.0012114587938413025,0.0034725975710898638
5,Mamba (no graph),44,0.0012542092035381267,0.0035562089178711176
5,Mamba (no graph),45,0.0012116633355617524,0.0034194225445389748
5,Mamba (no graph),46,0.001146946967436144,0.003451018827036023
5,Mamba (no graph),47,0.001108893966123175,0.003535853000357747
5,Mamba (no graph),48,0.0011499556712806225,0.0035837057512253523
5,Mamba (no graph),49,0.0011242305483812323,0.0035789040848612785
5,Mamba (no graph),50,0.0010812970146966668,0.003397328546270728
5,Mamba (no graph),51,0.0010721855340167306,0.003477958496659994
5,Mamba (no graph),52,0.0010680498510527497,0.003582649165764451
5,Mamba (no graph),53,0.0010592052175735051,0.0033410985488444567
5,Mamba (no graph),54,0.0011041313221749778,0.003510046983137727
5,Mamba (no graph),55,0.001015883361777434,0.0035556235816329718
5,Mamba (no graph),56,0.0010050883462939125,0.0034966690000146627
5,Mamba (no graph),57,0.0009897994790942623,0.0034975348971784115
5,Mamba (no graph),58,0.0010096420999616384,0.0035311703104525805
5,Mamba (no graph),59,0.0010750004591850134,0.0036296513862907887
5,Mamba (no graph),60,0.0010659671424386593,0.0034096315503120422
5,Mamba (no graph),61,0.0010086973063432826,0.0034298154059797525
5,Mamba (no graph),62,0.0009720186819322408,0.003374330000951886
5,Mamba (no graph),63,0.0009332026149002978,0.0034815932158380747
5,Mamba (no graph),64,0.0009478841353064546,0.0033852974884212017
5,Mamba (no graph),65,0.0009229661287883153,0.003473496763035655
5,Mamba (no graph),66,0.0009409596391308766,0.003387046977877617
5,Mamba (no graph),67,0.0009262896698111525,0.0033856930676847696
5,Mamba (no graph),68,0.0009483004436613275,0.0034769251942634583
5,Graph-MLP (no scan),0,0.0029241037769959523,0.003872670466080308
5,Graph-MLP (no scan),1,0.00281091621862008,0.003769427537918091
5,Graph-MLP (no scan),2,0.0026849240637742554,0.0037338384427130222
5,Graph-MLP (no scan),3,0.002577941349815004,0.003924915567040443
5,Graph-MLP (no scan),4,0.002588312428158063,0.0038730227388441563
5,Graph-MLP (no scan),5,0.002511445855578551,0.004019427113234997
5,Graph-MLP (no scan),6,0.002323778815424213,0.004011270124465227
5,Graph-MLP (no scan),7,0.0022467113995494753,0.004012898076325655
5,Graph-MLP (no scan),8,0.0022766912553029567,0.003850767854601145
5,Graph-MLP (no scan),9,0.0022923897844381058,0.003969508223235607
5,Graph-MLP (no scan),10,0.0021329081474015348,0.004075372125953436
5,Graph-MLP (no scan),11,0.0021715534367383674,0.0037999271880835295
5,Graph-MLP (no scan),12,0.002023705349375422,0.004142154008150101
5,Graph-MLP (no scan),13,0.001981714339210437,0.004242394585162401
5,Graph-MLP (no scan),14,0.001930848713247822,0.00392839265987277
5,Graph-MLP (no scan),15,0.0018532144640070888,0.004056678153574467
5,Graph-MLP (no scan),16,0.0018389754937603497,0.003963482566177845
5,Graph-MLP (no scan),17,0.0019295317801431967,0.003933600150048733
5,Graph-MLP (no scan),18,0.0019182977517350362,0.0040558199398219585
5,Graph-MLP (no scan),19,0.0018413855962885115,0.003988124895840883
5,Graph-MLP (no scan),20,0.0017787915421649814,0.003917142283171415
5,Graph-MLP (no scan),21,0.0016861376943639837,0.003899682778865099
5,Graph-MLP (no scan),22,0.0016908336180047347,0.003889234270900488
5,Graph-MLP (no scan),23,0.0017005490980899105,0.003899352392181754
5,Graph-MLP (no scan),24,0.00171362401631016,0.004001774359494448
5,Graph-MLP (no scan),25,0.0020594413625076415,0.003413079073652625
5,Graph-MLP (no scan),26,0.0018099365899196039,0.0039961994625627995
5,Graph-MLP (no scan),27,0.0016577829087439638,0.0035643025767058134
5,Graph-MLP (no scan),28,0.0015719861996610863,0.0036569416988641024
5,Graph-MLP (no scan),29,0.0015290543866845277,0.003661135211586952
5,Graph-MLP (no scan),30,0.0015435441235940044,0.0037076137959957123
5,Graph-MLP (no scan),31,0.0015034712063005337,0.0037752497009932995
5,Graph-MLP (no scan),32,0.001555503414084132,0.0035794456489384174
5,Graph-MLP (no scan),33,0.0014969008867270672,0.0036566832568496466
5,Graph-MLP (no scan),34,0.001507067066939691,0.0037016577553004026
5,Graph-MLP (no scan),35,0.0014219469704235402,0.0035746456123888493
5,Graph-MLP (no scan),36,0.0013978063988570983,0.0037038528826087713
5,Graph-MLP (no scan),37,0.0014638665311325055,0.00346539169549942
5,Graph-MLP (no scan),38,0.0015837351393062048,0.003662021830677986
5,Graph-MLP (no scan),39,0.001578446076466487,0.0035868047270923853
5,Graph-MLP (no scan),40,0.001490172500220629,0.003594527021050453
5,GCP-Mamba (additive prior),0,0.002542925146050178,0.002632713411003351
5,GCP-Mamba (additive prior),1,0.0022569569579970377,0.0026337523013353348
5,GCP-Mamba (additive prior),2,0.002194896415592386,0.002566044218838215
5,GCP-Mamba (additive prior),3,0.002169348120402831,0.0026141158305108547
5,GCP-Mamba (additive prior),4,0.0021481531815460094,0.002574620535597205
5,GCP-Mamba (additive prior),5,0.0021230951005306383,0.0025944795925170183
5,GCP-Mamba (additive prior),6,0.0021001916074265656,0.0026026819832623005
5,GCP-Mamba (additive prior),7,0.002076526082908878,0.002637969795614481
5,GCP-Mamba (additive prior),8,0.0020225794072477863,0.00260771531611681
5,GCP-Mamba (additive prior),9,0.0020173064827059325,0.0029389972332865
5,GCP-Mamba (additive prior),10,0.0020106499683326825,0.002771007362753153
5,GCP-Mamba (additive prior),11,0.0019722448876844,0.0026811256539076567
5,GCP-Mamba (additive prior),12,0.001979741772923332,0.002796489279717207
5,GCP-Mamba (additive prior),13,0.0018780909272698829,0.002727572340518236
5,GCP-Mamba (additive prior),14,0.0018546611751214816,0.002743327524513006
5,GCP-Mamba (additive prior),15,0.0018259319369322978,0.0027625039219856262
5,GCP-Mamba (additive prior),16,0.001823783332768541,0.0028409729711711407
5,GCP-Mamba (additive prior),17,0.0018473570378353963,0.0028006115462630987
5,GCP-Mamba (additive prior),18,0.0018289225498357643,0.002884108340367675
5,GCP-Mamba (additive prior),19,0.0018079178909269663,0.0029114296194165945
5,GCP-Mamba (additive prior),20,0.0017293413921904105,0.0029448773711919785
5,GCP-Mamba (additive prior),21,0.0017224357606699834,0.002861533546820283
5,GCP-Mamba (additive prior),22,0.00169455419975118,0.0028906255029141903
5,GCP-Mamba (additive prior),23,0.0016592305117788223,0.0028970185667276382
5,GCP-Mamba (additive prior),24,0.0016988758105211533,0.002981628989800811
5,GCP-Mamba (additive prior),25,0.0016648385369290525,0.003031465457752347
5,GCP-Mamba (additive prior),26,0.0016907184223572795,0.0029810902196913958
5,GCP-Mamba (additive prior),27,0.0016292613214598252,0.003195031313225627
5,GCP-Mamba (additive prior),28,0.0015897710144949647,0.002928195521235466
5,GCP-Mamba (additive prior),29,0.001550155643445368,0.0031671489123255014
5,GCP-Mamba (additive prior),30,0.0015105470800055908,0.0032413185108453035
5,GCP-Mamba (additive prior),31,0.0015696011474714256,0.0031942331697791815
5,GCP-Mamba (additive prior),32,0.001528855655879642,0.0032957447692751884
5,GCP-Mamba (additive prior),33,0.001487508681244575,0.003194476943463087
5,GCP-Mamba (additive prior),34,0.0014849199913442134,0.003030590945854783
5,GCP-Mamba (additive prior),35,0.001456891168625309,0.003028793493285775
5,GCP-Mamba (additive prior),36,0.0014219733170018746,0.0032933419570326805
5,GCP-Mamba (additive prior),37,0.0014160548408444112,0.0032970975153148174
5,GCP-Mamba (additive prior),38,0.001432133150788454,0.0033272933214902878
5,GCP-Mamba (additive prior),39,0.0014028262123107337,0.0032051766756922007
5,Mamba (additive prior),0,0.0024615524157595176,0.002700219862163067
5,Mamba (additive prior),1,0.0022949414721761758,0.002617228776216507
5,Mamba (additive prior),2,0.002213149075396359,0.002591669326648116
5,Mamba (additive prior),3,0.002196496963286056,0.0026633869856595993
5,Mamba (additive prior),4,0.00221153308207599,0.0026163728907704353
5,Mamba (additive prior),5,0.0021900298682829508,0.0026926782447844744
5,Mamba (additive prior),6,0.0021706027229531455,0.00276506831869483
5,Mamba (additive prior),7,0.002121118556421537,0.0026673164684325457
5,Mamba (additive prior),8,0.002074449958028988,0.0026996033266186714
5,Mamba (additive prior),9,0.002040560715473615,0.002854573540389538
5,Mamba (additive prior),10,0.002035574781565139,0.00269712065346539
5,Mamba (additive prior),11,0.0019978932499025875,0.002612064126878977
5,Mamba (additive prior),12,0.0019658889084194714,0.0026951096951961517
5,Mamba (additive prior),13,0.0019355288455979182,0.0028182826936244965
5,Mamba (additive prior),14,0.0019018294397168435,0.00282976683229208
5,Mamba (additive prior),15,0.0018736483806815858,0.0028943128418177366
5,Mamba (additive prior),16,0.0018568386914781653,0.0028196510393172503
5,Mamba (additive prior),17,0.0018096845453748336,0.0029335280414670706
5,Mamba (additive prior),18,0.0018191929852876525,0.0030535287223756313
5,Mamba (additive prior),19,0.0017835475719318941,0.002965011168271303
5,Mamba (additive prior),20,0.0017580307232072721,0.0029578774701803923
5,Mamba (additive prior),21,0.0017327540339185641,0.0029167563188821077
5,Mamba (additive prior),22,0.0017320202215789602,0.002960289129987359
5,Mamba (additive prior),23,0.0016855650796340062,0.0029069988522678614
5,Mamba (additive prior),24,0.0016603386011691049,0.0029060388915240765
5,Mamba (additive prior),25,0.0016710736824629398,0.002946367720142007
5,Mamba (additive prior),26,0.0016808614949695767,0.003081974806264043
5,Mamba (additive prior),27,0.0016118575997937183,0.0029839316848665476
5,Mamba (additive prior),28,0.0016220641107513355,0.0032788454554975033
5,Mamba (additive prior),29,0.001670708412376161,0.0032615363597869873
5,Mamba (additive prior),30,0.0016049678061300745,0.0029373718425631523
5,Mamba (additive prior),31,0.0015254011073221382,0.0032423490192741156
5,Mamba (additive prior),32,0.0015034667449072003,0.0031936827581375837
5,Mamba (additive prior),33,0.0014500702816384057,0.003040413139387965
5,Mamba (additive prior),34,0.0015020495692554575,0.0032059703953564167
5,Mamba (additive prior),35,0.0015982343063045007,0.00324881449341774
5,Mamba (additive prior),36,0.0015696922030586462,0.003385575721040368
5,Mamba (additive prior),37,0.001499316794797778,0.003005729289725423
5,Mamba (additive prior),38,0.0014204812057029743,0.0030656703747808933
5,Mamba (additive prior),39,0.001413314386557501,0.0032110020983964205
